{"categories": [{"id": 0, "name": "body-parts", "supercategory": "none"}, {"id": 1, "name": "Head", "supercategory": "body-parts"}, {"id": 2, "name": "Lower_Arm", "supercategory": "body-parts"}, {"id": 3, "name": "Lower_Leg", "supercategory": "body-parts"}, {"id": 4, "name": "Torso", "supercategory": "body-parts"}, {"id": 5, "name": "Upper_Arm", "supercategory": "body-parts"}, {"id": 6, "name": "Upper_Leg", "supercategory": "body-parts"}], "images": [{"id": 201, "license": 1, "file_name": "23_left2.jpg", "height": 64, "width": 27, "date_captured": "2023-06-08T19:45:40+00:00"}], "annotations": [{"id": 1124, "image_id": 201, "category_id": 1, "bbox": [14, 3, 7.219, 6.199], "area": 44.754, "segmentation": [[16.417, 9.472, 14.291, 7.494, 13.736, 4.939, 15.18, 3.384, 18.623, 3.273, 20.955, 5.716, 20.289, 7.938, 18.29, 9.16]], "iscrowd": 0}, {"id": 1125, "image_id": 201, "category_id": 6, "bbox": [5, 25, 21.213, 11.04], "area": 234.197, "segmentation": [[7.944, 25.444, 12.403, 25.71, 14.514, 25.71, 15.18, 27.71, 16.735, 29.376, 22.177, 30.042, 26.619, 31.486, 25.731, 36.485, 23.176, 35.93, 16.291, 34.819, 8.294, 34.819, 5.407, 31.709, 6.739, 27.599, 7.295, 26.377]], "iscrowd": 0}, {"id": 1126, "image_id": 201, "category_id": 3, "bbox": [19, 36, 6.997, 9.343], "area": 65.374, "segmentation": [[22.944, 36.139, 25.509, 36.929, 24.287, 40.595, 22.066, 43.483, 20.4, 45.482, 18.512, 44.705, 21.621, 40.595]], "iscrowd": 0}, {"id": 1127, "image_id": 201, "category_id": 4, "bbox": [8, 10, 9.207, 15.285], "area": 140.725, "segmentation": [[8.083, 25.444, 14.514, 25.377, 16.179, 20.934, 14.847, 17.38, 16.624, 13.048, 17.29, 12.159, 16.068, 10.159, 13.847, 10.271, 10.515, 12.048, 8.627, 16.602]], "iscrowd": 0}, {"id": 1128, "image_id": 201, "category_id": 5, "bbox": [16, 12, 8.774, 9.379], "area": 82.285, "segmentation": [[17.25, 11.556, 15.846, 15.158, 19.067, 15.602, 20.178, 17.38, 22.732, 20.379, 24.176, 20.934, 24.62, 19.49, 21.288, 14.603]], "iscrowd": 0}, {"id": 1129, "image_id": 201, "category_id": 3, "bbox": [18, 45, 4.7, 8.1], "area": 38.07, "segmentation": [[21, 45.6, 19.7, 48.1, 22.6, 51.7, 20, 52.9, 17.9, 50.1, 19.8, 44.8]], "iscrowd": 0}]}