{"categories": [{"id": 0, "name": "body-parts", "supercategory": "none"}, {"id": 1, "name": "Head", "supercategory": "body-parts"}, {"id": 2, "name": "Lower_Arm", "supercategory": "body-parts"}, {"id": 3, "name": "Lower_Leg", "supercategory": "body-parts"}, {"id": 4, "name": "Torso", "supercategory": "body-parts"}, {"id": 5, "name": "Upper_Arm", "supercategory": "body-parts"}, {"id": 6, "name": "Upper_Leg", "supercategory": "body-parts"}], "images": [{"id": 325, "license": 1, "file_name": "23_left5.jpg", "height": 64, "width": 27, "date_captured": "2023-06-08T19:45:40+00:00"}], "annotations": [{"id": 1820, "image_id": 325, "category_id": 3, "bbox": [18, 44, 5, 20], "area": 100, "segmentation": [[23, 63.5, 21, 61.5, 21, 57.5, 22, 56.5, 22, 44.5, 20.5, 44, 19, 45.5, 19, 48.5, 18, 49.5, 18, 56.5, 19, 57.5, 18, 60.5, 19, 61.5, 19.5, 64]], "iscrowd": 0}, {"id": 1821, "image_id": 325, "category_id": 6, "bbox": [8, 29, 14, 17], "area": 238, "segmentation": [[22, 45.5, 21, 35.5, 18, 32.5, 18, 30.5, 15.5, 30, 14.5, 29, 13.5, 30, 10.5, 30, 9.5, 29, 8, 31.5, 8, 34.5, 9, 36.5, 11.5, 37, 20.5, 46]], "iscrowd": 0}, {"id": 1822, "image_id": 325, "category_id": 4, "bbox": [8, 14, 9, 16], "area": 144, "segmentation": [[14, 29.5, 15, 28.5, 15, 25.5, 17, 24.5, 17, 21.5, 14, 19.5, 14, 18.5, 12, 16.5, 11.5, 14, 8.5, 14, 8, 28.5, 9.5, 30]], "iscrowd": 0}, {"id": 1823, "image_id": 325, "category_id": 5, "bbox": [8, 9, 14, 5], "area": 70, "segmentation": [[21, 13.5, 22, 12.5, 19.5, 9, 17.5, 9, 16.5, 10, 14.5, 10, 13.5, 9, 9.5, 9, 8, 10.5, 8.5, 14]], "iscrowd": 0}]}