{"categories": [{"id": 0, "name": "body-parts", "supercategory": "none"}, {"id": 1, "name": "Head", "supercategory": "body-parts"}, {"id": 2, "name": "Lower_Arm", "supercategory": "body-parts"}, {"id": 3, "name": "Lower_Leg", "supercategory": "body-parts"}, {"id": 4, "name": "Torso", "supercategory": "body-parts"}, {"id": 5, "name": "Upper_Arm", "supercategory": "body-parts"}, {"id": 6, "name": "Upper_Leg", "supercategory": "body-parts"}], "images": [{"id": 1234, "license": 1, "file_name": "23_left3.jpg", "height": 64, "width": 27, "date_captured": "2023-06-08T19:45:40+00:00"}], "annotations": [{"id": 6964, "image_id": 1234, "category_id": 6, "bbox": [5, 28, 20.768, 8.997], "area": 186.86, "segmentation": [[6.972, 27.944, 14.18, 27.71, 14.625, 29.709, 21.621, 30.265, 25.175, 32.819, 25.287, 35.93, 25.287, 36.374, 19.845, 36.707, 10.626, 36.152, 4.629, 35.152, 4.518, 30.265]], "iscrowd": 0}, {"id": 6965, "image_id": 1234, "category_id": 4, "bbox": [7, 10, 9.846, 17.951], "area": 176.747, "segmentation": [[7.111, 27.667, 14.291, 27.488, 15.18, 15.491, 16.957, 10.937, 16.513, 9.715, 11.293, 9.715, 7.85, 10.382, 7.85, 15.38, 7.739, 20.712]], "iscrowd": 0}, {"id": 6966, "image_id": 1234, "category_id": 5, "bbox": [16, 10, 7.552, 8.435], "area": 63.701, "segmentation": [[16.833, 10.167, 16.291, 13.936, 15.735, 15.047, 19.956, 17.046, 23.287, 18.601]], "iscrowd": 0}, {"id": 6967, "image_id": 1234, "category_id": 1, "bbox": [7, 1, 10.218, 6.893], "area": 70.433, "segmentation": [[13.083, 7.944, 6.961, 6.716, 8.405, 2.273, 13.514, 1.051, 15.513, 2.273, 17.179, 4.495, 15.957, 7.271, 14.736, 7.938]], "iscrowd": 0}, {"id": 6968, "image_id": 1234, "category_id": 3, "bbox": [17, 37, 8.441, 16.104], "area": 135.927, "segmentation": [[21.694, 38.5, 20.4, 41.706, 16.624, 47.482, 21, 52.7, 25.064, 36.929, 24.176, 36.596, 21.955, 37.596]], "iscrowd": 0}, {"id": 6969, "image_id": 1234, "category_id": 3, "bbox": [13, 59, 6.6, 4.9], "area": 32.34, "segmentation": [[16.2, 58.6, 19.5, 62.4, 18.4, 63.5, 12.9, 62.3]], "iscrowd": 0}]}