{"categories": [{"id": 0, "name": "body-parts", "supercategory": "none"}, {"id": 1, "name": "Head", "supercategory": "body-parts"}, {"id": 2, "name": "Lower_Arm", "supercategory": "body-parts"}, {"id": 3, "name": "Lower_Leg", "supercategory": "body-parts"}, {"id": 4, "name": "Torso", "supercategory": "body-parts"}, {"id": 5, "name": "Upper_Arm", "supercategory": "body-parts"}, {"id": 6, "name": "Upper_Leg", "supercategory": "body-parts"}], "images": [{"id": 103, "license": 1, "file_name": "23_left7.jpg", "height": 64, "width": 27, "date_captured": "2023-06-08T19:45:40+00:00"}], "annotations": [{"id": 575, "image_id": 103, "category_id": 3, "bbox": [16, 48, 6, 16], "area": 96, "segmentation": [[21, 63.5, 21, 55.5, 22, 54.5, 22, 49.5, 20.5, 48, 19.5, 48, 18, 49.5, 18, 60.5, 16, 62.5, 17.5, 64]], "iscrowd": 0}, {"id": 576, "image_id": 103, "category_id": 6, "bbox": [6, 31, 14, 14], "area": 196, "segmentation": [[19, 44.5, 20, 41.5, 19, 40.5, 19, 36.5, 17, 32.5, 15.5, 31, 7.5, 31, 6, 32.5, 6, 35.5, 11.5, 39, 13.5, 39, 16, 41.5, 16, 42.5, 18.5, 45]], "iscrowd": 0}, {"id": 577, "image_id": 103, "category_id": 4, "bbox": [7, 17, 10, 13.5], "area": 135, "segmentation": [[16, 30.5, 17, 18.5, 15.5, 17, 10.5, 17, 8, 18.5, 8, 28.5, 7, 30.5]], "iscrowd": 0}, {"id": 578, "image_id": 103, "category_id": 5, "bbox": [9, 10, 15, 7], "area": 105, "segmentation": [[14, 16.5, 15.5, 15, 23.5, 15, 24, 12.5, 19.5, 12, 17.5, 10, 12.5, 10, 9, 13.5, 10.5, 16, 12.5, 17]], "iscrowd": 0}]}