{"categories": [{"id": 0, "name": "body-parts", "supercategory": "none"}, {"id": 1, "name": "Head", "supercategory": "body-parts"}, {"id": 2, "name": "Lower_Arm", "supercategory": "body-parts"}, {"id": 3, "name": "Lower_Leg", "supercategory": "body-parts"}, {"id": 4, "name": "Torso", "supercategory": "body-parts"}, {"id": 5, "name": "Upper_Arm", "supercategory": "body-parts"}, {"id": 6, "name": "Upper_Leg", "supercategory": "body-parts"}], "images": [{"id": 711, "license": 1, "file_name": "23_left6.jpg", "height": 64, "width": 27, "date_captured": "2023-06-08T19:45:40+00:00"}], "annotations": [{"id": 4000, "image_id": 711, "category_id": 6, "bbox": [6, 29, 16, 14.6], "area": 233.6, "segmentation": [[15.6, 28.7, 6.3, 30.1, 6.7, 34, 8.4, 37.7, 12.6, 39.4, 16.2, 42.5, 19.4, 43.3, 22.3, 41.9, 21.6, 38.1, 20.3, 34.6, 18.7, 32, 16.8, 29.1]], "iscrowd": 0}, {"id": 4001, "image_id": 711, "category_id": 3, "bbox": [17, 43, 6.6, 21.1], "area": 139.26, "segmentation": [[22.2, 42.9, 18.5, 44.2, 18.2, 46.9, 17.2, 49.3, 17.9, 53.6, 17.2, 59.7, 17.9, 62.2, 20.9, 64, 23.8, 63.6, 20.8, 60.4, 20.8, 57.8, 22.7, 52.7, 22.8, 46.6]], "iscrowd": 0}, {"id": 4002, "image_id": 711, "category_id": 4, "bbox": [6, 13, 10.7, 17.1], "area": 182.97, "segmentation": [[16.4, 28.4, 17, 22.4, 15.7, 19, 13.5, 15.9, 12.2, 14.2, 7.6, 12.8, 8, 16.3, 7.2, 19.9, 7.6, 22.3, 6.8, 26.3, 6.3, 29.9]], "iscrowd": 0}, {"id": 4003, "image_id": 711, "category_id": 5, "bbox": [8, 9, 14.9, 6], "area": 89.4, "segmentation": [[8.9, 9.9, 12.6, 8.6, 16.8, 10.2, 19.5, 11, 21.3, 11.5, 22.6, 12.6, 21.6, 14.6, 16.7, 14.6, 12.7, 14.1, 10.1, 13.6, 7.7, 12.4]], "iscrowd": 0}]}