{"categories": [{"id": 0, "name": "body-parts", "supercategory": "none"}, {"id": 1, "name": "Head", "supercategory": "body-parts"}, {"id": 2, "name": "Lower_Arm", "supercategory": "body-parts"}, {"id": 3, "name": "Lower_Leg", "supercategory": "body-parts"}, {"id": 4, "name": "Torso", "supercategory": "body-parts"}, {"id": 5, "name": "Upper_Arm", "supercategory": "body-parts"}, {"id": 6, "name": "Upper_Leg", "supercategory": "body-parts"}], "images": [{"id": 765, "license": 1, "file_name": "23_left4.jpg", "height": 64, "width": 27, "date_captured": "2023-06-08T19:45:40+00:00"}], "annotations": [{"id": 4317, "image_id": 765, "category_id": 5, "bbox": [10, 9, 12.6, 8.9], "area": 112.14, "segmentation": [[22.6, 17.7, 19.7, 17.6, 18.1, 16.9, 16, 15.3, 15.1, 14.9, 13.3, 13.8, 11.8, 12.8, 10, 12, 10.2, 10.3, 12.5, 8.8, 16, 10, 17.7, 11.5, 19.8, 14.1, 21.7, 15.5]], "iscrowd": 0}, {"id": 4318, "image_id": 765, "category_id": 2, "bbox": [22, 18, 3.6, 3.9], "area": 14.04, "segmentation": [[23.9, 18.3, 22.3, 19.9, 24, 22, 25.4, 22.2, 25.7, 21.2, 25.9, 19.6, 24.8, 18.3]], "iscrowd": 0}, {"id": 4319, "image_id": 765, "category_id": 4, "bbox": [6, 9, 10.3, 20.3], "area": 209.09, "segmentation": [[16.6, 10.1, 15.7, 15.1, 15.8, 19.4, 16, 25.4, 14.9, 27.3, 14, 28.3, 11.7, 29, 7.5, 28.3, 6.7, 25.1, 6.3, 21, 6.3, 18.3, 6.6, 15, 7, 13.2, 8.4, 11.2, 9.5, 10.2, 12.5, 8.7, 14, 8.7]], "iscrowd": 0}, {"id": 4320, "image_id": 765, "category_id": 6, "bbox": [7, 28, 15.1, 15.9], "area": 240.09, "segmentation": [[14.4, 28.6, 10.3, 29, 7.2, 28.1, 6.7, 30.7, 7, 33.6, 7.5, 36.5, 8.8, 37.5, 11.6, 38.9, 14.4, 39.7, 16.2, 40.4, 18.1, 43.3, 19.6, 43.7, 20.2, 44, 21.3, 43, 21.8, 41, 21.5, 38.5, 20.4, 36.5, 19.4, 34.4, 17.8, 32.6, 16.7, 31.4, 16.3, 30.8, 15.8, 28.3]], "iscrowd": 0}, {"id": 4321, "image_id": 765, "category_id": 3, "bbox": [18, 45, 4.9, 13.4], "area": 65.66, "segmentation": [[20.9, 45, 17.6, 47.7, 17.7, 52, 17.8, 54.1, 18.4, 58.3, 19.2, 58.4, 20.1, 57.6, 21.2, 55.8, 21.8, 54.3, 22.2, 52.2, 22.5, 47.4, 22, 46.6]], "iscrowd": 0}]}