{"categories": [{"id": 0, "name": "body-parts", "supercategory": "none"}, {"id": 1, "name": "Head", "supercategory": "body-parts"}, {"id": 2, "name": "Lower_Arm", "supercategory": "body-parts"}, {"id": 3, "name": "Lower_Leg", "supercategory": "body-parts"}, {"id": 4, "name": "Torso", "supercategory": "body-parts"}, {"id": 5, "name": "Upper_Arm", "supercategory": "body-parts"}, {"id": 6, "name": "Upper_Leg", "supercategory": "body-parts"}], "images": [{"id": 125, "license": 1, "file_name": "23_left1.jpg", "height": 64, "width": 27, "date_captured": "2023-06-08T19:45:40+00:00"}], "annotations": [{"id": 696, "image_id": 125, "category_id": 3, "bbox": [13, 48, 5, 14.5], "area": 72.5, "segmentation": [[15, 62.5, 15, 60.5, 18, 55.5, 17.5, 48, 15.5, 48, 13, 51.5, 13, 62.5]], "iscrowd": 0}, {"id": 697, "image_id": 125, "category_id": 6, "bbox": [6, 27, 12, 20.5], "area": 246, "segmentation": [[18, 47.5, 18, 31.5, 17, 30.5, 17, 27.5, 13.5, 27, 10.5, 29, 8.5, 28, 7, 30.5, 7, 33.5, 6, 34.5, 7, 36.5, 14, 42.5, 16, 47.5]], "iscrowd": 0}, {"id": 698, "image_id": 125, "category_id": 4, "bbox": [9, 10, 7, 18], "area": 126, "segmentation": [[15, 27.5, 16, 26.5, 16, 18.5, 14, 16.5, 16, 14.5, 15, 13.5, 15, 11.5, 13.5, 10, 11.5, 10, 9, 12.5, 9, 25.5, 10.5, 26, 11.5, 28]], "iscrowd": 0}, {"id": 699, "image_id": 125, "category_id": 5, "bbox": [13, 10, 8.806, 8.009], "area": 70.535, "segmentation": [[21.062, 18.009, 21.618, 17.998, 21.806, 15.891, 21.5, 15, 17.5, 10, 13, 10.5, 13, 11.5, 15, 13.5, 15.5, 16, 18.5, 16, 21.5, 18]], "iscrowd": 0}, {"id": 700, "image_id": 125, "category_id": 1, "bbox": [14, 4, 4, 3], "area": 12, "segmentation": [[17, 6.5, 18, 5.5, 17.5, 4, 14, 4.5, 14, 5.5, 15.5, 7]], "iscrowd": 0}, {"id": 701, "image_id": 125, "category_id": 2, "bbox": [20, 13, 5, 6], "area": 30, "segmentation": [[24, 18.5, 25, 17.5, 25, 14.5, 23.5, 13, 23, 14.5, 20, 16.5, 22.5, 19]], "iscrowd": 0}]}