{"categories": [{"id": 0, "name": "body-parts", "supercategory": "none"}, {"id": 1, "name": "Head", "supercategory": "body-parts"}, {"id": 2, "name": "Lower_Arm", "supercategory": "body-parts"}, {"id": 3, "name": "Lower_Leg", "supercategory": "body-parts"}, {"id": 4, "name": "Torso", "supercategory": "body-parts"}, {"id": 5, "name": "Upper_Arm", "supercategory": "body-parts"}, {"id": 6, "name": "Upper_Leg", "supercategory": "body-parts"}], "images": [{"id": 459, "license": 1, "file_name": "23_prone6.jpg", "height": 64, "width": 27, "date_captured": "2023-06-08T19:45:40+00:00"}], "annotations": [{"id": 2554, "image_id": 459, "category_id": 1, "bbox": [10, 2, 8.525, 9.476], "area": 80.785, "segmentation": [[14.224, 11.139, 10.33, 7.98, 9.909, 5.137, 10.751, 2.399, 13.803, 1.662, 17.486, 2.926, 18.433, 5.453, 18.328, 8.401, 17.486, 9.454, 15.487, 10.717]], "iscrowd": 0}, {"id": 2555, "image_id": 459, "category_id": 4, "bbox": [9, 12, 11.998, 19.795], "area": 237.503, "segmentation": [[15.908, 12.718, 20.644, 14.087, 20.959, 17.456, 20.749, 22.3, 20.223, 26.301, 20.117, 28.723, 18.223, 30.618, 13.066, 31.566, 10.54, 31.144, 9.803, 27.88, 8.961, 23.037, 9.698, 18.72, 12.224, 13.981, 14.434, 11.77]], "iscrowd": 0}, {"id": 2556, "image_id": 459, "category_id": 6, "bbox": [8, 29, 14.524, 18.848], "area": 273.741, "segmentation": [[10.856, 32.408, 8.225, 36.936, 8.646, 41.568, 9.382, 44.938, 10.224, 46.938, 13.276, 47.781, 15.381, 44.411, 15.697, 39.357, 15.697, 37.778, 17.381, 42.411, 18.96, 47.149, 21.17, 46.833, 22.433, 39.568, 22.749, 34.093, 20.749, 28.933]], "iscrowd": 0}, {"id": 2557, "image_id": 459, "category_id": 2, "bbox": [24, 16, 3.199, 12.741], "area": 40.757, "segmentation": [[24.538, 21.247, 23.801, 25.459, 24.011, 28.301, 26.432, 23.774, 27, 18.93, 26.116, 15.561, 24.853, 16.298]], "iscrowd": 0}, {"id": 2558, "image_id": 459, "category_id": 2, "bbox": [3, 11, 7.051, 7.686], "area": 54.201, "segmentation": [[6.751, 14.613, 4.646, 17.772, 2.857, 18.614, 2.752, 15.14, 4.857, 12.297, 7.593, 11.139, 9.277, 10.928, 9.803, 11.244, 6.751, 14.403, 4.857, 15.245, 6.751, 14.824]], "iscrowd": 0}]}