{"categories": [{"id": 0, "name": "body-parts", "supercategory": "none"}, {"id": 1, "name": "Head", "supercategory": "body-parts"}, {"id": 2, "name": "Lower_Arm", "supercategory": "body-parts"}, {"id": 3, "name": "Lower_Leg", "supercategory": "body-parts"}, {"id": 4, "name": "Torso", "supercategory": "body-parts"}, {"id": 5, "name": "Upper_Arm", "supercategory": "body-parts"}, {"id": 6, "name": "Upper_Leg", "supercategory": "body-parts"}], "images": [{"id": 1109, "license": 1, "file_name": "23_prone5.jpg", "height": 64, "width": 27, "date_captured": "2023-06-08T19:45:40+00:00"}], "annotations": [{"id": 6233, "image_id": 1109, "category_id": 1, "bbox": [11, 2, 6.63, 7.581], "area": 50.266, "segmentation": [[14.632, 9.763, 11.803, 7.98, 11.277, 6.19, 11.171, 3.452, 13.908, 2.189, 16.223, 2.61, 17.697, 4.084, 17.802, 6.4, 16.96, 8.612, 15.592, 9.77]], "iscrowd": 0}, {"id": 6234, "image_id": 1109, "category_id": 2, "bbox": [0, 2, 7.277, 7.638], "area": 55.586, "segmentation": [[6.868, 2.132, 7.277, 3.663, 6.12, 5.347, 3.068, 8.085, 1.699, 9.454, 1.173, 9.77, 0, 7.98, 1.594, 5.347, 3.91, 3.452]], "iscrowd": 0}, {"id": 6235, "image_id": 1109, "category_id": 2, "bbox": [21, 0, 5.935, 10.319], "area": 61.246, "segmentation": [[22.921, 1.211, 26.222, 4.4, 27, 6.506, 27, 8.927, 23.801, 10.717, 24.117, 8.19, 23.17, 4.926, 21.801, 3.031, 21.065, 0.925, 21.275, 0.399, 22.538, 0.925]], "iscrowd": 0}, {"id": 6236, "image_id": 1109, "category_id": 5, "bbox": [0, 9, 7.593, 4.001], "area": 30.382, "segmentation": [[2.12, 9.559, 5.172, 9.454, 7.593, 9.77, 7.593, 11.665, 4.857, 12.718, 1.91, 12.718, 0, 9.875, 0.121, 8.717]], "iscrowd": 0}, {"id": 6237, "image_id": 1109, "category_id": 4, "bbox": [6, 10, 12.524, 18.216], "area": 228.138, "segmentation": [[7.921, 11.211, 8.961, 17.246, 7.172, 22.51, 6.541, 25.669, 6.33, 27.143, 10.54, 28.301, 14.434, 28.407, 16.223, 26.827, 17.697, 23.563, 18.644, 20.194, 18.854, 16.719, 18.433, 13.35, 13.171, 10.191, 8.646, 10.717]], "iscrowd": 0}, {"id": 6238, "image_id": 1109, "category_id": 6, "bbox": [6, 27, 12.209, 20.638], "area": 251.954, "segmentation": [[6.435, 32.934, 8.646, 37.883, 9.909, 40.41, 11.592, 42.937, 11.908, 45.464, 14.224, 47.149, 15.802, 47.465, 15.908, 43.358, 15.592, 36.514, 17.381, 32.408, 17.907, 29.144, 16.539, 26.827, 13.592, 29.038, 8.856, 29.249, 8.435, 29.144, 5.699, 30.197]], "iscrowd": 0}, {"id": 6239, "image_id": 1109, "category_id": 6, "bbox": [24, 29, 3.304, 10.424], "area": 34.444, "segmentation": [[24.853, 28.933, 24.327, 34.093, 23.696, 37.778, 24.643, 39.147, 27, 35.04, 27, 31.144, 26.643, 28.723]], "iscrowd": 0}, {"id": 6240, "image_id": 1109, "category_id": 3, "bbox": [13, 47, 3.789, 6.844], "area": 25.931, "segmentation": [[12.658, 48.447, 12.54, 52.098, 13.382, 54.098, 14.645, 54.098, 15.066, 54.098, 16.118, 50.518, 16.329, 47.675, 13.066, 47.254]], "iscrowd": 0}, {"id": 6241, "image_id": 1109, "category_id": 3, "bbox": [21, 47, 3.999, 3.685], "area": 14.739, "segmentation": [[21.275, 47.254, 22.854, 50.94, 24.643, 50.729, 25.274, 47.781]], "iscrowd": 0}]}