{"categories": [{"id": 0, "name": "body-parts", "supercategory": "none"}, {"id": 1, "name": "Head", "supercategory": "body-parts"}, {"id": 2, "name": "Lower_Arm", "supercategory": "body-parts"}, {"id": 3, "name": "Lower_Leg", "supercategory": "body-parts"}, {"id": 4, "name": "Torso", "supercategory": "body-parts"}, {"id": 5, "name": "Upper_Arm", "supercategory": "body-parts"}, {"id": 6, "name": "Upper_Leg", "supercategory": "body-parts"}], "images": [{"id": 255, "license": 1, "file_name": "23_prone3.jpg", "height": 64, "width": 27, "date_captured": "2023-06-08T19:45:40+00:00"}], "annotations": [{"id": 1444, "image_id": 255, "category_id": 1, "bbox": [8, 2, 12, 6], "area": 72, "segmentation": [[17, 7.5, 20, 6.5, 20, 4.5, 17.5, 2, 10.5, 2, 8, 3.5, 8, 6.5, 9.5, 8]], "iscrowd": 0}, {"id": 1445, "image_id": 255, "category_id": 4, "bbox": [8, 13, 12, 19.5], "area": 234, "segmentation": [[15, 32.5, 18.5, 32, 20, 30.5, 20, 15.5, 17.5, 13, 10.5, 14, 8, 15.5, 8, 32.5]], "iscrowd": 0}, {"id": 1446, "image_id": 255, "category_id": 6, "bbox": [7, 31, 14, 18], "area": 252, "segmentation": [[13, 48.5, 13.5, 46, 17.5, 47, 18.5, 48, 20, 47.5, 20, 43.5, 21, 42.5, 21, 34.5, 20, 33.5, 19.5, 31, 18.5, 31, 16.5, 33, 10.5, 33, 9.5, 32, 8, 33.5, 8, 37.5, 7, 38.5, 8, 40.5, 8, 45.5, 10.5, 49]], "iscrowd": 0}, {"id": 1447, "image_id": 255, "category_id": 2, "bbox": [1, 4, 7.274, 3], "area": 21.822, "segmentation": [[2.691, 6.241, 4.5, 7, 6.5, 7, 8, 5.5, 7.5, 4, 2.5, 4, 1, 5.5, 0.726, 6.169]], "iscrowd": 0}, {"id": 1448, "image_id": 255, "category_id": 2, "bbox": [20, 3, 7, 2.508], "area": 17.559, "segmentation": [[26.33, 5.508, 27, 5.217, 27, 3.5, 20.5, 3, 20, 3.5, 23, 5.5, 24.22, 5.357]], "iscrowd": 0}, {"id": 1449, "image_id": 255, "category_id": 5, "bbox": [23, 5, 4, 3.5], "area": 14, "segmentation": [[25, 8.5, 26.5, 8, 27, 6.5, 25.5, 5, 23.5, 5, 23, 8.5]], "iscrowd": 0}, {"id": 1450, "image_id": 255, "category_id": 5, "bbox": [1, 7, 3, 3], "area": 9, "segmentation": [[4, 9.5, 3.5, 7, 1, 7.5, 1.5, 10]], "iscrowd": 0}, {"id": 1451, "image_id": 255, "category_id": 3, "bbox": [10, 49, 3, 5.5], "area": 16.5, "segmentation": [[11, 54.5, 13, 50.5, 12.5, 49, 10, 49.5, 10, 54.5]], "iscrowd": 0}, {"id": 1452, "image_id": 255, "category_id": 3, "bbox": [17, 48, 3, 7.5], "area": 22.5, "segmentation": [[19, 55.5, 20, 54.5, 20, 49.5, 18.5, 48, 17.5, 48, 17, 52.5, 18, 53.5, 18, 55.5]], "iscrowd": 0}]}