{"categories": [{"id": 0, "name": "body-parts", "supercategory": "none"}, {"id": 1, "name": "Head", "supercategory": "body-parts"}, {"id": 2, "name": "Lower_Arm", "supercategory": "body-parts"}, {"id": 3, "name": "Lower_Leg", "supercategory": "body-parts"}, {"id": 4, "name": "Torso", "supercategory": "body-parts"}, {"id": 5, "name": "Upper_Arm", "supercategory": "body-parts"}, {"id": 6, "name": "Upper_Leg", "supercategory": "body-parts"}], "images": [{"id": 285, "license": 1, "file_name": "23_prone4.jpg", "height": 64, "width": 27, "date_captured": "2023-06-08T19:45:40+00:00"}], "annotations": [{"id": 1616, "image_id": 285, "category_id": 4, "bbox": [10, 7, 14.629, 21.48], "area": 314.232, "segmentation": [[18.711, 7.395, 21.065, 11.77, 22.749, 15.034, 23.801, 17.877, 24.538, 22.51, 24.853, 24.827, 24.327, 26.827, 19.907, 28.723, 12.961, 27.88, 11.277, 23.669, 10.224, 18.825, 11.487, 12.507, 14.75, 8.296, 16.434, 7.243]], "iscrowd": 0}, {"id": 1617, "image_id": 285, "category_id": 2, "bbox": [1, 7, 4.631, 13.688], "area": 63.387, "segmentation": [[5.593, 9.77, 5.593, 15.456, 5.278, 17.561, 4.857, 20.194, 3.278, 20.615, 1.594, 17.456, 0.963, 13.56, 1.278, 8.822, 2.541, 6.927, 4.541, 8.506]], "iscrowd": 0}, {"id": 1618, "image_id": 285, "category_id": 2, "bbox": [19, 0, 7.514, 7.769], "area": 58.379, "segmentation": [[19.591, 3.136, 22.538, 6.084, 27, 7.769, 27, 4.505, 24.432, 1.136, 22.012, 0.293, 19.802, 0, 19.486, 0.504, 19.486, 2.083]], "iscrowd": 0}, {"id": 1619, "image_id": 285, "category_id": 5, "bbox": [19, 6, 8.026, 4.001], "area": 32.115, "segmentation": [[18.974, 7.526, 22.222, 7.348, 25.274, 6.4, 27, 8.085, 27, 8.927, 25.695, 10.402, 22.538, 10.402, 21.17, 10.296, 19.275, 7.559]], "iscrowd": 0}, {"id": 1620, "image_id": 285, "category_id": 6, "bbox": [2, 27, 24.312, 20.111], "area": 488.937, "segmentation": [[25.158, 27.263, 26.011, 30.513, 26.327, 33.25, 24.748, 37.357, 23.17, 39.568, 22.328, 43.043, 22.643, 45.991, 18.96, 47.149, 16.644, 45.043, 18.223, 39.147, 16.96, 36.83, 16.013, 34.093, 15.276, 32.724, 14.224, 31.671, 10.54, 31.776, 8.856, 33.777, 8.961, 36.409, 8.646, 38.304, 2.962, 35.988, 2.12, 33.566, 2.015, 28.933, 2.857, 27.038, 7.698, 28.828, 10.645, 29.565, 12.013, 28.933, 14.539, 28.723, 18.749, 28.723, 22.959, 28.828, 24.538, 28.828]], "iscrowd": 0}, {"id": 1621, "image_id": 285, "category_id": 3, "bbox": [18, 46, 5.433, 6.633], "area": 36.038, "segmentation": [[17.526, 46.605, 18.854, 49.676, 19.275, 52.308, 21.696, 53.045, 22.959, 50.308, 22.538, 46.412]], "iscrowd": 0}, {"id": 1622, "image_id": 285, "category_id": 3, "bbox": [8, 48, 2.947, 3.054], "area": 8.998, "segmentation": [[8.646, 47.991, 8.225, 50.413, 8.961, 51.045, 10.435, 50.308, 11.171, 48.307]], "iscrowd": 0}]}