{"categories": [{"id": 0, "name": "body-parts", "supercategory": "none"}, {"id": 1, "name": "Head", "supercategory": "body-parts"}, {"id": 2, "name": "Lower_Arm", "supercategory": "body-parts"}, {"id": 3, "name": "Lower_Leg", "supercategory": "body-parts"}, {"id": 4, "name": "Torso", "supercategory": "body-parts"}, {"id": 5, "name": "Upper_Arm", "supercategory": "body-parts"}, {"id": 6, "name": "Upper_Leg", "supercategory": "body-parts"}], "images": [{"id": 552, "license": 1, "file_name": "23_right2.jpg", "height": 64, "width": 27, "date_captured": "2023-06-08T19:45:40+00:00"}], "annotations": [{"id": 3107, "image_id": 552, "category_id": 3, "bbox": [3, 35, 11, 20.5], "area": 225.5, "segmentation": [[12, 55.5, 14, 52.5, 14, 50.5, 12, 47.5, 12, 45.5, 10, 42.5, 10, 40.5, 6.5, 36, 3.5, 35, 3, 37.5, 7, 42.5, 8, 45.5, 11, 47.5, 11, 51.5, 9, 53.5, 9, 55.5]], "iscrowd": 0}, {"id": 3108, "image_id": 552, "category_id": 6, "bbox": [3, 30, 20, 7], "area": 140, "segmentation": [[21, 36.536, 23, 34.536, 23, 31.536, 21.5, 30.036, 15.5, 31.036, 14.5, 32.036, 10.5, 32.036, 9.5, 33.036, 4.5, 33.036, 3, 34.536, 3.5, 37.036]], "iscrowd": 0}, {"id": 3109, "image_id": 552, "category_id": 4, "bbox": [12, 11, 11, 18.5], "area": 203.5, "segmentation": [[23, 29.5, 23, 23.5, 22, 22.5, 22, 18.5, 21, 17.5, 20, 12.5, 17.5, 11, 15.5, 11, 13, 12.5, 12, 16.5, 15, 17.5, 15, 23.5, 19, 26.5, 19, 29.5]], "iscrowd": 0}, {"id": 3110, "image_id": 552, "category_id": 1, "bbox": [10, 6, 5, 4], "area": 20, "segmentation": [[14, 9.5, 15, 8.5, 14.5, 6, 11.5, 6, 10, 7.5, 12.5, 10]], "iscrowd": 0}, {"id": 3111, "image_id": 552, "category_id": 5, "bbox": [5, 17, 11, 8], "area": 88, "segmentation": [[7, 24.5, 10.5, 21, 14.5, 20, 16, 18.5, 16, 17.5, 11.5, 17, 5, 23.5, 5.5, 25]], "iscrowd": 0}, {"id": 3112, "image_id": 552, "category_id": 5, "bbox": [9, 12, 3, 2], "area": 6, "segmentation": [[12, 13.5, 10.5, 12, 9, 12.5, 9.5, 14]], "iscrowd": 0}]}