{"categories": [{"id": 0, "name": "body-parts", "supercategory": "none"}, {"id": 1, "name": "Head", "supercategory": "body-parts"}, {"id": 2, "name": "Lower_Arm", "supercategory": "body-parts"}, {"id": 3, "name": "Lower_Leg", "supercategory": "body-parts"}, {"id": 4, "name": "Torso", "supercategory": "body-parts"}, {"id": 5, "name": "Upper_Arm", "supercategory": "body-parts"}, {"id": 6, "name": "Upper_Leg", "supercategory": "body-parts"}], "images": [{"id": 295, "license": 1, "file_name": "23_right4.jpg", "height": 64, "width": 27, "date_captured": "2023-06-08T19:45:40+00:00"}], "annotations": [{"id": 1663, "image_id": 295, "category_id": 1, "bbox": [14, 5, 3.3, 3.9], "area": 12.87, "segmentation": [[14.9, 4.9, 14.2, 6.5, 14.8, 8.2, 16.2, 8.8, 17, 8, 17.3, 6.9, 17.5, 5.7, 16.9, 4.9]], "iscrowd": 0}, {"id": 1664, "image_id": 295, "category_id": 5, "bbox": [10, 11, 9.1, 9.2], "area": 83.72, "segmentation": [[18.6, 12.1, 16.7, 15, 12.4, 19, 11, 20, 9.5, 18.7, 9.7, 17.9, 10.7, 15.9, 12.1, 14.9, 12.8, 13, 13.4, 12.3, 15.1, 11.1, 17.5, 10.8, 18.5, 11]], "iscrowd": 0}, {"id": 1665, "image_id": 295, "category_id": 2, "bbox": [4, 19, 6.3, 4.7], "area": 29.61, "segmentation": [[9.2, 19, 9.9, 20, 10.2, 21, 9.2, 22.2, 7.2, 23, 6.4, 23.4, 3.9, 23.7, 3.9, 22.7, 4.8, 21.4, 6.1, 20.4, 7.3, 19.8, 9.5, 19]], "iscrowd": 0}, {"id": 1666, "image_id": 295, "category_id": 4, "bbox": [13, 11, 10.1, 17.8], "area": 179.78, "segmentation": [[17.5, 10.8, 14, 11.3, 13.5, 12, 13, 14.9, 13.3, 16.6, 13.9, 18.2, 14.6, 20, 15.2, 21.5, 15.6, 23.5, 16.9, 25.6, 18.1, 27, 19.2, 28.2, 22.4, 28.6, 23, 27.8, 23, 26.6, 23.1, 24.9, 22.9, 23.5, 22.3, 20.6, 21.7, 18.2, 20.5, 14.5, 19.9, 13.3, 18.8, 11.7]], "iscrowd": 0}, {"id": 1667, "image_id": 295, "category_id": 6, "bbox": [5, 29, 18.8, 9.7], "area": 182.36, "segmentation": [[21.7, 28.9, 19.2, 29.4, 18, 30.8, 16.2, 31.3, 13, 31.3, 10.2, 31.5, 6.1, 32.4, 5.4, 32.8, 5.4, 33.8, 6.1, 36, 7.5, 36.6, 10.3, 37.1, 12.9, 38.2, 15.8, 38.6, 18.2, 38.6, 20.6, 38.5, 21.2, 38, 22.3, 37.1, 24.2, 35.4, 24.2, 33, 24.2, 31.5, 23.7, 29.2, 23.2, 29.1]], "iscrowd": 0}, {"id": 1668, "image_id": 295, "category_id": 3, "bbox": [4, 34, 13.4, 18.4], "area": 246.56, "segmentation": [[4.3, 34, 4.5, 37.1, 7.1, 40.2, 9.2, 42.2, 11.3, 44, 12.4, 45.3, 12.7, 46.2, 13.2, 48.9, 11.7, 51.8, 13.4, 52, 14.6, 51.4, 15.8, 49, 17.5, 47.6, 17.7, 45.8, 15, 43.5, 13.6, 43.1, 11.8, 42.2, 10.8, 41.2, 8.4, 38.1, 6.4, 36.4, 4.3, 33.6]], "iscrowd": 0}]}