{"categories": [{"id": 0, "name": "body-parts", "supercategory": "none"}, {"id": 1, "name": "Head", "supercategory": "body-parts"}, {"id": 2, "name": "Lower_Arm", "supercategory": "body-parts"}, {"id": 3, "name": "Lower_Leg", "supercategory": "body-parts"}, {"id": 4, "name": "Torso", "supercategory": "body-parts"}, {"id": 5, "name": "Upper_Arm", "supercategory": "body-parts"}, {"id": 6, "name": "Upper_Leg", "supercategory": "body-parts"}], "images": [{"id": 727, "license": 1, "file_name": "23_right3.jpg", "height": 64, "width": 27, "date_captured": "2023-06-08T19:45:40+00:00"}], "annotations": [{"id": 4106, "image_id": 727, "category_id": 1, "bbox": [12, 5, 5, 4], "area": 20, "segmentation": [[16, 8.5, 17, 7.5, 16.5, 5, 12, 5.5, 12, 7.5, 13.5, 9]], "iscrowd": 0}, {"id": 4107, "image_id": 727, "category_id": 5, "bbox": [6, 11, 12, 12.5], "area": 150, "segmentation": [[8, 23.5, 11.5, 20, 13.38, 18.514, 15.101, 17.097, 16.721, 15.174, 18, 14.5, 18, 12.5, 16.5, 11, 14.5, 11, 13, 12.5, 10.646, 17.502, 6, 21.5, 6, 23.5]], "iscrowd": 0}, {"id": 4108, "image_id": 727, "category_id": 2, "bbox": [1, 29, 6, 5], "area": 30, "segmentation": [[4, 33.5, 7, 31.5, 7, 30.5, 5.5, 29, 2.5, 29, 1, 31.5, 1, 32.5, 2.5, 34]], "iscrowd": 0}, {"id": 4109, "image_id": 727, "category_id": 4, "bbox": [12, 10, 11, 17.016], "area": 187.173, "segmentation": [[23, 26.5, 21.783, 19.931, 22.492, 12.847, 20.974, 10.519, 18.5, 10, 15.5, 10, 13, 12.5, 12.064, 13.757, 12, 15.5, 12.5, 17, 14.19, 17.806, 15.101, 18.919, 14.696, 19.83, 15, 20.5, 15, 23.5, 16.924, 26.712, 19.354, 27.016, 22.5, 27]], "iscrowd": 0}, {"id": 4110, "image_id": 727, "category_id": 6, "bbox": [11, 28, 11.846, 13], "area": 153.999, "segmentation": [[16, 40.5, 18.5, 39, 20.872, 36.934, 22.796, 34.505, 22.5, 28, 18.5, 28, 13, 32.5, 12.367, 34.505, 12, 36.5, 10.95, 38.958, 11.659, 40.679, 15.5, 41]], "iscrowd": 0}, {"id": 4111, "image_id": 727, "category_id": 3, "bbox": [10, 42, 6, 14.91], "area": 89.462, "segmentation": [[16, 56.5, 16, 50.5, 13, 47.5, 14.696, 42.096, 12.5, 42, 10.95, 41.59, 10, 44.5, 10.241, 46.751, 11, 51.5, 12, 52.5, 13, 56.5]], "iscrowd": 0}]}