{"categories": [{"id": 0, "name": "body-parts", "supercategory": "none"}, {"id": 1, "name": "Head", "supercategory": "body-parts"}, {"id": 2, "name": "Lower_Arm", "supercategory": "body-parts"}, {"id": 3, "name": "Lower_Leg", "supercategory": "body-parts"}, {"id": 4, "name": "Torso", "supercategory": "body-parts"}, {"id": 5, "name": "Upper_Arm", "supercategory": "body-parts"}, {"id": 6, "name": "Upper_Leg", "supercategory": "body-parts"}], "images": [{"id": 1650, "license": 1, "file_name": "23_supine4.jpg", "height": 64, "width": 27, "date_captured": "2023-06-08T19:45:40+00:00"}], "annotations": [{"id": 9309, "image_id": 1650, "category_id": 1, "bbox": [10, 4, 5, 6.5], "area": 32.5, "segmentation": [[13, 10.5, 15, 8.5, 15, 5.5, 13.5, 4, 11.5, 4, 10, 5.5, 10, 7.5, 10.342, 9.203, 11, 10.5]], "iscrowd": 0}, {"id": 9310, "image_id": 1650, "category_id": 4, "bbox": [6, 11, 17, 16.5], "area": 280.5, "segmentation": [[20, 27.5, 20, 24.5, 21, 23.5, 21, 20.5, 22, 19.5, 22, 15.5, 23, 13.5, 21.5, 12, 19.657, 11.328, 17.5, 11, 11.5, 11, 7.5, 13, 6, 14.5, 6, 17.5, 8, 19.5, 10, 23.5, 10, 26.5, 13.5, 27, 16.316, 27.016]], "iscrowd": 0}, {"id": 9311, "image_id": 1650, "category_id": 5, "bbox": [22, 14, 4.71, 8.641], "area": 40.704, "segmentation": [[27, 22.5, 27, 20.5, 23.505, 13.859, 22.29, 15.984, 22.897, 19.02, 24, 22.5]], "iscrowd": 0}, {"id": 9312, "image_id": 1650, "category_id": 5, "bbox": [3, 17, 4, 7.5], "area": 30, "segmentation": [[6, 24.5, 7, 18.5, 5.5, 17, 3, 21.5, 3, 24.5]], "iscrowd": 0}, {"id": 9313, "image_id": 1650, "category_id": 6, "bbox": [8, 28, 14, 10.857], "area": 151.999, "segmentation": [[20.872, 38.452, 22, 36.5, 22, 34.5, 21, 33.5, 21, 29.5, 19.5, 28, 10.5, 28, 9, 29.5, 8, 32.5, 9, 33.5, 9, 35.5, 10.5, 37, 15.5, 37, 16.5, 38, 17.734, 38.655, 18.949, 38.857]], "iscrowd": 0}, {"id": 9314, "image_id": 1650, "category_id": 3, "bbox": [13, 45, 4, 10.5], "area": 42, "segmentation": [[15.911, 54.949, 17, 45.5, 15.5, 45, 13, 47.5, 13, 55.5]], "iscrowd": 0}]}