{"categories": [{"id": 0, "name": "body-parts", "supercategory": "none"}, {"id": 1, "name": "Head", "supercategory": "body-parts"}, {"id": 2, "name": "Lower_Arm", "supercategory": "body-parts"}, {"id": 3, "name": "Lower_Leg", "supercategory": "body-parts"}, {"id": 4, "name": "Torso", "supercategory": "body-parts"}, {"id": 5, "name": "Upper_Arm", "supercategory": "body-parts"}, {"id": 6, "name": "Upper_Leg", "supercategory": "body-parts"}], "images": [{"id": 867, "license": 1, "file_name": "23_supine1.jpg", "height": 64, "width": 27, "date_captured": "2023-06-08T19:45:40+00:00"}], "annotations": [{"id": 4907, "image_id": 867, "category_id": 1, "bbox": [11, 4, 8.145, 6], "area": 48.869, "segmentation": [[16, 9.5, 18.24, 7.989, 18.645, 6.774, 18.5, 5, 14.5, 4, 11.456, 5.762, 10.5, 8, 14.5, 10]], "iscrowd": 0}, {"id": 4908, "image_id": 867, "category_id": 4, "bbox": [8, 13, 14, 16], "area": 224, "segmentation": [[18, 28.5, 20, 27.5, 20, 23.5, 22, 20.5, 22, 19.5, 21.682, 15.579, 20.569, 13.049, 17.5, 13, 11.5, 13, 10.5, 14, 8.5, 14, 8.115, 15.073, 8, 17.5, 8, 25.5, 8.621, 26.712, 10.5, 29]], "iscrowd": 0}, {"id": 4909, "image_id": 867, "category_id": 5, "bbox": [4, 15, 3.102, 12.73], "area": 39.495, "segmentation": [[6, 27.5, 7, 26.5, 7.102, 14.769, 5.077, 17.401, 4.47, 20.134, 4.065, 23.069, 4, 25.5, 5, 27.5]], "iscrowd": 0}, {"id": 4910, "image_id": 867, "category_id": 5, "bbox": [22, 15, 2.517, 12.854], "area": 32.355, "segmentation": [[22, 27.5, 22.29, 14.871, 24.517, 18.818, 24.315, 27.319, 23.606, 27.724]], "iscrowd": 0}, {"id": 4911, "image_id": 867, "category_id": 6, "bbox": [8, 29, 13, 16.84], "area": 218.926, "segmentation": [[21, 38.5, 20.974, 37.44, 21, 36.5, 21, 32.5, 20, 31.5, 19.5, 29, 10.5, 29, 8, 32.5, 8, 37.5, 8.216, 39.464, 11.557, 44.221, 14.595, 38.756, 16.822, 39.363, 17.531, 45.84, 20.67, 45.638]], "iscrowd": 0}]}