{"categories": [{"id": 0, "name": "body-parts", "supercategory": "none"}, {"id": 1, "name": "Head", "supercategory": "body-parts"}, {"id": 2, "name": "Lower_Arm", "supercategory": "body-parts"}, {"id": 3, "name": "Lower_Leg", "supercategory": "body-parts"}, {"id": 4, "name": "Torso", "supercategory": "body-parts"}, {"id": 5, "name": "Upper_Arm", "supercategory": "body-parts"}, {"id": 6, "name": "Upper_Leg", "supercategory": "body-parts"}], "images": [{"id": 1398, "license": 1, "file_name": "23_supine3.jpg", "height": 64, "width": 27, "date_captured": "2023-06-08T19:45:40+00:00"}], "annotations": [{"id": 7907, "image_id": 1398, "category_id": 6, "bbox": [8, 28, 15, 18], "area": 270, "segmentation": [[13, 45.5, 14, 44.5, 14, 40.5, 16.5, 39, 18, 41.5, 18.5, 45, 19.5, 45, 21, 42.5, 21, 40.5, 23, 37.5, 23, 32.5, 20.5, 29, 14.5, 29, 13.5, 28, 11.5, 28, 9, 30.5, 8, 37.5, 11, 40.5, 11, 44.5, 12.5, 46]], "iscrowd": 0}, {"id": 7908, "image_id": 1398, "category_id": 3, "bbox": [11, 52, 5, 11.5], "area": 57.5, "segmentation": [[16, 63.5, 15, 61.5, 15, 53.5, 13.5, 52, 12.5, 52, 11, 53.5, 11, 57.5, 13, 60.5, 13, 63.5]], "iscrowd": 0}, {"id": 7909, "image_id": 1398, "category_id": 3, "bbox": [16, 52, 6, 11.5], "area": 69, "segmentation": [[20, 63.5, 20, 58.5, 22, 54.5, 20.5, 52, 18.5, 52, 17, 54.5, 18, 60.5, 16, 62.5, 16, 63.5]], "iscrowd": 0}, {"id": 7910, "image_id": 1398, "category_id": 4, "bbox": [8, 11, 14.362, 16.466], "area": 236.488, "segmentation": [[10.429, 27.429, 20.632, 27.441, 19.655, 23.188, 21.183, 18.105, 22.514, 14.945, 19.143, 12.19, 11.655, 10.975, 9.496, 12.439, 8.152, 15.086, 10.017, 19.343, 9.955, 24.777]], "iscrowd": 0}, {"id": 7911, "image_id": 1398, "category_id": 5, "bbox": [20, 10, 4, 4], "area": 16, "segmentation": [[23, 13.5, 24, 12.5, 23.5, 10, 22.5, 10, 20, 12.5, 22.5, 14]], "iscrowd": 0}, {"id": 7912, "image_id": 1398, "category_id": 5, "bbox": [2, 5, 9, 9], "area": 81, "segmentation": [[10, 13.5, 11, 11.5, 9.5, 10, 5.5, 9, 5, 5.5, 3.5, 5, 2, 6.5, 2, 8.5, 3.5, 9, 7.5, 14]], "iscrowd": 0}, {"id": 7913, "image_id": 1398, "category_id": 1, "bbox": [11, 2, 7, 6], "area": 42, "segmentation": [[17, 7.5, 18, 6.5, 17, 2.5, 13.5, 2, 13, 4.5, 11.5, 5, 11, 6.5, 12.5, 8]], "iscrowd": 0}]}