{"categories": [{"id": 0, "name": "body-parts", "supercategory": "none"}, {"id": 1, "name": "Head", "supercategory": "body-parts"}, {"id": 2, "name": "Lower_Arm", "supercategory": "body-parts"}, {"id": 3, "name": "Lower_Leg", "supercategory": "body-parts"}, {"id": 4, "name": "Torso", "supercategory": "body-parts"}, {"id": 5, "name": "Upper_Arm", "supercategory": "body-parts"}, {"id": 6, "name": "Upper_Leg", "supercategory": "body-parts"}], "images": [{"id": 647, "license": 1, "file_name": "23_supine2.jpg", "height": 64, "width": 27, "date_captured": "2023-06-08T19:45:40+00:00"}], "annotations": [{"id": 3614, "image_id": 647, "category_id": 1, "bbox": [10, 5, 6.664, 5.887], "area": 39.23, "segmentation": [[14.75, 10.306, 10.626, 10.493, 9.738, 6.383, 11.293, 4.606, 14.736, 4.717, 16.179, 7.494, 16.402, 8.938]], "iscrowd": 0}, {"id": 3615, "image_id": 647, "category_id": 4, "bbox": [8, 11, 13.438, 14.773], "area": 198.53, "segmentation": [[15.846, 11.492, 20.4, 15.713, 21.288, 18.379, 21.621, 21.267, 20.511, 24.711, 17.401, 25.933, 14.403, 26.266, 10.96, 25.155, 9.183, 21.934, 8.405, 18.824, 8.183, 16.158, 8.961, 13.381, 11.182, 11.604, 14.069, 11.492]], "iscrowd": 0}, {"id": 3616, "image_id": 647, "category_id": 6, "bbox": [9, 26, 14.105, 17.566], "area": 247.768, "segmentation": [[20.306, 25.583, 22.621, 30.82, 23.065, 34.263, 23.065, 36.374, 20.178, 38.04, 17.401, 39.262, 16.068, 39.706, 13.847, 43.15, 10.404, 41.706, 8.961, 37.929, 9.183, 33.708, 10.515, 28.932, 11.182, 25.933, 12.181, 25.821, 15.846, 26.155, 19.178, 25.821]], "iscrowd": 0}, {"id": 3617, "image_id": 647, "category_id": 3, "bbox": [10, 50, 6.997, 11.33], "area": 79.274, "segmentation": [[13.514, 51.591, 16.624, 56.368, 15.957, 60.367, 14.514, 61.7, 10.293, 58.367, 9.627, 52.924, 10.515, 50.703, 12.181, 50.37]], "iscrowd": 0}, {"id": 3618, "image_id": 647, "category_id": 5, "bbox": [3, 13, 6.553, 13.885], "area": 90.981, "segmentation": [[8.5, 18.083, 6.406, 21.823, 5.74, 25.155, 4.518, 27.043, 2.63, 24.044, 4.185, 19.49, 6.295, 15.491, 7.961, 13.159, 9.072, 15.047, 9.183, 18.046]], "iscrowd": 0}, {"id": 3619, "image_id": 647, "category_id": 5, "bbox": [19, 13, 6.108, 11.774], "area": 71.922, "segmentation": [[20.955, 16.158, 21.51, 20.712, 23.065, 25.044, 25.287, 24.6, 25.287, 19.49, 23.398, 15.491, 20.844, 13.27, 19.178, 14.714, 19.845, 15.936]], "iscrowd": 0}]}