{"categories": [{"id": 0, "name": "body-parts", "supercategory": "none"}, {"id": 1, "name": "Head", "supercategory": "body-parts"}, {"id": 2, "name": "Lower_Arm", "supercategory": "body-parts"}, {"id": 3, "name": "Lower_Leg", "supercategory": "body-parts"}, {"id": 4, "name": "Torso", "supercategory": "body-parts"}, {"id": 5, "name": "Upper_Arm", "supercategory": "body-parts"}, {"id": 6, "name": "Upper_Leg", "supercategory": "body-parts"}], "images": [{"id": 1611, "license": 1, "file_name": "22_left6.jpg", "height": 64, "width": 27, "date_captured": "2023-06-08T19:45:40+00:00"}], "annotations": [{"id": 9086, "image_id": 1611, "category_id": 6, "bbox": [7, 28, 11.315, 18.744], "area": 212.099, "segmentation": [[8.389, 28.561, 14.891, 28.479, 16.139, 32.229, 16.286, 36.616, 17.642, 45.023, 17.93, 47.224, 15.219, 47.019, 10.704, 43.301, 7.525, 38.129, 6.614, 35.518, 6.855, 32.594]], "iscrowd": 0}, {"id": 9087, "image_id": 1611, "category_id": 3, "bbox": [12, 48, 6.266, 15.687], "area": 98.288, "segmentation": [[16.084, 47.908, 17.988, 48.166, 18.638, 51.855, 16.179, 56.652, 13.655, 63.595, 12.372, 58.863, 12.757, 55.16, 13.987, 51.912]], "iscrowd": 0}, {"id": 9088, "image_id": 1611, "category_id": 5, "bbox": [15, 13, 8.886, 6.463], "area": 57.429, "segmentation": [[17.571, 12.857, 23.229, 15.881, 23.942, 17.931, 19.997, 18.998, 15.131, 16.367, 15.056, 12.535]], "iscrowd": 0}, {"id": 9089, "image_id": 1611, "category_id": 4, "bbox": [8, 11, 8.668, 16.934], "area": 146.794, "segmentation": [[9.286, 12, 8.194, 19.913, 7.978, 24.549, 8.501, 27.507, 13.677, 27.073, 16.033, 25.802, 13.977, 18.983, 14.944, 14.254, 16.646, 10.799, 13.474, 10.573, 10.533, 11.828]], "iscrowd": 0}]}