{"categories": [{"id": 0, "name": "body-parts", "supercategory": "none"}, {"id": 1, "name": "Head", "supercategory": "body-parts"}, {"id": 2, "name": "Lower_Arm", "supercategory": "body-parts"}, {"id": 3, "name": "Lower_Leg", "supercategory": "body-parts"}, {"id": 4, "name": "Torso", "supercategory": "body-parts"}, {"id": 5, "name": "Upper_Arm", "supercategory": "body-parts"}, {"id": 6, "name": "Upper_Leg", "supercategory": "body-parts"}], "images": [{"id": 908, "license": 1, "file_name": "22_left7.jpg", "height": 64, "width": 27, "date_captured": "2023-06-08T19:45:40+00:00"}], "annotations": [{"id": 5119, "image_id": 908, "category_id": 1, "bbox": [9, 1, 8.552, 9.331], "area": 79.792, "segmentation": [[12.389, 10.583, 9.294, 8.049, 9.405, 3.384, 14.069, 1.495, 17.845, 4.05, 16.735, 9.382, 13.958, 10.826]], "iscrowd": 0}, {"id": 5120, "image_id": 908, "category_id": 4, "bbox": [6, 12, 8.996, 16.662], "area": 149.888, "segmentation": [[7.739, 13.048, 6.85, 19.49, 5.851, 26.155, 7.184, 29.154, 11.959, 29.043, 14.18, 28.709, 12.181, 21.934, 12.626, 16.713, 14.847, 14.269, 14.847, 12.492, 10.515, 13.27]], "iscrowd": 0}, {"id": 5121, "image_id": 908, "category_id": 6, "bbox": [8, 29, 10.44, 18.994], "area": 198.297, "segmentation": [[7.667, 29.333, 13.514, 29.154, 15.069, 34.374, 16.957, 39.484, 17.956, 44.038, 17.845, 46.815, 14.403, 48.148, 10.515, 41.928, 7.517, 38.706, 7.517, 35.818]], "iscrowd": 0}, {"id": 5122, "image_id": 908, "category_id": 3, "bbox": [13, 47, 6.553, 14.884], "area": 97.532, "segmentation": [[14.194, 48.5, 12.737, 54.257, 12.737, 57.923, 13.07, 62.144, 16.957, 55.812, 19.067, 51.036, 19.289, 48.815, 18.068, 47.259]], "iscrowd": 0}, {"id": 5123, "image_id": 908, "category_id": 5, "bbox": [12, 13, 9.677, 7.109], "area": 68.792, "segmentation": [[12.389, 17.806, 20.067, 20.379, 22.066, 18.268, 20.067, 15.824, 14.625, 13.27]], "iscrowd": 0}]}