{"categories": [{"id": 0, "name": "body-parts", "supercategory": "none"}, {"id": 1, "name": "Head", "supercategory": "body-parts"}, {"id": 2, "name": "Lower_Arm", "supercategory": "body-parts"}, {"id": 3, "name": "Lower_Leg", "supercategory": "body-parts"}, {"id": 4, "name": "Torso", "supercategory": "body-parts"}, {"id": 5, "name": "Upper_Arm", "supercategory": "body-parts"}, {"id": 6, "name": "Upper_Leg", "supercategory": "body-parts"}], "images": [{"id": 1124, "license": 1, "file_name": "22_left1.jpg", "height": 64, "width": 27, "date_captured": "2023-06-08T19:45:40+00:00"}], "annotations": [{"id": 6327, "image_id": 1124, "category_id": 1, "bbox": [10, 6, 6, 4], "area": 24, "segmentation": [[15, 9.5, 16, 7.5, 14.5, 6, 11.5, 6, 10, 7.5, 10, 8.5, 11.5, 10]], "iscrowd": 0}, {"id": 6328, "image_id": 1124, "category_id": 6, "bbox": [8, 31, 8, 15.5], "area": 124, "segmentation": [[16, 46.5, 16, 35.5, 15, 34.5, 15, 32.5, 13.5, 31, 9.5, 31, 8, 36.5, 9, 38.5, 12, 40.5, 13, 46.5]], "iscrowd": 0}, {"id": 6329, "image_id": 1124, "category_id": 3, "bbox": [9, 51, 7, 12.5], "area": 87.5, "segmentation": [[11, 63.5, 11, 62.5, 15, 58.5, 15, 55.5, 16, 54.5, 15.5, 51, 10, 53.5, 10, 55.5, 9, 56.5, 9, 63.5]], "iscrowd": 0}, {"id": 6330, "image_id": 1124, "category_id": 5, "bbox": [11, 12, 9, 8.5], "area": 76.5, "segmentation": [[19, 20.5, 20, 19.5, 17, 16.5, 16, 13.5, 14.5, 12, 11, 14.5, 11.5, 17, 15.5, 17, 17, 20.5]], "iscrowd": 0}, {"id": 6331, "image_id": 1124, "category_id": 4, "bbox": [9, 12, 8, 18], "area": 144, "segmentation": [[15, 29.5, 16, 27.5, 16, 17.5, 17, 15.5, 14.5, 12, 10.5, 12, 9, 13.5, 9, 27.5, 10.5, 30]], "iscrowd": 0}, {"id": 6332, "image_id": 1124, "category_id": 2, "bbox": [19, 20, 4, 5], "area": 20, "segmentation": [[23, 24.5, 23, 23.5, 19.5, 20, 19, 21.5, 22.5, 25]], "iscrowd": 0}]}