{"categories": [{"id": 0, "name": "body-parts", "supercategory": "none"}, {"id": 1, "name": "Head", "supercategory": "body-parts"}, {"id": 2, "name": "Lower_Arm", "supercategory": "body-parts"}, {"id": 3, "name": "Lower_Leg", "supercategory": "body-parts"}, {"id": 4, "name": "Torso", "supercategory": "body-parts"}, {"id": 5, "name": "Upper_Arm", "supercategory": "body-parts"}, {"id": 6, "name": "Upper_Leg", "supercategory": "body-parts"}], "images": [{"id": 752, "license": 1, "file_name": "22_left4.jpg", "height": 64, "width": 27, "date_captured": "2023-06-08T19:45:40+00:00"}], "annotations": [{"id": 4247, "image_id": 752, "category_id": 1, "bbox": [12, 6, 6, 3], "area": 18, "segmentation": [[17, 8.5, 18, 7.5, 16.5, 6, 13.5, 6, 12, 7.5, 13.5, 9]], "iscrowd": 0}, {"id": 4248, "image_id": 752, "category_id": 6, "bbox": [9, 29, 8, 19], "area": 152, "segmentation": [[16, 47.5, 17, 45.5, 17, 41.5, 16, 40.5, 16, 31.5, 13.5, 29, 10.5, 29, 9, 30.5, 10, 42.5, 14.5, 48]], "iscrowd": 0}, {"id": 4249, "image_id": 752, "category_id": 3, "bbox": [10, 49, 7, 14.5], "area": 101.5, "segmentation": [[11, 63.5, 13, 61.5, 13, 59.5, 16, 56.5, 16, 52.5, 17, 51.5, 16.5, 49, 14.5, 49, 10, 54.5, 10, 63.5]], "iscrowd": 0}, {"id": 4250, "image_id": 752, "category_id": 4, "bbox": [10, 12, 6, 16], "area": 96, "segmentation": [[14, 27.5, 16, 25.5, 16, 14.5, 14.5, 12, 11.5, 12, 10, 13.5, 10, 26.5, 11.5, 28]], "iscrowd": 0}, {"id": 4251, "image_id": 752, "category_id": 5, "bbox": [16, 17, 5, 10], "area": 50, "segmentation": [[21, 26.5, 21, 23.5, 19, 20.5, 19, 18.5, 17.5, 17, 16.5, 17, 16, 20.5, 18, 22.5, 19, 25.5, 20.5, 27]], "iscrowd": 0}, {"id": 4252, "image_id": 752, "category_id": 5, "bbox": [15, 11, 7, 7], "area": 49, "segmentation": [[22, 17.5, 22, 16.5, 19, 14.5, 17.5, 11, 15, 11.5, 15, 14.5, 17.5, 17, 19.5, 17, 20.5, 18]], "iscrowd": 0}]}