{"categories": [{"id": 0, "name": "body-parts", "supercategory": "none"}, {"id": 1, "name": "Head", "supercategory": "body-parts"}, {"id": 2, "name": "Lower_Arm", "supercategory": "body-parts"}, {"id": 3, "name": "Lower_Leg", "supercategory": "body-parts"}, {"id": 4, "name": "Torso", "supercategory": "body-parts"}, {"id": 5, "name": "Upper_Arm", "supercategory": "body-parts"}, {"id": 6, "name": "Upper_Leg", "supercategory": "body-parts"}], "images": [{"id": 1227, "license": 1, "file_name": "22_left2.jpg", "height": 64, "width": 27, "date_captured": "2023-06-08T19:45:40+00:00"}], "annotations": [{"id": 6920, "image_id": 1227, "category_id": 1, "bbox": [9, 6, 6, 4], "area": 24, "segmentation": [[13, 9.5, 15, 8.5, 14.5, 7, 12.5, 6, 9, 6.5, 9.5, 10]], "iscrowd": 0}, {"id": 6921, "image_id": 1227, "category_id": 5, "bbox": [12, 13, 10.139, 10.647], "area": 107.953, "segmentation": [[22, 23.5, 19, 20.5, 18, 18.5, 16.924, 16.085, 15.202, 15.174, 12.671, 13.353, 11.861, 14.769, 14, 19.5, 15.5, 20, 19.5, 24]], "iscrowd": 0}, {"id": 6922, "image_id": 1227, "category_id": 4, "bbox": [7, 11, 11.201, 19.5], "area": 218.427, "segmentation": [[15, 30.5, 16, 29.5, 15, 28.5, 15.607, 26.307, 16.215, 24.789, 16.215, 22.664, 17.025, 20.336, 17, 17.5, 18, 13.5, 16.5, 12, 10.5, 11, 8, 12.5, 6.799, 19.02, 8, 25.5, 7.609, 28.028, 9, 30.5]], "iscrowd": 0}, {"id": 6923, "image_id": 1227, "category_id": 6, "bbox": [8, 30, 10, 17.5], "area": 175, "segmentation": [[18, 47.5, 18, 42.5, 16, 39.5, 16.519, 35.922, 16.519, 34.303, 16.62, 31.064, 12.5, 30, 11.5, 31, 9.5, 31, 8, 33.5, 8, 37.5, 11.76, 41.185, 12.975, 43.007, 14, 44.5, 16, 46.5, 16, 47.5]], "iscrowd": 0}, {"id": 6924, "image_id": 1227, "category_id": 3, "bbox": [2, 48, 17, 15.5], "area": 263.5, "segmentation": [[4, 63.5, 5, 61.5, 9.5, 57, 14.5, 55, 16, 53.5, 16, 52.5, 19, 50.5, 19, 49.5, 17.5, 48, 16.5, 48, 7.811, 54.342, 6.5, 56, 3.5, 59, 2, 59.5, 2, 63.5]], "iscrowd": 0}]}