{"categories": [{"id": 0, "name": "body-parts", "supercategory": "none"}, {"id": 1, "name": "Head", "supercategory": "body-parts"}, {"id": 2, "name": "Lower_Arm", "supercategory": "body-parts"}, {"id": 3, "name": "Lower_Leg", "supercategory": "body-parts"}, {"id": 4, "name": "Torso", "supercategory": "body-parts"}, {"id": 5, "name": "Upper_Arm", "supercategory": "body-parts"}, {"id": 6, "name": "Upper_Leg", "supercategory": "body-parts"}], "images": [{"id": 1677, "license": 1, "file_name": "22_prone5.jpg", "height": 64, "width": 27, "date_captured": "2023-06-08T19:45:40+00:00"}], "annotations": [{"id": 9474, "image_id": 1677, "category_id": 6, "bbox": [5, 29, 19, 23], "area": 437, "segmentation": [[8, 51.5, 9, 48.5, 11, 46.5, 11, 39.5, 12.5, 37, 16, 37.5, 16, 40.5, 17, 41.5, 17, 49.5, 18.5, 51, 22.5, 51, 24, 49.5, 24, 47.5, 22, 44.5, 22, 41.5, 21, 39.5, 17, 36.5, 17, 32.5, 18, 31.5, 17.5, 30, 15.5, 31, 11.5, 29, 9, 29.5, 9, 33.5, 8, 34.5, 7, 40.5, 6, 41.5, 7, 42.5, 7, 44.5, 5, 46.5, 6, 47.5, 5, 48.5, 6, 50.5, 7.5, 52]], "iscrowd": 0}, {"id": 9475, "image_id": 1677, "category_id": 4, "bbox": [9, 16, 12, 15], "area": 180, "segmentation": [[18, 30.5, 20, 26.5, 20, 24.5, 21, 23.5, 20, 21.5, 20, 18.5, 17.5, 16, 13.5, 16, 11, 17.5, 11, 19.5, 9, 22.5, 9, 26.5, 12.5, 30, 14.5, 30, 15.5, 31]], "iscrowd": 0}, {"id": 9476, "image_id": 1677, "category_id": 2, "bbox": [2, 0, 20, 9], "area": 180, "segmentation": [[8, 8.5, 8, 7.5, 9.5, 6, 21.5, 6, 22, 0.5, 18.5, 0, 12.5, 3, 3.5, 3, 2, 4.5, 2.5, 7, 5.5, 7, 6.5, 9]], "iscrowd": 0}]}