{"categories": [{"id": 0, "name": "body-parts", "supercategory": "none"}, {"id": 1, "name": "Head", "supercategory": "body-parts"}, {"id": 2, "name": "Lower_Arm", "supercategory": "body-parts"}, {"id": 3, "name": "Lower_Leg", "supercategory": "body-parts"}, {"id": 4, "name": "Torso", "supercategory": "body-parts"}, {"id": 5, "name": "Upper_Arm", "supercategory": "body-parts"}, {"id": 6, "name": "Upper_Leg", "supercategory": "body-parts"}], "images": [{"id": 1221, "license": 1, "file_name": "22_prone4.jpg", "height": 64, "width": 27, "date_captured": "2023-06-08T19:45:40+00:00"}], "annotations": [{"id": 6883, "image_id": 1221, "category_id": 1, "bbox": [13, 0, 7.262, 6.949], "area": 50.466, "segmentation": [[16.342, 0.553, 14.013, 1.241, 13.487, 1.767, 13.382, 3.873, 13.697, 5.769, 16.855, 7.243, 19.907, 6.822, 20.538, 5.032, 20.644, 1.452, 19.275, 0.399, 17.697, 0.293, 17.276, 0.293]], "iscrowd": 0}, {"id": 6884, "image_id": 1221, "category_id": 2, "bbox": [2, 3, 11.156, 4.422], "area": 49.335, "segmentation": [[13.184, 4.368, 6.33, 6.822, 5.593, 7.137, 2.226, 6.822, 2.541, 5.558, 4.541, 4.4, 7.698, 3.663, 12.013, 2.715, 13.382, 3.136]], "iscrowd": 0}, {"id": 6885, "image_id": 1221, "category_id": 4, "bbox": [10, 14, 11.261, 20.743], "area": 233.592, "segmentation": [[20.289, 15.684, 21.065, 20.826, 21.065, 24.3, 21.38, 29.038, 21.065, 30.934, 20.433, 33.04, 18.223, 34.619, 13.382, 34.935, 11.382, 34.198, 10.856, 31.566, 10.119, 26.933, 10.33, 22.089, 11.803, 18.93, 14.539, 15.877, 18.539, 14.192, 20.749, 14.824]], "iscrowd": 0}, {"id": 6886, "image_id": 1221, "category_id": 6, "bbox": [13, 34, 7.118, 14.623], "area": 104.091, "segmentation": [[19.763, 34.105, 19.486, 38.515, 18.223, 43.464, 16.96, 46.728, 16.539, 48.728, 12.855, 46.307, 12.645, 45.885, 12.75, 42.727, 13.171, 39.252, 13.066, 37.883, 15.171, 34.83, 18.644, 34.83]], "iscrowd": 0}, {"id": 6887, "image_id": 1221, "category_id": 6, "bbox": [0, 36, 9.698, 10.108], "area": 98.03, "segmentation": [[7.395, 36.474, 4.646, 38.304, 1.805, 39.989, 0, 42.095, 0, 44.727, 2.015, 45.78, 4.752, 44.727, 9.488, 39.673, 9.698, 38.726, 9.593, 36.514, 8.646, 35.672, 8.33, 35.672]], "iscrowd": 0}, {"id": 6888, "image_id": 1221, "category_id": 3, "bbox": [13, 46, 4.105, 9.161], "area": 37.601, "segmentation": [[16.474, 48.974, 16.75, 53.467, 16.223, 55.573, 14.434, 53.888, 13.592, 50.729, 13.171, 48.307, 12.645, 46.412]], "iscrowd": 0}]}