{"categories": [{"id": 0, "name": "body-parts", "supercategory": "none"}, {"id": 1, "name": "Head", "supercategory": "body-parts"}, {"id": 2, "name": "Lower_Arm", "supercategory": "body-parts"}, {"id": 3, "name": "Lower_Leg", "supercategory": "body-parts"}, {"id": 4, "name": "Torso", "supercategory": "body-parts"}, {"id": 5, "name": "Upper_Arm", "supercategory": "body-parts"}, {"id": 6, "name": "Upper_Leg", "supercategory": "body-parts"}], "images": [{"id": 1632, "license": 1, "file_name": "22_prone2.jpg", "height": 64, "width": 27, "date_captured": "2023-06-08T19:45:40+00:00"}], "annotations": [{"id": 9199, "image_id": 1632, "category_id": 1, "bbox": [7, 5, 6, 5.5], "area": 33, "segmentation": [[11, 10.5, 13, 7.5, 13, 5.5, 8.5, 5, 7, 7.5, 7, 10.5]], "iscrowd": 0}, {"id": 9200, "image_id": 1632, "category_id": 4, "bbox": [8, 14, 11, 19], "area": 209, "segmentation": [[18, 32.5, 19, 31.5, 19, 29.5, 18, 28.5, 19, 27.5, 19, 21.5, 18, 20.5, 18, 17.5, 15.5, 17, 13.5, 14, 12.5, 15, 8.5, 15, 8, 16.5, 9, 17.5, 9, 30.5, 14.5, 33]], "iscrowd": 0}, {"id": 9201, "image_id": 1632, "category_id": 5, "bbox": [17, 11, 6, 13.5], "area": 81, "segmentation": [[23, 24.5, 23, 21.5, 21, 17.5, 21, 12.5, 19.5, 11, 17.5, 11, 17, 14.5, 18, 15.5, 17, 16.5, 19, 18.5, 20, 24.5]], "iscrowd": 0}, {"id": 9202, "image_id": 1632, "category_id": 5, "bbox": [4, 12, 4, 12.5], "area": 50, "segmentation": [[5, 24.5, 5, 20.5, 8, 14.5, 8, 13.5, 6.5, 12, 4, 14.5, 4, 24.5]], "iscrowd": 0}, {"id": 9203, "image_id": 1632, "category_id": 2, "bbox": [20, 27, 3, 8.5], "area": 25.5, "segmentation": [[22.238, 35.475, 22.238, 33.475, 23.238, 32.475, 23.238, 27.475, 20.738, 26.975, 20.238, 35.475]], "iscrowd": 0}, {"id": 9204, "image_id": 1632, "category_id": 2, "bbox": [3, 26, 3, 10.5], "area": 31.5, "segmentation": [[6, 36.5, 6, 33.5, 5, 32.5, 6, 31.5, 6, 28.5, 4.5, 26, 3, 27.5, 4, 28.5, 4, 36.5]], "iscrowd": 0}, {"id": 9205, "image_id": 1632, "category_id": 6, "bbox": [9, 29, 9, 17], "area": 153, "segmentation": [[17, 45.5, 17, 43.5, 18, 42.5, 18, 32.5, 17.5, 32, 15.5, 33, 14.5, 32, 13.5, 33, 11.5, 32, 11, 29.5, 9.5, 29, 9, 42.5, 10.5, 43, 12, 38.5, 13.5, 38, 14, 41.5, 13, 43.5, 14.5, 46]], "iscrowd": 0}, {"id": 9206, "image_id": 1632, "category_id": 3, "bbox": [9, 62, 3, 2], "area": 6, "segmentation": [[12, 63.5, 11.5, 62, 9, 62.5, 9.5, 64]], "iscrowd": 0}, {"id": 9207, "image_id": 1632, "category_id": 3, "bbox": [13, 46, 3, 10.5], "area": 31.5, "segmentation": [[14, 56.5, 15, 55.5, 15, 50.5, 16, 49.5, 15.5, 46, 13, 46.5, 13, 56.5]], "iscrowd": 0}, {"id": 9208, "image_id": 1632, "category_id": 3, "bbox": [9, 46, 3, 2.5], "area": 7.5, "segmentation": [[11, 48.5, 12, 47.5, 10.5, 46, 9.5, 46, 9, 48.5]], "iscrowd": 0}]}