{"categories": [{"id": 0, "name": "body-parts", "supercategory": "none"}, {"id": 1, "name": "Head", "supercategory": "body-parts"}, {"id": 2, "name": "Lower_Arm", "supercategory": "body-parts"}, {"id": 3, "name": "Lower_Leg", "supercategory": "body-parts"}, {"id": 4, "name": "Torso", "supercategory": "body-parts"}, {"id": 5, "name": "Upper_Arm", "supercategory": "body-parts"}, {"id": 6, "name": "Upper_Leg", "supercategory": "body-parts"}], "images": [{"id": 649, "license": 1, "file_name": "22_right4.jpg", "height": 64, "width": 27, "date_captured": "2023-06-08T19:45:40+00:00"}], "annotations": [{"id": 3626, "image_id": 649, "category_id": 1, "bbox": [12, 5, 7.108, 5.228], "area": 37.16, "segmentation": [[15.583, 10.722, 11.848, 8.715, 11.848, 6.938, 14.736, 5.494, 18.956, 5.605, 18.29, 7.716, 17.734, 8.938]], "iscrowd": 0}, {"id": 3627, "image_id": 649, "category_id": 4, "bbox": [14, 12, 7.219, 16.884], "area": 121.884, "segmentation": [[15.167, 12.389, 18.845, 11.826, 20.511, 12.825, 21.066, 15.269, 20.622, 18.379, 20.178, 23.489, 20.511, 25.933, 19.956, 27.932, 15.513, 28.709, 13.847, 26.71, 13.847, 22.933, 13.847, 18.601, 14.291, 14.936]], "iscrowd": 0}, {"id": 3628, "image_id": 649, "category_id": 6, "bbox": [6, 28, 16.437, 16.106], "area": 264.741, "segmentation": [[20.4, 28.487, 22.066, 32.153, 22.177, 35.374, 20.289, 38.151, 17.401, 39.706, 13.181, 41.372, 9.294, 42.816, 7.072, 44.482, 5.74, 42.261, 9.627, 38.595, 11.737, 34.708, 13.847, 31.931, 15.846, 29.709, 16.846, 28.487, 18.179, 28.376]], "iscrowd": 0}, {"id": 3629, "image_id": 649, "category_id": 3, "bbox": [5, 43, 15.215, 20.216], "area": 307.596, "segmentation": [[7.739, 44.816, 12.514, 47.926, 16.735, 53.591, 20.511, 56.479, 18.29, 60.7, 16.513, 63.255, 14.847, 61.255, 14.847, 57.367, 14.403, 55.257, 10.404, 51.258, 6.295, 46.26, 5.295, 43.038, 6.739, 43.15]], "iscrowd": 0}, {"id": 3630, "image_id": 649, "category_id": 5, "bbox": [8, 18, 6.5, 12], "area": 78, "segmentation": [[13.1, 18, 7.9, 27.1, 8.8, 30, 11.6, 28.5, 13.3, 24.9, 14.4, 18.2]], "iscrowd": 0}, {"id": 3631, "image_id": 649, "category_id": 2, "bbox": [5, 28, 6.5, 7.9], "area": 51.35, "segmentation": [[11.6, 28.5, 8.5, 36.1, 5.1, 35.4, 6.3, 32.9, 7.7, 28.2]], "iscrowd": 0}]}