{"categories": [{"id": 0, "name": "body-parts", "supercategory": "none"}, {"id": 1, "name": "Head", "supercategory": "body-parts"}, {"id": 2, "name": "Lower_Arm", "supercategory": "body-parts"}, {"id": 3, "name": "Lower_Leg", "supercategory": "body-parts"}, {"id": 4, "name": "Torso", "supercategory": "body-parts"}, {"id": 5, "name": "Upper_Arm", "supercategory": "body-parts"}, {"id": 6, "name": "Upper_Leg", "supercategory": "body-parts"}], "images": [{"id": 1614, "license": 1, "file_name": "22_right1.jpg", "height": 64, "width": 27, "date_captured": "2023-06-08T19:45:40+00:00"}], "annotations": [{"id": 9101, "image_id": 1614, "category_id": 1, "bbox": [10, 7, 5, 4.5], "area": 22.5, "segmentation": [[14, 11.5, 15, 10.5, 15, 8.5, 13.5, 7, 10.5, 7, 10, 10.5, 12.5, 11, 13.177, 11.328]], "iscrowd": 0}, {"id": 9102, "image_id": 1614, "category_id": 5, "bbox": [8, 16, 7, 13.5], "area": 94.5, "segmentation": [[9, 29.5, 11.5, 28, 10.849, 26.915, 12.165, 24.283, 12.772, 22.866, 13.684, 22.563, 13.481, 21.652, 13.279, 20.336, 14, 18.5, 15, 17.5, 13.5, 16, 13.177, 16.895, 10.95, 20.134, 9, 27.5, 8, 28.5, 8, 29.5]], "iscrowd": 0}, {"id": 9103, "image_id": 1614, "category_id": 4, "bbox": [13, 12, 7.771, 17.267], "area": 134.18, "segmentation": [[19, 28.5, 20.062, 26.813, 20.771, 21.955, 20, 13.5, 17.936, 11.733, 14.089, 12.543, 14, 16.5, 13.582, 19.425, 13, 21.5, 15, 22.5, 14.595, 28.837, 17.5, 29]], "iscrowd": 0}, {"id": 9104, "image_id": 1614, "category_id": 2, "bbox": [6, 30, 3.735, 9.353], "area": 34.932, "segmentation": [[9, 38.5, 9.735, 30.052, 7.811, 29.647, 6, 32.5, 6, 37.5, 7.5, 39]], "iscrowd": 0}, {"id": 9105, "image_id": 1614, "category_id": 6, "bbox": [10, 30, 9.556, 17.5], "area": 167.23, "segmentation": [[11, 47.5, 14, 45.5, 14, 43.5, 16, 39.5, 18, 37.5, 19.455, 35.821, 19.556, 32.076, 18.5, 30, 16.5, 30, 15, 31.5, 13.987, 32.279, 13.582, 33.695, 12.266, 37.946, 10.646, 42.096, 10, 44.5, 10, 47.5]], "iscrowd": 0}, {"id": 9106, "image_id": 1614, "category_id": 3, "bbox": [9, 48, 5, 15], "area": 75, "segmentation": [[13, 62.5, 14, 61.5, 14, 53.5, 13, 52.5, 13, 49.5, 11.5, 48, 10.5, 48, 9, 49.5, 9, 51.5, 10, 52.5, 10, 60.5, 12.5, 63]], "iscrowd": 0}]}