{"categories": [{"id": 0, "name": "body-parts", "supercategory": "none"}, {"id": 1, "name": "Head", "supercategory": "body-parts"}, {"id": 2, "name": "Lower_Arm", "supercategory": "body-parts"}, {"id": 3, "name": "Lower_Leg", "supercategory": "body-parts"}, {"id": 4, "name": "Torso", "supercategory": "body-parts"}, {"id": 5, "name": "Upper_Arm", "supercategory": "body-parts"}, {"id": 6, "name": "Upper_Leg", "supercategory": "body-parts"}], "images": [{"id": 1363, "license": 1, "file_name": "22_right2.jpg", "height": 64, "width": 27, "date_captured": "2023-06-08T19:45:40+00:00"}], "annotations": [{"id": 7706, "image_id": 1363, "category_id": 3, "bbox": [4, 44, 14, 19.5], "area": 273, "segmentation": [[18, 63.5, 18, 57.5, 14, 53.5, 12, 49.5, 10.5, 48, 8.5, 48, 8, 45.5, 6.5, 44, 4.5, 44, 4, 47.5, 5.5, 48, 6, 49.5, 14, 56.5, 16, 60.5, 16, 63.5]], "iscrowd": 0}, {"id": 7707, "image_id": 1363, "category_id": 1, "bbox": [11, 6, 6, 5], "area": 30, "segmentation": [[16, 10.5, 17, 7.5, 15.5, 6, 13.5, 6, 11, 8.5, 12.5, 10, 14.5, 10, 15.5, 11]], "iscrowd": 0}, {"id": 7708, "image_id": 1363, "category_id": 6, "bbox": [4, 29, 17, 18], "area": 306, "segmentation": [[8, 46.5, 8, 44.5, 12.5, 40, 19.5, 37, 21, 35.5, 20, 34.5, 20, 30.5, 18.5, 29, 16.5, 29, 11, 35.5, 11, 36.5, 4, 43.5, 4.5, 46, 6.5, 46, 7.5, 47]], "iscrowd": 0}, {"id": 7709, "image_id": 1363, "category_id": 4, "bbox": [15, 12, 6, 16], "area": 96, "segmentation": [[20, 27.5, 21, 26.5, 21, 12.5, 16.5, 12, 15, 14.5, 15, 16.5, 17, 17.5, 17, 24.5, 16, 26.5, 17.5, 28]], "iscrowd": 0}, {"id": 7710, "image_id": 1363, "category_id": 5, "bbox": [10, 17, 7, 8.5], "area": 59.5, "segmentation": [[12, 25.5, 13, 23.5, 17, 20.5, 16.5, 17, 15.5, 17, 13, 19.5, 13, 21.5, 10, 25.5]], "iscrowd": 0}, {"id": 7711, "image_id": 1363, "category_id": 2, "bbox": [7, 26, 5, 10.5], "area": 52.5, "segmentation": [[10, 36.5, 10, 33.5, 9, 31.5, 12, 26.5, 11.5, 26, 10.5, 26, 9, 27.5, 8, 31.5, 7, 32.5, 7, 36.5]], "iscrowd": 0}]}