{"categories": [{"id": 0, "name": "body-parts", "supercategory": "none"}, {"id": 1, "name": "Head", "supercategory": "body-parts"}, {"id": 2, "name": "Lower_Arm", "supercategory": "body-parts"}, {"id": 3, "name": "Lower_Leg", "supercategory": "body-parts"}, {"id": 4, "name": "Torso", "supercategory": "body-parts"}, {"id": 5, "name": "Upper_Arm", "supercategory": "body-parts"}, {"id": 6, "name": "Upper_Leg", "supercategory": "body-parts"}], "images": [{"id": 1351, "license": 1, "file_name": "22_right7.jpg", "height": 64, "width": 27, "date_captured": "2023-06-08T19:45:40+00:00"}], "annotations": [{"id": 7636, "image_id": 1351, "category_id": 1, "bbox": [15, 3, 7.262, 6.212], "area": 45.114, "segmentation": [[18.749, 9.243, 15.066, 7.874, 14.539, 5.137, 14.96, 3.873, 17.171, 3.031, 20.644, 3.557, 21.801, 5.769, 20.749, 8.296, 20.012, 8.822]], "iscrowd": 0}, {"id": 7637, "image_id": 1351, "category_id": 5, "bbox": [8, 11, 9.367, 4.738], "area": 44.382, "segmentation": [[8.447, 13.579, 10.645, 12.929, 13.697, 11.981, 15.066, 11.454, 15.802, 11.454, 16.644, 11.665, 17.171, 13.455, 15.697, 16.193, 12.54, 16.193, 8.646, 15.771, 7.804, 14.929]], "iscrowd": 0}, {"id": 7638, "image_id": 1351, "category_id": 4, "bbox": [14, 10, 9.262, 19.479], "area": 180.409, "segmentation": [[16.474, 11.342, 19.696, 10.296, 22.222, 12.402, 22.959, 15.35, 22.854, 19.457, 22.222, 23.142, 21.486, 26.196, 21.486, 28.091, 18.854, 29.565, 15.802, 29.776, 13.697, 26.196, 13.697, 22.51, 15.381, 18.93, 16.118, 17.667, 16.644, 14.719, 16.75, 14.297]], "iscrowd": 0}, {"id": 7639, "image_id": 1351, "category_id": 6, "bbox": [7, 28, 15.682, 19.175], "area": 300.701, "segmentation": [[21.605, 28.184, 22.012, 32.408, 22.222, 35.356, 18.854, 39.778, 14.96, 42.411, 13.908, 44.622, 12.329, 46.938, 7.593, 47.36, 6.541, 45.78, 9.909, 39.357, 12.224, 36.514, 14.329, 33.356, 15.171, 30.934, 15.802, 30.091, 16.855, 29.144]], "iscrowd": 0}, {"id": 7640, "image_id": 1351, "category_id": 3, "bbox": [8, 47, 5.788, 15.478], "area": 89.596, "segmentation": [[12.119, 47.149, 13.697, 52.73, 14.118, 57.784, 14.013, 60.837, 13.487, 62.627, 10.961, 61.364, 9.593, 58.626, 9.067, 55.151, 8.751, 51.677, 8.646, 49.676, 8.33, 48.307, 8.856, 47.57]], "iscrowd": 0}]}