{"categories": [{"id": 0, "name": "body-parts", "supercategory": "none"}, {"id": 1, "name": "Head", "supercategory": "body-parts"}, {"id": 2, "name": "Lower_Arm", "supercategory": "body-parts"}, {"id": 3, "name": "Lower_Leg", "supercategory": "body-parts"}, {"id": 4, "name": "Torso", "supercategory": "body-parts"}, {"id": 5, "name": "Upper_Arm", "supercategory": "body-parts"}, {"id": 6, "name": "Upper_Leg", "supercategory": "body-parts"}], "images": [{"id": 612, "license": 1, "file_name": "22_right5.jpg", "height": 64, "width": 27, "date_captured": "2023-06-08T19:45:40+00:00"}], "annotations": [{"id": 3436, "image_id": 612, "category_id": 3, "bbox": [9, 48, 4, 15.5], "area": 62, "segmentation": [[13, 63.5, 13, 50.5, 12, 48.5, 10.5, 48, 9, 49.5, 9, 59.5, 10, 60.5, 10, 63.5]], "iscrowd": 0}, {"id": 3437, "image_id": 612, "category_id": 6, "bbox": [9, 29, 13, 18.5], "area": 240.5, "segmentation": [[12, 47.5, 16, 42.5, 16, 40.5, 18.5, 38, 19.5, 38, 22, 34.5, 21, 33.5, 20.5, 29, 14.5, 29, 10, 35.5, 10, 43.5, 9, 44.5, 10, 45.5, 10, 47.5]], "iscrowd": 0}, {"id": 3438, "image_id": 612, "category_id": 4, "bbox": [15, 13, 6, 15.5], "area": 93, "segmentation": [[20, 28.5, 21, 26.5, 21, 17.5, 20, 16.5, 20, 14.5, 16.5, 13, 16, 20.5, 15, 21.5, 15, 28.5]], "iscrowd": 0}, {"id": 3439, "image_id": 612, "category_id": 5, "bbox": [11, 10, 11, 7], "area": 77, "segmentation": [[22, 16.5, 22, 12.5, 20.5, 11, 18.5, 10, 11, 10.5, 11, 11.5, 14.5, 14, 18.5, 14, 19.5, 17]], "iscrowd": 0}, {"id": 3440, "image_id": 612, "category_id": 2, "bbox": [9, 6, 6, 6], "area": 36, "segmentation": [[12, 11.5, 12, 10.5, 15, 8.5, 14.5, 6, 11.5, 6, 9, 7.5, 9, 10.5, 11.5, 12]], "iscrowd": 0}]}