{"categories": [{"id": 0, "name": "body-parts", "supercategory": "none"}, {"id": 1, "name": "Head", "supercategory": "body-parts"}, {"id": 2, "name": "Lower_Arm", "supercategory": "body-parts"}, {"id": 3, "name": "Lower_Leg", "supercategory": "body-parts"}, {"id": 4, "name": "Torso", "supercategory": "body-parts"}, {"id": 5, "name": "Upper_Arm", "supercategory": "body-parts"}, {"id": 6, "name": "Upper_Leg", "supercategory": "body-parts"}], "images": [{"id": 1545, "license": 1, "file_name": "22_supine3.jpg", "height": 64, "width": 27, "date_captured": "2023-06-08T19:45:40+00:00"}], "annotations": [{"id": 8748, "image_id": 1545, "category_id": 6, "bbox": [6, 24, 14.2, 17.7], "area": 251.34, "segmentation": [[7.9, 39.4, 6.4, 32.1, 8, 25.7, 12.7, 24.4, 18.1, 25.1, 20.6, 28.5, 19.6, 32.5, 18.4, 37, 17.4, 41.5, 15.7, 42.1, 13.6, 38.3, 13.1, 35.3, 10.9, 37, 9.7, 39.5]], "iscrowd": 0}, {"id": 8749, "image_id": 1545, "category_id": 3, "bbox": [13, 46, 4.6, 12.8], "area": 58.88, "segmentation": [[13.3, 51.8, 14.7, 46.2, 16.8, 46.1, 17.9, 50.8, 17.4, 56.5, 15.8, 58.9, 13.9, 54.8]], "iscrowd": 0}, {"id": 8750, "image_id": 1545, "category_id": 3, "bbox": [7, 48, 4.3, 11.2], "area": 48.16, "segmentation": [[10.2, 47.5, 11.7, 53, 9.9, 58, 7.9, 58.7, 7.5, 54.7, 7.4, 50.2, 8.8, 48.1]], "iscrowd": 0}, {"id": 8751, "image_id": 1545, "category_id": 3, "bbox": [9, 61, 8.6, 2.8], "area": 24.08, "segmentation": [[8.5, 63.8, 9.2, 61.8, 11, 61.3, 11.8, 62.1, 14.7, 61.2, 16.1, 62.4, 17.1, 64]], "iscrowd": 0}, {"id": 8752, "image_id": 1545, "category_id": 4, "bbox": [7, 7, 16.7, 17.6], "area": 293.92, "segmentation": [[10.5, 23.9, 8.8, 15.7, 6.5, 11.9, 7, 8.5, 7.8, 6.8, 10.9, 8.5, 16.9, 9, 20, 9.2, 23.2, 10.1, 22.7, 13.4, 19.2, 17.9, 17.7, 22.3, 17, 24.4]], "iscrowd": 0}, {"id": 8753, "image_id": 1545, "category_id": 2, "bbox": [7, 1, 10.8, 5.2], "area": 56.16, "segmentation": [[13.6, 5.7, 7.4, 3.4, 13.1, 1.9, 15.2, 1.3, 17, 1.6, 18, 2.9, 18.2, 5.5, 15.7, 6.5]], "iscrowd": 0}]}