{"categories": [{"id": 0, "name": "body-parts", "supercategory": "none"}, {"id": 1, "name": "Head", "supercategory": "body-parts"}, {"id": 2, "name": "Lower_Arm", "supercategory": "body-parts"}, {"id": 3, "name": "Lower_Leg", "supercategory": "body-parts"}, {"id": 4, "name": "Torso", "supercategory": "body-parts"}, {"id": 5, "name": "Upper_Arm", "supercategory": "body-parts"}, {"id": 6, "name": "Upper_Leg", "supercategory": "body-parts"}], "images": [{"id": 1062, "license": 1, "file_name": "22_supine6.jpg", "height": 64, "width": 27, "date_captured": "2023-06-08T19:45:40+00:00"}], "annotations": [{"id": 5974, "image_id": 1062, "category_id": 1, "bbox": [11, 2, 8, 7], "area": 56, "segmentation": [[18, 8.5, 19, 7.5, 18.5, 3, 16.5, 2, 12.5, 2, 11, 3.5, 11, 7.5, 12.5, 9]], "iscrowd": 0}, {"id": 5975, "image_id": 1062, "category_id": 6, "bbox": [8, 26, 11, 15], "area": 165, "segmentation": [[17, 40.5, 18, 39.5, 18, 35.5, 19, 34.5, 19, 27.5, 16.5, 26, 10.5, 26, 8, 29.5, 8, 33.5, 9, 34.5, 9, 40.5, 11, 40.5, 11.5, 35, 13.5, 35, 15, 36.5, 15, 39.5, 16.5, 41]], "iscrowd": 0}, {"id": 5976, "image_id": 1062, "category_id": 3, "bbox": [14, 47, 5, 16.5], "area": 82.5, "segmentation": [[18, 63.5, 17, 62.5, 17, 58.5, 19, 54.5, 19, 49.5, 18, 47.5, 16.5, 47, 15, 49.5, 15, 55.5, 16, 56.5, 15, 58.5, 15, 61.5, 16, 62.5, 14, 63.5]], "iscrowd": 0}, {"id": 5977, "image_id": 1062, "category_id": 3, "bbox": [7, 48, 5, 15.5], "area": 77.5, "segmentation": [[11, 63.5, 10, 61.5, 10, 58.5, 11, 57.5, 11, 54.5, 12, 52.5, 11, 51.5, 11, 48.5, 8.5, 48, 7, 50.5, 7, 54.5, 8, 55.5, 8, 63.5]], "iscrowd": 0}, {"id": 5978, "image_id": 1062, "category_id": 4, "bbox": [8, 10, 13, 15], "area": 195, "segmentation": [[17, 24.5, 18, 21.5, 20, 19.5, 20, 17.5, 21, 16.5, 21, 12.5, 18.5, 10, 10.5, 10, 8.5, 11, 8, 21.5, 9.5, 22, 11.5, 25]], "iscrowd": 0}, {"id": 5979, "image_id": 1062, "category_id": 5, "bbox": [3, 12, 5, 13], "area": 65, "segmentation": [[5, 24.5, 7, 22.5, 7, 18.5, 8, 17.5, 7.5, 12, 6, 14.5, 5, 19.5, 3, 21.5, 3, 23.5, 4.5, 25]], "iscrowd": 0}, {"id": 5980, "image_id": 1062, "category_id": 5, "bbox": [21, 13, 5, 14], "area": 70, "segmentation": [[25, 26.5, 26, 24.5, 25, 23.5, 25, 20.5, 24, 19.5, 24, 15.5, 22.5, 15, 21.5, 13, 21, 17.5, 22, 18.5, 22, 24.5, 23.5, 27]], "iscrowd": 0}]}