{"categories": [{"id": 0, "name": "body-parts", "supercategory": "none"}, {"id": 1, "name": "Head", "supercategory": "body-parts"}, {"id": 2, "name": "Lower_Arm", "supercategory": "body-parts"}, {"id": 3, "name": "Lower_Leg", "supercategory": "body-parts"}, {"id": 4, "name": "Torso", "supercategory": "body-parts"}, {"id": 5, "name": "Upper_Arm", "supercategory": "body-parts"}, {"id": 6, "name": "Upper_Leg", "supercategory": "body-parts"}], "images": [{"id": 360, "license": 1, "file_name": "22_supine4.jpg", "height": 64, "width": 27, "date_captured": "2023-06-08T19:45:40+00:00"}], "annotations": [{"id": 2010, "image_id": 360, "category_id": 1, "bbox": [10, 1, 7.886, 6.119], "area": 48.259, "segmentation": [[10.571, 2.429, 13.094, 1.03, 16.435, 1.731, 17.862, 4.468, 15.522, 7.149, 12.048, 6.05, 9.976, 4.18]], "iscrowd": 0}, {"id": 2011, "image_id": 360, "category_id": 4, "bbox": [9, 9, 12.588, 15.336], "area": 193.059, "segmentation": [[9.362, 11.002, 8.626, 17.801, 8.864, 21.688, 9.205, 24.59, 17.561, 24.098, 19.088, 20.614, 21.214, 15.08, 19.509, 9.557, 14.417, 9.254]], "iscrowd": 0}, {"id": 2012, "image_id": 360, "category_id": 5, "bbox": [3, 11, 5.864, 12.83], "area": 75.243, "segmentation": [[8.869, 11.213, 8.628, 15.188, 6.767, 17.046, 5.672, 23.15, 3.004, 24.044, 3.7, 18.902, 6.684, 12.993]], "iscrowd": 0}, {"id": 2013, "image_id": 360, "category_id": 5, "bbox": [21, 11, 4.156, 14.137], "area": 58.756, "segmentation": [[20.999, 11.063, 24.951, 19.787, 25.156, 25.199, 22.414, 24.503, 22.093, 19.938, 21.113, 15.795]], "iscrowd": 0}, {"id": 2014, "image_id": 360, "category_id": 6, "bbox": [8, 24, 11.512, 18.589], "area": 213.999, "segmentation": [[8.518, 24.667, 14.437, 24.564, 18.024, 24.416, 19.277, 29.453, 17.526, 36.683, 15.372, 43.004, 14.861, 36.543, 8.826, 34.949, 7.765, 30.786]], "iscrowd": 0}, {"id": 2015, "image_id": 360, "category_id": 3, "bbox": [9, 46, 9.412, 18.346], "area": 172.685, "segmentation": [[17.064, 47.054, 18.077, 53.711, 16.797, 58.342, 16.681, 64, 11.007, 63.817, 14.573, 60.661, 14.315, 54.21, 13.956, 50.105, 12.532, 52.831, 12.698, 55.885, 9.103, 56.116, 8.665, 51.036, 10.039, 45.653, 14.179, 46.962, 14.334, 49.831]], "iscrowd": 0}]}