{"categories": [{"id": 0, "name": "body-parts", "supercategory": "none"}, {"id": 1, "name": "Head", "supercategory": "body-parts"}, {"id": 2, "name": "Lower_Arm", "supercategory": "body-parts"}, {"id": 3, "name": "Lower_Leg", "supercategory": "body-parts"}, {"id": 4, "name": "Torso", "supercategory": "body-parts"}, {"id": 5, "name": "Upper_Arm", "supercategory": "body-parts"}, {"id": 6, "name": "Upper_Leg", "supercategory": "body-parts"}], "images": [{"id": 1137, "license": 1, "file_name": "22_supine5.jpg", "height": 64, "width": 27, "date_captured": "2023-06-08T19:45:40+00:00"}], "annotations": [{"id": 6396, "image_id": 1137, "category_id": 1, "bbox": [12, 1, 6, 5], "area": 30, "segmentation": [[17, 5.5, 18, 4.5, 18, 2.5, 16.5, 1, 13.5, 1, 12, 3.5, 15.5, 6]], "iscrowd": 0}, {"id": 6397, "image_id": 1137, "category_id": 3, "bbox": [13, 45, 4, 10.5], "area": 42, "segmentation": [[16, 55.5, 17, 54.5, 17, 46.5, 15.5, 45, 13, 47.5, 13, 50.5, 14, 51.5, 13, 52.5, 13, 55.5]], "iscrowd": 0}, {"id": 6398, "image_id": 1137, "category_id": 3, "bbox": [8, 47, 4, 16.5], "area": 66, "segmentation": [[12, 63.5, 10, 61.5, 10, 57.5, 12, 54.5, 12, 48.5, 10.5, 47, 9.5, 47, 8, 48.5, 8, 57.5, 9, 58.5, 9, 61.5, 8, 63.5]], "iscrowd": 0}, {"id": 6399, "image_id": 1137, "category_id": 6, "bbox": [8, 25, 13, 14.5], "area": 188.5, "segmentation": [[10, 39.5, 11.5, 35, 15.5, 35, 16.5, 34, 18.5, 34, 20, 32.5, 20, 30.5, 21, 29.5, 18.5, 26, 14.5, 25, 13.5, 26, 9.5, 26, 8, 27.5, 8, 37.5, 9, 39.5]], "iscrowd": 0}, {"id": 6400, "image_id": 1137, "category_id": 4, "bbox": [9, 10, 11, 15], "area": 165, "segmentation": [[17, 24.5, 19, 20.5, 19, 16.5, 20, 15.5, 19, 14.5, 19, 11.5, 17.5, 10, 11.5, 10, 9, 13.5, 9, 15.5, 10, 16.5, 10, 21.5, 12.5, 25]], "iscrowd": 0}, {"id": 6401, "image_id": 1137, "category_id": 5, "bbox": [3, 11, 5, 14], "area": 70, "segmentation": [[5, 24.5, 7, 22.5, 7, 18.5, 8, 17.5, 7.5, 11, 5, 15.5, 5, 18.5, 3, 21.5, 3, 23.5, 4.5, 25]], "iscrowd": 0}, {"id": 6402, "image_id": 1137, "category_id": 5, "bbox": [20, 11, 5, 10], "area": 50, "segmentation": [[25, 20.5, 24, 19.5, 24, 15.5, 22, 14.5, 22, 12.5, 20.5, 11, 20, 16.5, 22.5, 21]], "iscrowd": 0}, {"id": 6403, "image_id": 1137, "category_id": 2, "bbox": [22, 20, 3, 6.5], "area": 19.5, "segmentation": [[24, 26.5, 25, 25.5, 25, 20.5, 22.5, 20, 22, 24.5, 23, 26.5]], "iscrowd": 0}]}