{"categories": [{"id": 0, "name": "body-parts", "supercategory": "none"}, {"id": 1, "name": "Head", "supercategory": "body-parts"}, {"id": 2, "name": "Lower_Arm", "supercategory": "body-parts"}, {"id": 3, "name": "Lower_Leg", "supercategory": "body-parts"}, {"id": 4, "name": "Torso", "supercategory": "body-parts"}, {"id": 5, "name": "Upper_Arm", "supercategory": "body-parts"}, {"id": 6, "name": "Upper_Leg", "supercategory": "body-parts"}], "images": [{"id": 1153, "license": 1, "file_name": "22_supine7.jpg", "height": 64, "width": 27, "date_captured": "2023-06-08T19:45:40+00:00"}], "annotations": [{"id": 6489, "image_id": 1153, "category_id": 1, "bbox": [11, 2, 7, 7], "area": 49, "segmentation": [[18, 8.5, 17.5, 2, 11, 2.5, 11, 7.5, 12.5, 9]], "iscrowd": 0}, {"id": 6490, "image_id": 1153, "category_id": 4, "bbox": [9, 9, 12.176, 17], "area": 206.999, "segmentation": [[16, 25.5, 17.936, 25.801, 21, 15.5, 20, 11.5, 17.5, 9, 15.5, 9, 12.367, 9.405, 10.5, 10, 9, 11.5, 9, 19.5, 8.824, 21.955, 10, 24.5, 11.5, 26]], "iscrowd": 0}, {"id": 6491, "image_id": 1153, "category_id": 5, "bbox": [2, 17, 4, 9.5], "area": 38, "segmentation": [[3, 26.5, 6, 24.5, 5.5, 17, 2, 17.5, 2, 26.5]], "iscrowd": 0}, {"id": 6492, "image_id": 1153, "category_id": 5, "bbox": [23, 18, 3.5, 8], "area": 28, "segmentation": [[26, 25.5, 26.34, 23.372, 26.34, 21.146, 26.5, 18, 23, 19.5, 23, 23.5, 24.5, 26]], "iscrowd": 0}, {"id": 6493, "image_id": 1153, "category_id": 6, "bbox": [7, 26, 13, 10], "area": 130, "segmentation": [[18, 35.5, 20, 32.5, 20, 28.5, 18.5, 27, 12.5, 26, 8.621, 27.319, 7, 30.5, 7, 32.5, 8.5, 35, 9.735, 35.72, 11.5, 36]], "iscrowd": 0}, {"id": 6494, "image_id": 1153, "category_id": 6, "bbox": [6, 43, 16, 12], "area": 192, "segmentation": [[22, 54.5, 22, 50.5, 17.5, 43, 13.5, 45, 9.5, 45, 6, 47.5, 6, 50.5, 9.5, 55]], "iscrowd": 0}]}