{"categories": [{"id": 0, "name": "body-parts", "supercategory": "none"}, {"id": 1, "name": "Head", "supercategory": "body-parts"}, {"id": 2, "name": "Lower_Arm", "supercategory": "body-parts"}, {"id": 3, "name": "Lower_Leg", "supercategory": "body-parts"}, {"id": 4, "name": "Torso", "supercategory": "body-parts"}, {"id": 5, "name": "Upper_Arm", "supercategory": "body-parts"}, {"id": 6, "name": "Upper_Leg", "supercategory": "body-parts"}], "images": [{"id": 1157, "license": 1, "file_name": "22_supine2.jpg", "height": 64, "width": 27, "date_captured": "2023-06-08T19:45:40+00:00"}], "annotations": [{"id": 6511, "image_id": 1157, "category_id": 1, "bbox": [12, 1, 6.219, 7.171], "area": 44.6, "segmentation": [[14.611, 8.222, 12.07, 6.383, 11.959, 5.161, 12.626, 2.606, 14.291, 1.051, 17.845, 2.162, 18.179, 4.272, 17.512, 6.605, 16.402, 7.827]], "iscrowd": 0}, {"id": 6512, "image_id": 1157, "category_id": 4, "bbox": [8, 9, 11.773, 14.773], "area": 173.919, "segmentation": [[16.972, 9.889, 18.845, 11.27, 19.845, 12.492, 20.178, 15.38, 20.067, 16.713, 19.622, 17.824, 18.623, 20.045, 17.512, 21.712, 15.735, 23.267, 12.626, 23.6, 9.627, 22.6, 9.627, 18.157, 8.405, 13.603, 8.516, 11.826, 10.96, 9.271, 15.513, 8.827]], "iscrowd": 0}, {"id": 6513, "image_id": 1157, "category_id": 6, "bbox": [7, 23, 11.439, 19.816], "area": 226.683, "segmentation": [[10.306, 23.222, 7.85, 28.598, 7.295, 32.375, 8.738, 35.041, 10.515, 35.152, 13.181, 36.485, 13.292, 40.373, 13.847, 43.038, 16.179, 42.594, 16.624, 38.484, 17.956, 34.041, 18.734, 29.487, 17.956, 27.377, 16.624, 25.488, 15.513, 23.6]], "iscrowd": 0}, {"id": 6514, "image_id": 1157, "category_id": 3, "bbox": [14, 45, 3.998, 12.219], "area": 48.852, "segmentation": [[14.403, 45.704, 16.179, 45.371, 17.734, 49.481, 17.845, 52.924, 17.512, 56.257, 15.624, 57.59, 14.18, 56.146, 13.847, 51.925, 14.403, 50.147, 14.291, 46.926]], "iscrowd": 0}, {"id": 6515, "image_id": 1157, "category_id": 3, "bbox": [11, 61, 4.776, 2.722], "area": 13, "segmentation": [[14.333, 61.278, 15.513, 64, 14.625, 64, 10.737, 64, 12.292, 62.033]], "iscrowd": 0}, {"id": 6516, "image_id": 1157, "category_id": 2, "bbox": [21, 19, 3.259, 6.331], "area": 20.635, "segmentation": [[21.139, 19.889, 21.288, 23.267, 23.065, 25.155, 23.954, 24.933, 24.398, 20.934, 23.287, 19.268, 21.621, 18.824]], "iscrowd": 0}, {"id": 6517, "image_id": 1157, "category_id": 2, "bbox": [3, 17, 2.888, 7.239], "area": 20.902, "segmentation": [[5.306, 16.694, 3.407, 19.934, 3.296, 23.933, 4.185, 23.489, 5.407, 21.489, 5.851, 19.268, 6.184, 17.713]], "iscrowd": 0}]}