{"categories": [{"id": 0, "name": "body-parts", "supercategory": "none"}, {"id": 1, "name": "Head", "supercategory": "body-parts"}, {"id": 2, "name": "Lower_Arm", "supercategory": "body-parts"}, {"id": 3, "name": "Lower_Leg", "supercategory": "body-parts"}, {"id": 4, "name": "Torso", "supercategory": "body-parts"}, {"id": 5, "name": "Upper_Arm", "supercategory": "body-parts"}, {"id": 6, "name": "Upper_Leg", "supercategory": "body-parts"}], "images": [{"id": 1082, "license": 1, "file_name": "21_empty1.jpg", "height": 64, "width": 27, "date_captured": "2023-06-08T19:45:40+00:00"}], "annotations": [{"id": 6081, "image_id": 1082, "category_id": 1, "bbox": [11, 3, 8.314, 8.739], "area": 72.663, "segmentation": [[16.329, 2.82, 19.275, 10.717, 11.277, 11.56, 10.961, 6.19, 11.803, 3.768, 17.381, 3.031]], "iscrowd": 0}]}