{"categories": [{"id": 0, "name": "body-parts", "supercategory": "none"}, {"id": 1, "name": "Head", "supercategory": "body-parts"}, {"id": 2, "name": "Lower_Arm", "supercategory": "body-parts"}, {"id": 3, "name": "Lower_Leg", "supercategory": "body-parts"}, {"id": 4, "name": "Torso", "supercategory": "body-parts"}, {"id": 5, "name": "Upper_Arm", "supercategory": "body-parts"}, {"id": 6, "name": "Upper_Leg", "supercategory": "body-parts"}], "images": [{"id": 319, "license": 1, "file_name": "21_left6.jpg", "height": 64, "width": 27, "date_captured": "2023-06-08T19:45:40+00:00"}], "annotations": [{"id": 1792, "image_id": 319, "category_id": 1, "bbox": [10, 2, 8.107, 8.838], "area": 71.655, "segmentation": [[14.194, 11, 11.404, 9.382, 10.071, 5.605, 11.293, 2.273, 14.514, 2.162, 15.069, 2.162, 18.179, 5.827, 16.846, 9.16, 15.402, 10.937]], "iscrowd": 0}, {"id": 1793, "image_id": 319, "category_id": 6, "bbox": [9, 28, 12.883, 18.994], "area": 244.705, "segmentation": [[11.417, 28.5, 18.845, 28.154, 18.734, 33.264, 19.845, 36.485, 21.399, 42.372, 20.955, 45.482, 20.067, 47.148, 14.403, 47.148, 10.96, 42.039, 8.516, 37.04, 9.96, 32.597]], "iscrowd": 0}, {"id": 1794, "image_id": 319, "category_id": 3, "bbox": [12, 50, 7.33, 14.107], "area": 103.404, "segmentation": [[14.958, 49.814, 11.959, 61.366, 13.403, 63.921, 19.289, 54.591]], "iscrowd": 0}, {"id": 1795, "image_id": 319, "category_id": 3, "bbox": [9, 12, 10.329, 16.591], "area": 171.364, "segmentation": [[11, 28.639, 19.622, 28.487, 17.734, 17.268, 17.623, 12.825, 11.848, 12.048, 9.405, 13.27, 9.294, 19.712]], "iscrowd": 0}, {"id": 1796, "image_id": 319, "category_id": 5, "bbox": [18, 12, 6.231, 5.443], "area": 33.917, "segmentation": [[17.944, 13.083, 18.29, 17.268, 22.177, 17.046, 24.176, 15.047, 20.733, 12.825, 18.29, 11.826]], "iscrowd": 0}]}