{"categories": [{"id": 0, "name": "body-parts", "supercategory": "none"}, {"id": 1, "name": "Head", "supercategory": "body-parts"}, {"id": 2, "name": "Lower_Arm", "supercategory": "body-parts"}, {"id": 3, "name": "Lower_Leg", "supercategory": "body-parts"}, {"id": 4, "name": "Torso", "supercategory": "body-parts"}, {"id": 5, "name": "Upper_Arm", "supercategory": "body-parts"}, {"id": 6, "name": "Upper_Leg", "supercategory": "body-parts"}], "images": [{"id": 222, "license": 1, "file_name": "21_left7.jpg", "height": 64, "width": 27, "date_captured": "2023-06-08T19:45:40+00:00"}], "annotations": [{"id": 1254, "image_id": 222, "category_id": 3, "bbox": [12, 50, 7, 13.5], "area": 94.5, "segmentation": [[14, 63.5, 15, 62.5, 15, 60.5, 19, 55.5, 18.5, 50, 14.5, 51, 13, 53.5, 13, 56.5, 12, 57.5, 12, 63.5]], "iscrowd": 0}, {"id": 1255, "image_id": 222, "category_id": 6, "bbox": [8, 28, 13, 20], "area": 260, "segmentation": [[21, 47.5, 21, 36.5, 20, 35.5, 19, 29.5, 16.5, 29, 15.5, 28, 10.5, 28, 8, 31.5, 8, 37.5, 10, 40.5, 10, 42.5, 12, 44.5, 12, 45.5, 15.5, 48]], "iscrowd": 0}, {"id": 1256, "image_id": 222, "category_id": 5, "bbox": [11, 12, 11, 5], "area": 55, "segmentation": [[21, 16.5, 22, 14.5, 16.5, 12, 14.5, 12, 11, 14.5, 11.5, 17]], "iscrowd": 0}, {"id": 1257, "image_id": 222, "category_id": 2, "bbox": [20, 12, 7, 5], "area": 35, "segmentation": [[26, 16.5, 27, 15.5, 27, 13.5, 25.5, 12, 23.5, 14, 20, 15.5, 20.5, 17]], "iscrowd": 0}, {"id": 1258, "image_id": 222, "category_id": 4, "bbox": [10, 17, 9, 12], "area": 108, "segmentation": [[12, 28.5, 17.5, 28, 19, 26.5, 18, 19.5, 16.5, 17, 11, 17.5, 11, 23.5, 10, 24.5, 10, 27.5, 11.5, 29]], "iscrowd": 0}]}