{"categories": [{"id": 0, "name": "body-parts", "supercategory": "none"}, {"id": 1, "name": "Head", "supercategory": "body-parts"}, {"id": 2, "name": "Lower_Arm", "supercategory": "body-parts"}, {"id": 3, "name": "Lower_Leg", "supercategory": "body-parts"}, {"id": 4, "name": "Torso", "supercategory": "body-parts"}, {"id": 5, "name": "Upper_Arm", "supercategory": "body-parts"}, {"id": 6, "name": "Upper_Leg", "supercategory": "body-parts"}], "images": [{"id": 234, "license": 1, "file_name": "21_left4.jpg", "height": 64, "width": 27, "date_captured": "2023-06-08T19:45:40+00:00"}], "annotations": [{"id": 1326, "image_id": 234, "category_id": 1, "bbox": [11, 6, 11, 5], "area": 55, "segmentation": [[19, 10.5, 22, 8.5, 22, 7.5, 20.5, 6, 14.5, 6, 12.57, 6.066, 11, 7.5, 11, 9.5, 13.5, 11]], "iscrowd": 0}, {"id": 1327, "image_id": 234, "category_id": 4, "bbox": [9, 12, 14.379, 20.267], "area": 291.414, "segmentation": [[17, 31.5, 19.5, 31, 23, 25.5, 23, 13.5, 19.961, 11.834, 16.215, 11.733, 12.5, 12, 8.722, 13.656, 8.621, 24.182, 9.026, 28.433, 11, 30.5, 12.5, 31, 13.886, 31.368, 15.5, 32]], "iscrowd": 0}, {"id": 1328, "image_id": 234, "category_id": 5, "bbox": [15, 15, 7.304, 6.724], "area": 49.115, "segmentation": [[22, 21.5, 20.5, 18, 17.734, 15.276, 14.696, 15.782, 15.81, 20.134, 14.899, 19.223, 18.5, 21, 19.5, 22]], "iscrowd": 0}, {"id": 1329, "image_id": 234, "category_id": 6, "bbox": [9, 31, 13.873, 17.138], "area": 237.754, "segmentation": [[22, 47.5, 23, 46.5, 23, 38.5, 22.29, 34.404, 21.176, 31.469, 17.5, 32, 16.5, 32, 14.19, 30.862, 11.152, 31.266, 9.532, 34.1, 9.127, 36.428, 10.039, 39.06, 10.039, 42.298, 12, 45.5, 15.5, 46, 18.5, 48]], "iscrowd": 0}]}