{"categories": [{"id": 0, "name": "body-parts", "supercategory": "none"}, {"id": 1, "name": "Head", "supercategory": "body-parts"}, {"id": 2, "name": "Lower_Arm", "supercategory": "body-parts"}, {"id": 3, "name": "Lower_Leg", "supercategory": "body-parts"}, {"id": 4, "name": "Torso", "supercategory": "body-parts"}, {"id": 5, "name": "Upper_Arm", "supercategory": "body-parts"}, {"id": 6, "name": "Upper_Leg", "supercategory": "body-parts"}], "images": [{"id": 1638, "license": 1, "file_name": "21_left2.jpg", "height": 64, "width": 27, "date_captured": "2023-06-08T19:45:40+00:00"}], "annotations": [{"id": 9242, "image_id": 1638, "category_id": 1, "bbox": [15, 7, 6.986, 5.644], "area": 39.431, "segmentation": [[21, 12.5, 21.581, 11.025, 21.277, 8.596, 19.5, 7, 16.114, 7.989, 14.595, 10.316, 15.81, 12.644]], "iscrowd": 0}, {"id": 9243, "image_id": 1638, "category_id": 4, "bbox": [8, 15, 15.187, 17.104], "area": 259.768, "segmentation": [[13, 31.5, 22.29, 31.975, 21.986, 28.635, 21, 27.5, 21, 25.5, 22.593, 21.247, 22.998, 16.49, 20.872, 15.276, 17.5, 15, 12.266, 14.871, 9.026, 17.401, 7.811, 19.931, 8.419, 22.664, 8.419, 31.165]], "iscrowd": 0}, {"id": 9244, "image_id": 1638, "category_id": 6, "bbox": [8, 33, 16.493, 15.013], "area": 247.603, "segmentation": [[22, 47.5, 24, 46.5, 24, 43.5, 23, 42.5, 23, 39.5, 22, 37.5, 17.5, 34, 16.012, 32.987, 8.115, 33.392, 7.507, 38.149, 8.52, 40.072, 11.5, 40, 14.5, 43, 17.5, 44, 20.5, 48]], "iscrowd": 0}, {"id": 9245, "image_id": 1638, "category_id": 3, "bbox": [7, 48, 14, 13], "area": 182, "segmentation": [[10, 60.5, 10, 56.5, 11, 54.5, 13.5, 54, 16.5, 52, 18.5, 52, 21, 49.5, 20.5, 48, 16.5, 48, 15.5, 49, 13.5, 49, 7, 54.5, 7, 59.5, 8.5, 61]], "iscrowd": 0}]}