{"categories": [{"id": 0, "name": "body-parts", "supercategory": "none"}, {"id": 1, "name": "Head", "supercategory": "body-parts"}, {"id": 2, "name": "Lower_Arm", "supercategory": "body-parts"}, {"id": 3, "name": "Lower_Leg", "supercategory": "body-parts"}, {"id": 4, "name": "Torso", "supercategory": "body-parts"}, {"id": 5, "name": "Upper_Arm", "supercategory": "body-parts"}, {"id": 6, "name": "Upper_Leg", "supercategory": "body-parts"}], "images": [{"id": 981, "license": 1, "file_name": "21_prone4.jpg", "height": 64, "width": 27, "date_captured": "2023-06-08T19:45:40+00:00"}], "annotations": [{"id": 5539, "image_id": 981, "category_id": 1, "bbox": [9, 4, 8.663, 5.617], "area": 48.655, "segmentation": [[15.167, 9.889, 12.848, 9.715, 9.072, 6.161, 13.07, 4.272, 15.513, 4.828, 17.401, 6.605, 17.734, 9.049]], "iscrowd": 0}, {"id": 5540, "image_id": 981, "category_id": 5, "bbox": [21, 12, 5.997, 13.662], "area": 81.938, "segmentation": [[22.177, 12.492, 24.953, 15.158, 26.175, 19.046, 26.841, 22.045, 26.841, 24.6, 26.73, 25.933, 25.064, 26.155, 23.621, 21.489, 22.843, 19.712, 21.955, 18.268, 20.955, 16.38, 20.844, 14.603]], "iscrowd": 0}, {"id": 5541, "image_id": 981, "category_id": 5, "bbox": [3, 12, 6.648, 11.108], "area": 73.844, "segmentation": [[9.611, 15.167, 7.628, 17.713, 7.295, 20.823, 6.85, 23.489, 3.519, 23.6, 2.963, 18.157, 3.963, 15.824, 6.184, 13.27, 8.294, 12.492, 9.183, 12.936]], "iscrowd": 0}, {"id": 5542, "image_id": 981, "category_id": 2, "bbox": [24, 26, 3.268, 8.109], "area": 26.502, "segmentation": [[25.287, 26.821, 24.398, 29.598, 23.732, 31.82, 24.731, 34.597, 26.397, 33.153, 26.841, 30.042, 27, 27.599, 26.619, 26.488]], "iscrowd": 0}, {"id": 5543, "image_id": 981, "category_id": 2, "bbox": [2, 24, 3.887, 10.663], "area": 41.45, "segmentation": [[3.639, 24.194, 2.852, 29.376, 2.297, 32.597, 3.741, 34.263, 4.629, 32.597, 5.629, 27.821, 5.962, 25.155, 6.184, 23.6]], "iscrowd": 0}, {"id": 5544, "image_id": 981, "category_id": 4, "bbox": [9, 12, 12.816, 20.883], "area": 267.629, "segmentation": [[8.917, 13.361, 9.405, 14.936, 9.294, 18.046, 8.961, 22.378, 9.405, 26.488, 10.404, 30.042, 11.848, 32.708, 18.623, 33.153, 20.178, 32.819, 21.177, 28.598, 21.177, 24.266, 20.511, 20.49, 20.289, 17.38, 20.844, 13.825, 21.733, 13.048, 21.177, 12.27, 16.624, 13.159, 13.736, 13.159]], "iscrowd": 0}, {"id": 5545, "image_id": 981, "category_id": 6, "bbox": [2, 33, 21.435, 14.509], "area": 311.004, "segmentation": [[12.111, 33.083, 9.627, 34.374, 4.629, 37.374, 2.297, 38.929, 1.742, 42.594, 1.63, 45.038, 4.851, 47.37, 7.184, 47.593, 8.516, 45.371, 8.072, 43.038, 9.738, 41.261, 12.848, 40.039, 15.402, 44.149, 15.402, 46.038, 20.511, 47.37, 22.51, 46.149, 23.065, 42.15, 23.065, 39.484, 21.955, 35.93, 20.289, 33.819, 19.956, 33.708]], "iscrowd": 0}, {"id": 5546, "image_id": 981, "category_id": 3, "bbox": [6, 46, 10.3, 17.1], "area": 176.13, "segmentation": [[5.6, 47.5, 8.9, 45.5, 15.9, 59.1, 13.4, 62.6, 12.5, 58.1, 11.8, 54.1]], "iscrowd": 0}, {"id": 5547, "image_id": 981, "category_id": 3, "bbox": [16, 47, 5.7, 9], "area": 51.3, "segmentation": [[15.9, 46.5, 21.6, 47.5, 21.1, 54.7, 19.2, 55.5, 18.6, 52.9]], "iscrowd": 0}]}