{"categories": [{"id": 0, "name": "body-parts", "supercategory": "none"}, {"id": 1, "name": "Head", "supercategory": "body-parts"}, {"id": 2, "name": "Lower_Arm", "supercategory": "body-parts"}, {"id": 3, "name": "Lower_Leg", "supercategory": "body-parts"}, {"id": 4, "name": "Torso", "supercategory": "body-parts"}, {"id": 5, "name": "Upper_Arm", "supercategory": "body-parts"}, {"id": 6, "name": "Upper_Leg", "supercategory": "body-parts"}], "images": [{"id": 1163, "license": 1, "file_name": "21_prone7.jpg", "height": 64, "width": 27, "date_captured": "2023-06-08T19:45:40+00:00"}], "annotations": [{"id": 6550, "image_id": 1163, "category_id": 6, "bbox": [7, 34, 17, 21.5], "area": 365.5, "segmentation": [[10, 55.5, 11, 51.5, 14.5, 48, 17.5, 48, 22.5, 55, 24, 53.5, 24, 49.5, 23, 48.5, 23, 46.5, 24, 45.5, 24, 39.5, 23, 38.5, 22.5, 35, 14.5, 34, 13.5, 35, 8, 35.5, 8, 38.5, 7, 39.5, 7, 45.5, 8, 46.5, 8, 55.5]], "iscrowd": 0}, {"id": 6551, "image_id": 1163, "category_id": 4, "bbox": [5, 14, 19, 22], "area": 418, "segmentation": [[23, 31.5, 24, 19.5, 21.5, 14, 16.5, 14, 15.5, 15, 12.5, 15, 10.5, 14, 8, 16.5, 6, 20.5, 5, 23.5, 5, 27.5, 6, 31.5, 8, 35.5, 21.5, 36]], "iscrowd": 0}, {"id": 6552, "image_id": 1163, "category_id": 1, "bbox": [11, 2, 10, 8], "area": 80, "segmentation": [[19, 9.5, 21, 8.5, 21, 5.5, 18.5, 5, 17.5, 3, 14.5, 3, 13.5, 2, 11, 4.5, 11, 8.5, 12.5, 10]], "iscrowd": 0}, {"id": 6553, "image_id": 1163, "category_id": 1, "bbox": [1, 24, 4, 12.1], "area": 48.4, "segmentation": [[4, 36.5, 5, 35.5, 5, 27.5, 4, 26.5, 4, 24.5, 1.6, 24.4, 1, 28.5, 2, 29.5, 1, 33.5, 2, 34.5, 2, 36.5]], "iscrowd": 0}, {"id": 6554, "image_id": 1163, "category_id": 1, "bbox": [25, 29, 2, 6.5], "area": 13, "segmentation": [[27, 35.5, 27, 29.5, 25.5, 29, 25, 35.5]], "iscrowd": 0}]}