{"categories": [{"id": 0, "name": "body-parts", "supercategory": "none"}, {"id": 1, "name": "Head", "supercategory": "body-parts"}, {"id": 2, "name": "Lower_Arm", "supercategory": "body-parts"}, {"id": 3, "name": "Lower_Leg", "supercategory": "body-parts"}, {"id": 4, "name": "Torso", "supercategory": "body-parts"}, {"id": 5, "name": "Upper_Arm", "supercategory": "body-parts"}, {"id": 6, "name": "Upper_Leg", "supercategory": "body-parts"}], "images": [{"id": 618, "license": 1, "file_name": "21_prone6.jpg", "height": 64, "width": 27, "date_captured": "2023-06-08T19:45:40+00:00"}], "annotations": [{"id": 3464, "image_id": 618, "category_id": 4, "bbox": [9, 19, 12, 16], "area": 192, "segmentation": [[18, 34.5, 21, 32.5, 21, 22.5, 20, 20.5, 18.5, 19, 10.5, 20, 9, 21.5, 9, 32.5, 11.5, 33, 12.5, 34, 14.5, 33, 16.5, 35]], "iscrowd": 0}, {"id": 3465, "image_id": 618, "category_id": 6, "bbox": [7, 32, 15, 15], "area": 225, "segmentation": [[13, 46.463, 14.5, 38.963, 16.5, 38.963, 17, 41.463, 18.5, 42.963, 22, 42.463, 22, 33.463, 20.5, 31.963, 17.5, 31.963, 16.5, 32.963, 10.5, 32.963, 9.5, 31.963, 8, 33.463, 8, 36.463, 7, 37.463, 7, 41.463, 8, 42.463, 8, 44.463, 9.5, 46.963]], "iscrowd": 0}, {"id": 3466, "image_id": 618, "category_id": 2, "bbox": [3, 33, 3, 5], "area": 15, "segmentation": [[6, 37.5, 6, 33.5, 4.5, 33, 3, 34.5, 3, 35.5, 4.5, 38]], "iscrowd": 0}, {"id": 3467, "image_id": 618, "category_id": 2, "bbox": [25, 32, 2, 6], "area": 12, "segmentation": [[27, 37.5, 26.5, 32, 25, 33.5, 25, 36.5, 26.5, 38]], "iscrowd": 0}]}