{"categories": [{"id": 0, "name": "body-parts", "supercategory": "none"}, {"id": 1, "name": "Head", "supercategory": "body-parts"}, {"id": 2, "name": "Lower_Arm", "supercategory": "body-parts"}, {"id": 3, "name": "Lower_Leg", "supercategory": "body-parts"}, {"id": 4, "name": "Torso", "supercategory": "body-parts"}, {"id": 5, "name": "Upper_Arm", "supercategory": "body-parts"}, {"id": 6, "name": "Upper_Leg", "supercategory": "body-parts"}], "images": [{"id": 60, "license": 1, "file_name": "21_prone3.jpg", "height": 64, "width": 27, "date_captured": "2023-06-08T19:45:40+00:00"}], "annotations": [{"id": 317, "image_id": 60, "category_id": 1, "bbox": [11, 3, 6.1, 8.4], "area": 51.24, "segmentation": [[12.1, 10.2, 10.8, 8.4, 10.8, 5.6, 11.5, 3.5, 13.5, 2.7, 15.7, 2.9, 16.8, 5.2, 16.9, 7.7, 16.1, 9.5, 14, 11.1]], "iscrowd": 0}, {"id": 318, "image_id": 60, "category_id": 2, "bbox": [17, 3, 10.2, 4.4], "area": 44.88, "segmentation": [[18.2, 6, 22.1, 7.5, 25.8, 7.7, 26.8, 5.5, 25, 4.5, 20.7, 3.6, 16.8, 3.3, 16.6, 5.9]], "iscrowd": 0}, {"id": 319, "image_id": 60, "category_id": 2, "bbox": [0, 4, 10.7, 5.5], "area": 58.85, "segmentation": [[10.9, 3.7, 10.9, 6.7, 8.1, 7, 4.6, 7.9, 0.5, 9.2, 0.2, 6]], "iscrowd": 0}, {"id": 320, "image_id": 60, "category_id": 5, "bbox": [0, 8, 5.2, 4.7], "area": 24.44, "segmentation": [[3.1, 8.4, 5.6, 11.6, 3.3, 13.1, 1.3, 12.4, 0.4, 9.9, 0.4, 8.8]], "iscrowd": 0}, {"id": 321, "image_id": 60, "category_id": 5, "bbox": [23, 7, 4.3, 3.7], "area": 15.91, "segmentation": [[23.4, 6.9, 22.7, 9.7, 25, 10.2, 26.5, 9.4, 27, 6.5]], "iscrowd": 0}, {"id": 322, "image_id": 60, "category_id": 4, "bbox": [6, 15, 15.9, 17], "area": 270.3, "segmentation": [[6.5, 16, 10.7, 15.1, 15.8, 14.8, 21.4, 14.9, 22.2, 17.2, 22.4, 22, 22.3, 27.5, 21.4, 31.4, 18.2, 31.4, 14.7, 31.5, 10.6, 31.8, 6.6, 31.4]], "iscrowd": 0}, {"id": 323, "image_id": 60, "category_id": 6, "bbox": [7, 31, 15.6, 20.8], "area": 324.48, "segmentation": [[7, 31.4, 21.2, 31.3, 22.3, 34.4, 22, 38.3, 22, 43.1, 21.2, 45.7, 21, 48.1, 19.3, 50, 17.1, 50.1, 16.2, 49.5, 15.1, 44.9, 14.3, 38.4, 13.9, 40.4, 13.8, 43, 13.5, 44.9, 12.9, 47.2, 12.1, 50, 11, 52.1, 8.9, 52.1, 7.8, 50.7, 7, 47, 6.7, 40.1]], "iscrowd": 0}, {"id": 324, "image_id": 60, "category_id": 3, "bbox": [16, 49, 4.3, 7.8], "area": 33.54, "segmentation": [[16.495, 49.3, 20.395, 49.2, 20.795, 54.4, 20.095, 57, 18.195, 54.2, 16.695, 51.7]], "iscrowd": 0}, {"id": 325, "image_id": 60, "category_id": 3, "bbox": [6, 51, 5.8, 12.8], "area": 74.24, "segmentation": [[8.195, 51.2, 11.495, 51.9, 10.095, 55.2, 8.895, 61.5, 7.895, 64, 5.695, 64, 6.595, 60.6, 6.695, 54.8]], "iscrowd": 0}]}