{"categories": [{"id": 0, "name": "body-parts", "supercategory": "none"}, {"id": 1, "name": "Head", "supercategory": "body-parts"}, {"id": 2, "name": "Lower_Arm", "supercategory": "body-parts"}, {"id": 3, "name": "Lower_Leg", "supercategory": "body-parts"}, {"id": 4, "name": "Torso", "supercategory": "body-parts"}, {"id": 5, "name": "Upper_Arm", "supercategory": "body-parts"}, {"id": 6, "name": "Upper_Leg", "supercategory": "body-parts"}], "images": [{"id": 455, "license": 1, "file_name": "21_prone1.jpg", "height": 64, "width": 27, "date_captured": "2023-06-08T19:45:40+00:00"}], "annotations": [{"id": 2530, "image_id": 455, "category_id": 1, "bbox": [8, 5, 12.581, 7], "area": 88.07, "segmentation": [[19, 11.5, 21, 9.5, 21, 7.5, 19.5, 6, 14.5, 5, 12.165, 5.458, 9.5, 6, 8.824, 7.482, 8.419, 10.316, 10.5, 12]], "iscrowd": 0}, {"id": 2531, "image_id": 455, "category_id": 4, "bbox": [7, 16, 15.289, 16.421], "area": 251.051, "segmentation": [[18, 31.5, 19.5, 31, 21, 28.5, 22.188, 20.64, 22.087, 17.907, 19.455, 16.186, 14.797, 15.579, 11.355, 15.984, 8.216, 17.3, 8, 19.5, 6.9, 24.688, 7.71, 28.736, 9, 30.5, 11.5, 32]], "iscrowd": 0}, {"id": 2532, "image_id": 455, "category_id": 5, "bbox": [4, 18, 3, 11.5], "area": 34.5, "segmentation": [[6, 29.5, 7, 27.5, 7, 20.5, 5.5, 18, 4, 19.5, 4, 29.5]], "iscrowd": 0}, {"id": 2533, "image_id": 455, "category_id": 5, "bbox": [23, 18, 3, 12.5], "area": 37.5, "segmentation": [[26, 30.5, 26, 19.5, 24.5, 18, 23, 19.5, 23, 30.5]], "iscrowd": 0}, {"id": 2534, "image_id": 455, "category_id": 2, "bbox": [23, 31, 3, 7.5], "area": 22.5, "segmentation": [[25, 38.5, 26, 36.5, 25.5, 31, 24.5, 31, 23, 33.5, 23, 38.5]], "iscrowd": 0}, {"id": 2535, "image_id": 455, "category_id": 2, "bbox": [4, 30, 3, 6.5], "area": 19.5, "segmentation": [[7, 36.5, 7, 30.5, 4.5, 30, 4, 36.5]], "iscrowd": 0}, {"id": 2536, "image_id": 455, "category_id": 6, "bbox": [7, 32, 15.201, 20.217], "area": 307.321, "segmentation": [[20.771, 51.711, 21, 45.5, 22, 44.5, 21, 34.5, 19.5, 33, 17.5, 33, 16.5, 32, 10.5, 33, 8, 35.5, 8, 37.5, 7, 38.5, 7, 44.5, 6.799, 46.751, 7.912, 51.812, 10.545, 51.508, 14.19, 45.233, 16.924, 45.84, 17.227, 52.217]], "iscrowd": 0}]}