{"categories": [{"id": 0, "name": "body-parts", "supercategory": "none"}, {"id": 1, "name": "Head", "supercategory": "body-parts"}, {"id": 2, "name": "Lower_Arm", "supercategory": "body-parts"}, {"id": 3, "name": "Lower_Leg", "supercategory": "body-parts"}, {"id": 4, "name": "Torso", "supercategory": "body-parts"}, {"id": 5, "name": "Upper_Arm", "supercategory": "body-parts"}, {"id": 6, "name": "Upper_Leg", "supercategory": "body-parts"}], "images": [{"id": 732, "license": 1, "file_name": "21_right3.jpg", "height": 64, "width": 27, "date_captured": "2023-06-08T19:45:40+00:00"}], "annotations": [{"id": 4132, "image_id": 732, "category_id": 1, "bbox": [13, 6, 6.442, 5.284], "area": 34.035, "segmentation": [[16.972, 11, 12.848, 10.271, 12.626, 7.716, 13.958, 6.05, 18.179, 5.716, 18.956, 7.383, 19.067, 8.271, 18.734, 9.715, 17.956, 10.604, 17.179, 10.937]], "iscrowd": 0}, {"id": 4133, "image_id": 732, "category_id": 4, "bbox": [12, 13, 10.218, 20.883], "area": 213.37, "segmentation": [[19.194, 13.222, 20.067, 17.046, 20.844, 20.934, 21.844, 25.377, 21.844, 28.043, 22.177, 30.709, 22.288, 31.82, 21.621, 33.264, 20.511, 33.597, 16.624, 33.597, 12.07, 33.264, 12.848, 27.71, 13.625, 23.711, 12.737, 19.712, 12.514, 16.602, 13.514, 12.936, 17.734, 12.714]], "iscrowd": 0}, {"id": 4134, "image_id": 732, "category_id": 6, "bbox": [10, 33, 11.883, 17.884], "area": 212.519, "segmentation": [[12.25, 33.639, 21.844, 33.375, 21.288, 36.707, 21.066, 40.928, 19.622, 42.816, 18.512, 44.371, 16.846, 46.482, 16.402, 47.37, 15.402, 48.703, 15.402, 49.814, 13.847, 51.258, 11.404, 50.147, 9.96, 44.927, 10.293, 41.261, 11.404, 39.04, 12.07, 37.707, 12.292, 36.374]], "iscrowd": 0}, {"id": 4135, "image_id": 732, "category_id": 6, "bbox": [4, 40, 3.787, 3.221], "area": 12.199, "segmentation": [[7.528, 42.111, 6.295, 43.594, 4.185, 43.483, 3.741, 42.261, 4.518, 40.706, 5.851, 40.373, 6.961, 41.372]], "iscrowd": 0}, {"id": 4136, "image_id": 732, "category_id": 5, "bbox": [4, 14, 8.996, 13.885], "area": 124.907, "segmentation": [[12.528, 21.139, 11.515, 23.6, 9.738, 25.71, 5.518, 27.932, 4.074, 27.043, 7.739, 20.601, 13.07, 14.047, 12.737, 20.934]], "iscrowd": 0}, {"id": 4137, "image_id": 732, "category_id": 3, "bbox": [13, 50, 7.2, 10.6], "area": 76.32, "segmentation": [[15.6, 49.6, 19.7, 52.8, 19.7, 59.2, 15.9, 60.2, 15, 57.4, 13.7, 54.6, 12.5, 51.8]], "iscrowd": 0}]}