{"categories": [{"id": 0, "name": "body-parts", "supercategory": "none"}, {"id": 1, "name": "Head", "supercategory": "body-parts"}, {"id": 2, "name": "Lower_Arm", "supercategory": "body-parts"}, {"id": 3, "name": "Lower_Leg", "supercategory": "body-parts"}, {"id": 4, "name": "Torso", "supercategory": "body-parts"}, {"id": 5, "name": "Upper_Arm", "supercategory": "body-parts"}, {"id": 6, "name": "Upper_Leg", "supercategory": "body-parts"}], "images": [{"id": 1279, "license": 1, "file_name": "21_right7.jpg", "height": 64, "width": 27, "date_captured": "2023-06-08T19:45:40+00:00"}], "annotations": [{"id": 7229, "image_id": 1279, "category_id": 3, "bbox": [14, 51, 6, 12.5], "area": 75, "segmentation": [[20, 63.5, 19, 53.5, 16.5, 51, 15.5, 51, 14, 52.5, 14, 56.5, 17, 60.5, 17, 63.5]], "iscrowd": 0}, {"id": 7230, "image_id": 1279, "category_id": 6, "bbox": [12, 32, 13, 15.5], "area": 201.5, "segmentation": [[15, 47.5, 19.5, 45, 24, 40.5, 25, 38.5, 25, 34.5, 23.5, 32, 21.5, 33, 17.5, 33, 15, 34.5, 13, 38.5, 13, 40.5, 12, 41.5, 12, 47.5]], "iscrowd": 0}, {"id": 7231, "image_id": 1279, "category_id": 4, "bbox": [13, 17, 12, 19.5], "area": 234, "segmentation": [[15.128, 33.607, 18.357, 32.511, 22.292, 33.488, 23.83, 33.363, 25, 34.5, 25, 32.5, 24, 31.5, 24, 29.5, 22, 25.5, 22, 21.5, 18.5, 17, 15.5, 17, 13, 20.5, 14, 21.5, 14, 36.5]], "iscrowd": 0}, {"id": 7232, "image_id": 1279, "category_id": 5, "bbox": [4, 13, 14, 9], "area": 126, "segmentation": [[7, 21.5, 11.5, 21, 15.5, 17, 17.5, 17, 18, 14.5, 15.5, 14, 14.5, 13, 11.5, 13, 9, 15.5, 8.5, 17, 5.5, 17, 4, 18.5, 4, 19.5, 6.5, 22]], "iscrowd": 0}]}