{"categories": [{"id": 0, "name": "body-parts", "supercategory": "none"}, {"id": 1, "name": "Head", "supercategory": "body-parts"}, {"id": 2, "name": "Lower_Arm", "supercategory": "body-parts"}, {"id": 3, "name": "Lower_Leg", "supercategory": "body-parts"}, {"id": 4, "name": "Torso", "supercategory": "body-parts"}, {"id": 5, "name": "Upper_Arm", "supercategory": "body-parts"}, {"id": 6, "name": "Upper_Leg", "supercategory": "body-parts"}], "images": [{"id": 130, "license": 1, "file_name": "21_right5.jpg", "height": 64, "width": 27, "date_captured": "2023-06-08T19:45:40+00:00"}], "annotations": [{"id": 725, "image_id": 130, "category_id": 3, "bbox": [13, 51, 7, 12.5], "area": 87.5, "segmentation": [[20, 63.5, 20, 60.5, 19, 59.5, 19, 53.5, 15.5, 51, 13.5, 51, 13, 55.5, 15, 57.5, 15, 59.5, 17, 63.5]], "iscrowd": 0}, {"id": 726, "image_id": 130, "category_id": 6, "bbox": [12, 32, 13, 18], "area": 234, "segmentation": [[15, 49.5, 15.5, 48, 18.5, 47, 24, 41.5, 24, 39.5, 25, 38.5, 25, 34.5, 23.8, 31.5, 14.2, 31.7, 15, 35.5, 13, 36.5, 13, 39.5, 12, 40.5, 12, 49.5]], "iscrowd": 0}, {"id": 727, "image_id": 130, "category_id": 4, "bbox": [13, 14, 10, 18.5], "area": 185, "segmentation": [[20.5, 31, 23, 30.5, 22, 28.5, 21.2, 21.9, 22, 15.5, 20.5, 14, 18.5, 14, 18.8, 17.5, 14, 19.5, 13, 27.5, 15, 30.5, 15, 32.5]], "iscrowd": 0}, {"id": 728, "image_id": 130, "category_id": 5, "bbox": [6, 13, 12.5, 6.6], "area": 82.5, "segmentation": [[6.2, 17.3, 11.4, 14.6, 15.1, 12.9, 18.5, 13.7, 18.3, 18, 13.7, 19.4, 7.6, 19.5, 6, 18.9]], "iscrowd": 0}, {"id": 729, "image_id": 130, "category_id": 2, "bbox": [5, 8, 9.1, 10.8], "area": 98.28, "segmentation": [[14.5, 9.5, 10.9, 14.8, 5.5, 18.7, 5.4, 16.2, 9.1, 12.6, 9.4, 9.8, 12.3, 8.6, 13.8, 7.9]], "iscrowd": 0}]}