{"categories": [{"id": 0, "name": "body-parts", "supercategory": "none"}, {"id": 1, "name": "Head", "supercategory": "body-parts"}, {"id": 2, "name": "Lower_Arm", "supercategory": "body-parts"}, {"id": 3, "name": "Lower_Leg", "supercategory": "body-parts"}, {"id": 4, "name": "Torso", "supercategory": "body-parts"}, {"id": 5, "name": "Upper_Arm", "supercategory": "body-parts"}, {"id": 6, "name": "Upper_Leg", "supercategory": "body-parts"}], "images": [{"id": 584, "license": 1, "file_name": "21_right1.jpg", "height": 64, "width": 27, "date_captured": "2023-06-08T19:45:40+00:00"}], "annotations": [{"id": 3286, "image_id": 584, "category_id": 3, "bbox": [9, 48, 7, 15.5], "area": 108.5, "segmentation": [[16, 63.5, 16, 56.5, 15, 55.5, 15, 51.5, 13.5, 49, 9.5, 48, 9, 53.5, 13, 58.5, 14, 63.5]], "iscrowd": 0}, {"id": 3287, "image_id": 584, "category_id": 6, "bbox": [8, 32, 14, 16], "area": 224, "segmentation": [[11, 47.5, 12.5, 46, 15.5, 46, 21, 41.5, 22, 39.5, 21.5, 32, 17.5, 32, 9, 41.5, 8, 46.5, 9.5, 48]], "iscrowd": 0}, {"id": 3288, "image_id": 584, "category_id": 5, "bbox": [8, 17, 11, 12], "area": 132, "segmentation": [[10, 28.5, 17, 21.5, 17, 20.5, 19, 18.5, 18.5, 17, 14.5, 17, 13, 18.5, 12, 22.5, 8, 27.5, 8.5, 29]], "iscrowd": 0}, {"id": 3289, "image_id": 584, "category_id": 4, "bbox": [14, 20, 9, 12], "area": 108, "segmentation": [[23, 31.5, 23, 29.5, 21, 26.5, 21, 21.5, 19.5, 20, 18.5, 20, 14, 25.5, 15, 26.5, 15, 29.5, 14, 30.5, 15.5, 32]], "iscrowd": 0}, {"id": 3290, "image_id": 584, "category_id": 1, "bbox": [15, 14, 3, 3], "area": 9, "segmentation": [[18, 16.5, 17.5, 14, 15, 14.5, 15.5, 17]], "iscrowd": 0}]}