{"categories": [{"id": 0, "name": "body-parts", "supercategory": "none"}, {"id": 1, "name": "Head", "supercategory": "body-parts"}, {"id": 2, "name": "Lower_Arm", "supercategory": "body-parts"}, {"id": 3, "name": "Lower_Leg", "supercategory": "body-parts"}, {"id": 4, "name": "Torso", "supercategory": "body-parts"}, {"id": 5, "name": "Upper_Arm", "supercategory": "body-parts"}, {"id": 6, "name": "Upper_Leg", "supercategory": "body-parts"}], "images": [{"id": 387, "license": 1, "file_name": "21_right6.jpg", "height": 64, "width": 27, "date_captured": "2023-06-08T19:45:40+00:00"}], "annotations": [{"id": 2149, "image_id": 387, "category_id": 3, "bbox": [13, 48, 8, 16], "area": 128, "segmentation": [[20, 63.5, 21, 61.5, 20, 59.5, 20, 53.5, 16, 49.5, 15.5, 48, 13.5, 48, 13, 56.5, 14, 57.5, 14, 59.5, 16, 61.5, 16.5, 64]], "iscrowd": 0}, {"id": 2150, "image_id": 387, "category_id": 6, "bbox": [12, 31, 13, 16.5], "area": 214.5, "segmentation": [[15, 47.5, 16.5, 46, 19.5, 45, 20, 43.5, 24, 40.5, 24, 37.5, 25, 35.5, 24, 34.5, 24, 32.5, 22.5, 31, 20.5, 32, 17.5, 31, 17, 32.5, 15.5, 34, 14.5, 34, 13, 36.5, 13, 39.5, 12, 40.5, 12, 47.5]], "iscrowd": 0}, {"id": 2151, "image_id": 387, "category_id": 4, "bbox": [14, 17, 8, 17], "area": 136, "segmentation": [[16, 33.5, 19.5, 30, 21.5, 32, 22, 31.5, 22, 24.5, 21, 23.5, 21, 19.5, 18.5, 17, 15.5, 17, 15, 20.5, 14, 21.5, 14, 32.5, 15.5, 34]], "iscrowd": 0}, {"id": 2152, "image_id": 387, "category_id": 5, "bbox": [4, 12, 20, 7], "area": 140, "segmentation": [[11, 18.5, 12.5, 17, 21.5, 17, 24, 15.5, 21.5, 13, 18.5, 13, 17.5, 12, 12.5, 12, 8.5, 15, 4, 16.5, 4.5, 19]], "iscrowd": 0}]}