{"categories": [{"id": 0, "name": "body-parts", "supercategory": "none"}, {"id": 1, "name": "Head", "supercategory": "body-parts"}, {"id": 2, "name": "Lower_Arm", "supercategory": "body-parts"}, {"id": 3, "name": "Lower_Leg", "supercategory": "body-parts"}, {"id": 4, "name": "Torso", "supercategory": "body-parts"}, {"id": 5, "name": "Upper_Arm", "supercategory": "body-parts"}, {"id": 6, "name": "Upper_Leg", "supercategory": "body-parts"}], "images": [{"id": 1617, "license": 1, "file_name": "21_right2.jpg", "height": 64, "width": 27, "date_captured": "2023-06-08T19:45:40+00:00"}], "annotations": [{"id": 9117, "image_id": 1617, "category_id": 1, "bbox": [11, 10, 7.774, 7.107], "area": 55.25, "segmentation": [[13.639, 16.417, 11.959, 15.371, 10.849, 13.039, 12.737, 10.152, 15.18, 10.041, 17.734, 11.152, 18.623, 12.817, 18.623, 14.594, 18.179, 15.593, 14.514, 17.148]], "iscrowd": 0}, {"id": 9118, "image_id": 1617, "category_id": 4, "bbox": [9, 17, 12.661, 13.39], "area": 169.532, "segmentation": [[11.417, 16.972, 14.958, 17.037, 18.956, 17.814, 21.399, 21.812, 21.399, 24.366, 21.399, 26.032, 21.621, 27.364, 22.066, 29.363, 16.179, 30.362, 15.846, 27.475, 15.735, 23.033, 13.847, 22.589, 12.626, 22.589, 9.405, 21.146]], "iscrowd": 0}, {"id": 9119, "image_id": 1617, "category_id": 6, "bbox": [7, 29, 17.437, 15.657], "area": 273.008, "segmentation": [[16.402, 30.251, 22.288, 28.919, 24.176, 32.472, 23.843, 37.358, 21.621, 42.133, 16.068, 42.91, 13.07, 41.689, 13.07, 44.021, 6.739, 44.576, 10.515, 37.469, 16.068, 34.138]], "iscrowd": 0}, {"id": 9120, "image_id": 1617, "category_id": 3, "bbox": [7, 44, 15.677, 16.323], "area": 255.897, "segmentation": [[6.833, 44.472, 12.959, 44.021, 16.068, 48.24, 18.179, 51.017, 19.845, 52.46, 21.844, 54.681, 22.51, 56.236, 21.955, 59.123, 20.178, 60.344, 18.401, 53.904, 9.96, 47.574]], "iscrowd": 0}, {"id": 9121, "image_id": 1617, "category_id": 5, "bbox": [6, 21, 6.538, 8.995], "area": 58.808, "segmentation": [[12.389, 21.694, 9.96, 25.143, 8.738, 28.141, 7.184, 30.029, 5.851, 27.253, 8.294, 24.255, 9.849, 21.812, 10.96, 21.035]], "iscrowd": 0}]}