{"categories": [{"id": 0, "name": "body-parts", "supercategory": "none"}, {"id": 1, "name": "Head", "supercategory": "body-parts"}, {"id": 2, "name": "Lower_Arm", "supercategory": "body-parts"}, {"id": 3, "name": "Lower_Leg", "supercategory": "body-parts"}, {"id": 4, "name": "Torso", "supercategory": "body-parts"}, {"id": 5, "name": "Upper_Arm", "supercategory": "body-parts"}, {"id": 6, "name": "Upper_Leg", "supercategory": "body-parts"}], "images": [{"id": 569, "license": 1, "file_name": "21_supine2.jpg", "height": 64, "width": 27, "date_captured": "2023-06-08T19:45:40+00:00"}], "annotations": [{"id": 3208, "image_id": 569, "category_id": 1, "bbox": [12, 4, 9, 5], "area": 45, "segmentation": [[18, 8.5, 21, 7.5, 20.5, 5, 14.5, 4, 12, 6.5, 14.5, 9]], "iscrowd": 0}, {"id": 3209, "image_id": 569, "category_id": 3, "bbox": [14, 50, 6, 14], "area": 84, "segmentation": [[20, 63.5, 19, 62.5, 19, 54.5, 18, 53.5, 18, 51.5, 16.5, 50, 15.5, 50, 14, 51.5, 15, 61.5, 17.5, 64]], "iscrowd": 0}, {"id": 3210, "image_id": 569, "category_id": 6, "bbox": [9, 27, 15, 19], "area": 285, "segmentation": [[14.036, 45.5, 16.036, 43.5, 16.036, 39.5, 17.536, 39, 19.536, 41, 20.536, 41, 24.036, 35.5, 23.036, 33.5, 23.036, 29.5, 21.536, 28, 19.536, 28, 18.536, 27, 12.536, 27, 10.036, 29.5, 9.036, 36.5, 12.036, 40.5, 12.036, 44.5, 13.536, 46]], "iscrowd": 0}, {"id": 3211, "image_id": 569, "category_id": 4, "bbox": [10, 12, 12, 15], "area": 180, "segmentation": [[21, 26.5, 21, 17.5, 22, 16.5, 21, 14.5, 22, 13.5, 20.5, 12, 14.5, 12, 12.5, 13, 11, 14.5, 11, 16.5, 10, 17.5, 10, 19.5, 11, 20.5, 11, 25.5, 12.5, 27]], "iscrowd": 0}, {"id": 3212, "image_id": 569, "category_id": 5, "bbox": [4, 14, 6, 12.5], "area": 75, "segmentation": [[6, 26.5, 7, 24.5, 7, 21.5, 9, 18.5, 9, 15.5, 10, 14.5, 9.5, 14, 8.5, 14, 7, 15.5, 5, 19.5, 5, 21.5, 4, 22.5, 4, 26.5]], "iscrowd": 0}, {"id": 3213, "image_id": 569, "category_id": 5, "bbox": [21, 13, 6, 13.5], "area": 81, "segmentation": [[27, 26.5, 27, 17.5, 23.5, 13, 21.5, 13, 21, 13.5, 22, 14.5, 22, 18.5, 23.5, 19, 26, 22.5, 26, 26.5]], "iscrowd": 0}]}