{"categories": [{"id": 0, "name": "body-parts", "supercategory": "none"}, {"id": 1, "name": "Head", "supercategory": "body-parts"}, {"id": 2, "name": "Lower_Arm", "supercategory": "body-parts"}, {"id": 3, "name": "Lower_Leg", "supercategory": "body-parts"}, {"id": 4, "name": "Torso", "supercategory": "body-parts"}, {"id": 5, "name": "Upper_Arm", "supercategory": "body-parts"}, {"id": 6, "name": "Upper_Leg", "supercategory": "body-parts"}], "images": [{"id": 68, "license": 1, "file_name": "21_supine1.jpg", "height": 64, "width": 27, "date_captured": "2023-06-08T19:45:40+00:00"}], "annotations": [{"id": 366, "image_id": 68, "category_id": 1, "bbox": [15, 4, 4, 4], "area": 16, "segmentation": [[18, 7.5, 19, 5.5, 16.5, 4, 15, 5.5, 15, 6.5, 16.5, 8]], "iscrowd": 0}, {"id": 367, "image_id": 68, "category_id": 6, "bbox": [9, 27, 14, 18], "area": 252, "segmentation": [[22, 44.5, 22, 42.5, 23, 41.5, 23, 28.5, 14.5, 28, 13.5, 27, 11.5, 28, 10, 29.5, 10, 32.5, 9, 33.5, 9, 40.5, 10, 41.5, 10, 43.5, 11.5, 45, 13.5, 45, 15.5, 42, 17.5, 42, 19.5, 45]], "iscrowd": 0}, {"id": 368, "image_id": 68, "category_id": 3, "bbox": [9, 50, 5, 13.5], "area": 67.5, "segmentation": [[13, 63.5, 12, 62.5, 12, 58.5, 14, 55.5, 14, 51.5, 12.5, 50, 11.5, 50, 9, 53.5, 9, 55.5, 10, 56.5, 10, 63.5]], "iscrowd": 0}, {"id": 369, "image_id": 68, "category_id": 3, "bbox": [19, 51, 4, 12.5], "area": 50, "segmentation": [[22, 63.5, 23, 52.5, 21.5, 51, 19.5, 51, 19, 56.5, 20, 57.5, 20, 61.5, 19, 63.5]], "iscrowd": 0}, {"id": 370, "image_id": 68, "category_id": 4, "bbox": [9, 12, 14, 15], "area": 210, "segmentation": [[21.032, 26.5, 22.032, 25.5, 22.032, 18.5, 23.032, 17.5, 22.032, 13.5, 20.532, 12, 13.532, 12, 12.532, 13, 10.532, 13, 9.032, 14.5, 10.032, 25.5, 12.532, 27]], "iscrowd": 0}, {"id": 371, "image_id": 68, "category_id": 5, "bbox": [20, 12, 7, 10.5], "area": 73.5, "segmentation": [[27, 22.5, 27, 17.5, 26, 15.5, 22.5, 12, 20.5, 12, 20, 12.5, 22, 14.5, 22, 17.5, 24.5, 18, 26, 19.5, 26, 22.5]], "iscrowd": 0}, {"id": 372, "image_id": 68, "category_id": 5, "bbox": [5, 13, 5, 10.5], "area": 52.5, "segmentation": [[8, 23.5, 8, 21.5, 9, 20.5, 9, 15.5, 10, 14.5, 9.5, 13, 7, 15.5, 5, 19.5, 5, 23.5]], "iscrowd": 0}]}