{"categories": [{"id": 0, "name": "body-parts", "supercategory": "none"}, {"id": 1, "name": "Head", "supercategory": "body-parts"}, {"id": 2, "name": "Lower_Arm", "supercategory": "body-parts"}, {"id": 3, "name": "Lower_Leg", "supercategory": "body-parts"}, {"id": 4, "name": "Torso", "supercategory": "body-parts"}, {"id": 5, "name": "Upper_Arm", "supercategory": "body-parts"}, {"id": 6, "name": "Upper_Leg", "supercategory": "body-parts"}], "images": [{"id": 1143, "license": 1, "file_name": "21_supine3.jpg", "height": 64, "width": 27, "date_captured": "2023-06-08T19:45:40+00:00"}], "annotations": [{"id": 6435, "image_id": 1143, "category_id": 3, "bbox": [8, 50, 5, 13.5], "area": 67.5, "segmentation": [[11, 63.5, 11, 57.5, 13, 55.5, 13, 51.5, 11.5, 50, 10.5, 50, 8, 53.5, 9, 55.5, 9, 63.5]], "iscrowd": 0}, {"id": 6436, "image_id": 1143, "category_id": 3, "bbox": [20, 50, 5, 13.5], "area": 67.5, "segmentation": [[24, 63.5, 24, 56.5, 25, 55.5, 25, 52.5, 22.5, 50, 20, 52.5, 20, 54.5, 22, 57.5, 22, 63.5]], "iscrowd": 0}, {"id": 6437, "image_id": 1143, "category_id": 6, "bbox": [9, 26, 15, 19], "area": 285, "segmentation": [[14, 44.5, 16, 41.5, 16.5, 39, 17.5, 39, 19, 40.5, 18, 42.5, 19.5, 44, 21.5, 44, 23, 42.5, 23, 39.5, 24, 38.5, 24, 31.5, 23, 30.5, 23, 28.5, 19.5, 26, 13.5, 26, 11.5, 27, 10, 28.5, 10, 30.5, 9, 31.5, 9, 40.5, 10, 41.5, 10, 43.5, 11.5, 45]], "iscrowd": 0}, {"id": 6438, "image_id": 1143, "category_id": 4, "bbox": [9, 10, 14, 16.5], "area": 231, "segmentation": [[23, 26.5, 23, 16.5, 22.5, 16, 20.5, 17, 19.5, 16, 17.5, 16, 17, 14.5, 19, 13.5, 18, 11.5, 16.5, 10, 15.5, 10, 12, 13.5, 13, 14.5, 9, 17.5, 10, 19.5, 10, 21.5, 9, 22.5, 10, 26.5]], "iscrowd": 0}, {"id": 6439, "image_id": 1143, "category_id": 5, "bbox": [17, 8, 10, 9], "area": 90, "segmentation": [[21, 16.5, 24, 15.5, 27, 9.5, 26.5, 8, 23.5, 8, 21.5, 10, 19, 10.5, 19, 12.5, 17, 14.5, 17, 15.5, 18.5, 17]], "iscrowd": 0}, {"id": 6440, "image_id": 1143, "category_id": 5, "bbox": [3, 6, 7, 10], "area": 70, "segmentation": [[9, 15.5, 10, 14.5, 10, 11.5, 7, 9.5, 6.5, 6, 3.5, 6, 3, 9.5, 5, 11.5, 5, 12.5, 8.5, 16]], "iscrowd": 0}, {"id": 6441, "image_id": 1143, "category_id": 2, "bbox": [7, 5, 18.96, 4.051], "area": 76.805, "segmentation": [[7.286, 5.143, 26.112, 5.247, 25.758, 6.823, 21.013, 7.685, 15.606, 9.194, 11.052, 7.693, 7.151, 7.485]], "iscrowd": 0}]}