{"categories": [{"id": 0, "name": "body-parts", "supercategory": "none"}, {"id": 1, "name": "Head", "supercategory": "body-parts"}, {"id": 2, "name": "Lower_Arm", "supercategory": "body-parts"}, {"id": 3, "name": "Lower_Leg", "supercategory": "body-parts"}, {"id": 4, "name": "Torso", "supercategory": "body-parts"}, {"id": 5, "name": "Upper_Arm", "supercategory": "body-parts"}, {"id": 6, "name": "Upper_Leg", "supercategory": "body-parts"}], "images": [{"id": 1553, "license": 1, "file_name": "19_left1.jpg", "height": 64, "width": 27, "date_captured": "2023-06-08T19:45:40+00:00"}], "annotations": [{"id": 8795, "image_id": 1553, "category_id": 5, "bbox": [19, 13, 7, 6], "area": 42, "segmentation": [[25, 18.5, 26, 17.5, 25.5, 15, 22.5, 15, 20.5, 13, 19, 13.5, 19.5, 18, 21.5, 19]], "iscrowd": 0}, {"id": 8796, "image_id": 1553, "category_id": 4, "bbox": [10, 13, 11.4, 15.9], "area": 181.26, "segmentation": [[16.8, 28.9, 17, 26.5, 17, 21.5, 18, 20.5, 17, 19.5, 21, 16.5, 20.5, 13, 13.5, 13, 12, 15.5, 12, 24.5, 11, 25.5, 9.6, 27.7]], "iscrowd": 0}, {"id": 8797, "image_id": 1553, "category_id": 6, "bbox": [9, 28, 13, 19], "area": 247, "segmentation": [[19, 46.5, 21, 45.5, 21, 41.5, 22, 40.5, 21, 34.5, 18, 31.5, 17.1, 30.4, 16.5, 29, 10.5, 28, 9, 29.5, 9, 37.5, 12, 40.5, 12, 41.5, 15.5, 46, 17.5, 47]], "iscrowd": 0}, {"id": 8798, "image_id": 1553, "category_id": 3, "bbox": [16, 50, 5, 12.5], "area": 62.5, "segmentation": [[19, 62.5, 20, 61.5, 20, 58.5, 21, 57.5, 20.5, 50, 18.5, 50, 16, 51.5, 16, 57.5, 18, 60.5, 18, 62.5]], "iscrowd": 0}]}