{"categories": [{"id": 0, "name": "body-parts", "supercategory": "none"}, {"id": 1, "name": "Head", "supercategory": "body-parts"}, {"id": 2, "name": "Lower_Arm", "supercategory": "body-parts"}, {"id": 3, "name": "Lower_Leg", "supercategory": "body-parts"}, {"id": 4, "name": "Torso", "supercategory": "body-parts"}, {"id": 5, "name": "Upper_Arm", "supercategory": "body-parts"}, {"id": 6, "name": "Upper_Leg", "supercategory": "body-parts"}], "images": [{"id": 627, "license": 1, "file_name": "19_left6.jpg", "height": 64, "width": 27, "date_captured": "2023-06-08T19:45:40+00:00"}], "annotations": [{"id": 3516, "image_id": 627, "category_id": 3, "bbox": [14, 48, 6.8, 16.3], "area": 110.84, "segmentation": [[16.1, 48.2, 19.8, 47.6, 20.2, 49.5, 20.4, 53.4, 18.2, 59.4, 17.5, 63.6, 17.5, 63.9, 15.2, 63.8, 14.4, 59.1, 13.6, 55.6, 14, 50.7]], "iscrowd": 0}, {"id": 3517, "image_id": 627, "category_id": 6, "bbox": [7, 32, 14.3, 14.6], "area": 208.78, "segmentation": [[7.5, 32.7, 18.9, 32.4, 19.9, 34.6, 20.8, 39.5, 21.1, 44.3, 19.5, 46.9, 16.1, 47, 12.9, 45, 10.5, 41.7, 8.2, 39.2, 6.8, 36.3]], "iscrowd": 0}, {"id": 3518, "image_id": 627, "category_id": 4, "bbox": [8, 16, 11.2, 16.5], "area": 184.8, "segmentation": [[11.3, 15.9, 17.7, 17.6, 18.3, 20.4, 19.2, 26, 18.3, 32.4, 8.2, 32.2, 8, 26.2, 9.2, 24.5, 9.2, 19.6, 10.2, 19.5]], "iscrowd": 0}, {"id": 3519, "image_id": 627, "category_id": 5, "bbox": [10, 11, 12.3, 4.6], "area": 56.58, "segmentation": [[11.2, 12.7, 16.2, 11.3, 19.8, 11.7, 22.6, 14, 20.9, 15.9, 14.4, 15.5, 11.2, 14.9, 10.3, 14.5]], "iscrowd": 0}, {"id": 3520, "image_id": 627, "category_id": 2, "bbox": [21, 8, 5.7, 6.5], "area": 37.05, "segmentation": [[22.7, 14.4, 20.6, 11.5, 23.2, 10.3, 24, 7.9, 26.2, 7.9, 26.3, 12.6, 24.9, 14]], "iscrowd": 0}]}