{"categories": [{"id": 0, "name": "body-parts", "supercategory": "none"}, {"id": 1, "name": "Head", "supercategory": "body-parts"}, {"id": 2, "name": "Lower_Arm", "supercategory": "body-parts"}, {"id": 3, "name": "Lower_Leg", "supercategory": "body-parts"}, {"id": 4, "name": "Torso", "supercategory": "body-parts"}, {"id": 5, "name": "Upper_Arm", "supercategory": "body-parts"}, {"id": 6, "name": "Upper_Leg", "supercategory": "body-parts"}], "images": [{"id": 658, "license": 1, "file_name": "19_left2.jpg", "height": 64, "width": 27, "date_captured": "2023-06-08T19:45:40+00:00"}], "annotations": [{"id": 3680, "image_id": 658, "category_id": 1, "bbox": [15, 5, 6.886, 6.665], "area": 45.892, "segmentation": [[19.4, 11.492, 15.846, 10.271, 15.18, 7.716, 16.179, 6.161, 17.623, 4.828, 19.178, 4.828, 20.844, 5.494, 21.733, 6.605, 22.066, 9.271, 21.844, 9.937, 20.622, 11.381, 20.4, 11.492]], "iscrowd": 0}, {"id": 3681, "image_id": 658, "category_id": 6, "bbox": [8, 29, 16.659, 16.177], "area": 269.491, "segmentation": [[9.194, 29.194, 18.29, 29.376, 18.956, 34.041, 20.955, 35.707, 23.51, 38.706, 24.953, 42.261, 24.398, 44.26, 23.176, 45.371, 20.622, 45.371, 17.29, 44.705, 13.625, 42.816, 11.071, 40.595, 8.738, 37.707, 8.294, 34.597]], "iscrowd": 0}, {"id": 3682, "image_id": 658, "category_id": 4, "bbox": [10, 13, 10.761, 16.439], "area": 176.904, "segmentation": [[9.75, 29.056, 18.29, 29.154, 17.512, 19.712, 19.733, 16.491, 20.511, 14.158, 20.067, 13.159, 16.513, 12.714, 12.181, 13.159, 11.848, 15.936, 13.181, 19.379, 12.626, 21.712, 11.182, 24.155]], "iscrowd": 0}, {"id": 3683, "image_id": 658, "category_id": 5, "bbox": [19, 13, 6.553, 5.665], "area": 37.12, "segmentation": [[21.139, 14.194, 19.511, 17.602, 19.067, 18.935, 23.843, 17.935, 25.62, 17.491, 24.62, 13.825, 23.732, 13.27, 22.177, 14.269]], "iscrowd": 0}, {"id": 3684, "image_id": 658, "category_id": 3, "bbox": [13, 46, 9.773, 12.552], "area": 122.674, "segmentation": [[15.861, 52.944, 15.846, 56.701, 15.402, 58.256, 12.626, 53.924, 15.735, 47.815, 19.067, 45.704, 22.399, 45.704, 19.622, 49.814, 16.846, 51.814]], "iscrowd": 0}]}