{"categories": [{"id": 0, "name": "body-parts", "supercategory": "none"}, {"id": 1, "name": "Head", "supercategory": "body-parts"}, {"id": 2, "name": "Lower_Arm", "supercategory": "body-parts"}, {"id": 3, "name": "Lower_Leg", "supercategory": "body-parts"}, {"id": 4, "name": "Torso", "supercategory": "body-parts"}, {"id": 5, "name": "Upper_Arm", "supercategory": "body-parts"}, {"id": 6, "name": "Upper_Leg", "supercategory": "body-parts"}], "images": [{"id": 781, "license": 1, "file_name": "19_left3.jpg", "height": 64, "width": 27, "date_captured": "2023-06-08T19:45:40+00:00"}], "annotations": [{"id": 4408, "image_id": 781, "category_id": 5, "bbox": [15, 13, 10, 6], "area": 60, "segmentation": [[24, 18.5, 25, 17.5, 24.5, 15, 21.5, 15, 18.5, 13, 15, 13.5, 15, 15.5, 16.5, 17, 19.5, 17, 22.5, 19]], "iscrowd": 0}, {"id": 4409, "image_id": 781, "category_id": 4, "bbox": [8, 14, 10, 17.1], "area": 171, "segmentation": [[15.3, 30.6, 15.8, 28.6, 18, 17.5, 16, 15.5, 18, 13.5, 12.9, 13.7, 12.8, 22.3, 8, 29.5]], "iscrowd": 0}, {"id": 4410, "image_id": 781, "category_id": 6, "bbox": [8, 29, 15, 13], "area": 195, "segmentation": [[23, 41.5, 20, 37.5, 20, 36.5, 16.5, 33, 13.5, 32, 11.5, 29, 10, 30.5, 8, 34.5, 8, 37.5, 10.5, 40, 12.5, 40, 15.5, 42]], "iscrowd": 0}, {"id": 4411, "image_id": 781, "category_id": 3, "bbox": [8, 41, 13.7, 16.7], "area": 228.79, "segmentation": [[13.1, 57.1, 12.1, 51.8, 19.1, 47.1, 22.1, 44.1, 22.1, 42.1, 20.6, 40.6, 19.6, 40.6, 18.6, 42.6, 15.3, 44.8, 14, 46.2, 11.3, 48.1, 9.1, 50.3, 8.6, 51.6, 8.4, 52.4, 8.7, 54.1, 9.6, 55.5, 10.1, 57.3]], "iscrowd": 0}]}