{"categories": [{"id": 0, "name": "body-parts", "supercategory": "none"}, {"id": 1, "name": "Head", "supercategory": "body-parts"}, {"id": 2, "name": "Lower_Arm", "supercategory": "body-parts"}, {"id": 3, "name": "Lower_Leg", "supercategory": "body-parts"}, {"id": 4, "name": "Torso", "supercategory": "body-parts"}, {"id": 5, "name": "Upper_Arm", "supercategory": "body-parts"}, {"id": 6, "name": "Upper_Leg", "supercategory": "body-parts"}], "images": [{"id": 180, "license": 1, "file_name": "19_prone6.jpg", "height": 64, "width": 27, "date_captured": "2023-06-08T19:45:40+00:00"}], "annotations": [{"id": 1019, "image_id": 180, "category_id": 1, "bbox": [11, 2, 8.441, 8.894], "area": 75.068, "segmentation": [[15.167, 11.278, 11.071, 8.604, 10.515, 4.606, 12.848, 2.384, 17.956, 3.273, 18.956, 6.716, 17.956, 9.049, 16.291, 10.493]], "iscrowd": 0}, {"id": 1020, "image_id": 180, "category_id": 4, "bbox": [7, 14, 14.549, 16.551], "area": 240.795, "segmentation": [[16.513, 14.825, 21.621, 14.38, 21.621, 18.935, 21.066, 22.822, 20.955, 25.266, 20.511, 28.821, 13.736, 30.153, 9.738, 30.042, 7.406, 25.821, 7.072, 22.156, 7.184, 17.157, 8.849, 13.603, 15.513, 15.047, 16.291, 15.047]], "iscrowd": 0}, {"id": 1021, "image_id": 180, "category_id": 6, "bbox": [6, 30, 15.66, 19.883], "area": 311.358, "segmentation": [[10.861, 30.444, 9.96, 33.486, 8.072, 35.93, 7.295, 37.707, 6.85, 39.373, 6.739, 41.817, 6.184, 45.149, 8.072, 48.148, 9.738, 46.593, 10.737, 42.372, 14.736, 40.706, 15.957, 44.149, 16.846, 47.148, 19.4, 49.814, 20.622, 46.593, 21.621, 38.262, 21.844, 36.929, 20.733, 32.93, 19.845, 30.82, 18.29, 29.931, 15.846, 30.376, 12.07, 30.376]], "iscrowd": 0}, {"id": 1022, "image_id": 180, "category_id": 2, "bbox": [23, 27, 2.6, 13.9], "area": 36.14, "segmentation": [[22.8, 26.6, 25.4, 26.7, 24.8, 40.5, 23.1, 39.1, 23, 34.9]], "iscrowd": 0}, {"id": 1023, "image_id": 180, "category_id": 2, "bbox": [3, 27, 3.4, 11.2], "area": 38.08, "segmentation": [[3.2, 27.4, 5.7, 27.3, 5.9, 30.7, 5.3, 37.6, 3.7, 38.5, 2.5, 34.6]], "iscrowd": 0}, {"id": 1024, "image_id": 180, "category_id": 5, "bbox": [3, 14, 5.2, 13.5], "area": 70.2, "segmentation": [[8.4, 13.7, 6.9, 17.4, 6.9, 20.3, 5.1, 26.5, 3.2, 27.2, 3.5, 23.1, 3.7, 18.1, 4.8, 15.6]], "iscrowd": 0}, {"id": 1025, "image_id": 180, "category_id": 5, "bbox": [22, 15, 3.2, 11.2], "area": 35.84, "segmentation": [[22.5, 14.9, 24.6, 15.2, 25.3, 18.6, 25.4, 22.1, 25.5, 26.1, 23.2, 26.1, 23.2, 23.7, 23.1, 19.7, 22.3, 18.5]], "iscrowd": 0}, {"id": 1026, "image_id": 180, "category_id": 5, "bbox": [18, 49, 3, 5.1], "area": 15.3, "segmentation": [[17.7, 49.3, 20.5, 50.4, 19.6, 54.4, 17.5, 52.3, 17.8, 49.5]], "iscrowd": 0}]}