{"categories": [{"id": 0, "name": "body-parts", "supercategory": "none"}, {"id": 1, "name": "Head", "supercategory": "body-parts"}, {"id": 2, "name": "Lower_Arm", "supercategory": "body-parts"}, {"id": 3, "name": "Lower_Leg", "supercategory": "body-parts"}, {"id": 4, "name": "Torso", "supercategory": "body-parts"}, {"id": 5, "name": "Upper_Arm", "supercategory": "body-parts"}, {"id": 6, "name": "Upper_Leg", "supercategory": "body-parts"}], "images": [{"id": 380, "license": 1, "file_name": "19_prone4.jpg", "height": 64, "width": 27, "date_captured": "2023-06-08T19:45:40+00:00"}], "annotations": [{"id": 2104, "image_id": 380, "category_id": 1, "bbox": [10, 5, 6, 7], "area": 42, "segmentation": [[12, 11.5, 14.5, 11, 16, 9.5, 16, 6.5, 14.5, 5, 11.5, 5, 10, 6.5, 10, 10.5, 11.5, 12]], "iscrowd": 0}, {"id": 2105, "image_id": 380, "category_id": 4, "bbox": [8, 13, 14, 17.7], "area": 247.8, "segmentation": [[20, 30.5, 22, 26.5, 21, 18.5, 20.7, 13.3, 14.5, 13.5, 8.6, 13.6, 8.7, 17.2, 8.3, 19.6, 8, 22.2, 8.4, 26.6, 9, 28.1, 10, 29.5, 12.5, 30, 13.5, 31]], "iscrowd": 0}, {"id": 2106, "image_id": 380, "category_id": 5, "bbox": [4, 14, 4.5, 15.5], "area": 69.75, "segmentation": [[7, 29.5, 7, 28.5, 7.1, 26.8, 7.4, 23.7, 7.6, 20.3, 8.5, 15.8, 8.5, 14, 7.5, 14, 4, 18.5, 4, 29.5]], "iscrowd": 0}, {"id": 2107, "image_id": 380, "category_id": 5, "bbox": [21, 14, 4.7, 16], "area": 75.2, "segmentation": [[26, 29.5, 26, 21.5, 25, 20.5, 25, 15.5, 23.5, 14, 21.3, 14.1, 22, 17.5, 22, 26.5, 24.5, 30]], "iscrowd": 0}, {"id": 2108, "image_id": 380, "category_id": 2, "bbox": [4, 28, 3, 7.5], "area": 22.5, "segmentation": [[6, 35.5, 7, 34.5, 7, 29.5, 4.5, 28, 4, 33.5, 5, 35.5]], "iscrowd": 0}, {"id": 2109, "image_id": 380, "category_id": 2, "bbox": [23, 30, 3, 6.6], "area": 19.8, "segmentation": [[25, 36.5, 26, 35.5, 25.8, 29.9, 23.6, 30, 23.2, 32, 23, 34.5, 23, 36.5]], "iscrowd": 0}, {"id": 2110, "image_id": 380, "category_id": 6, "bbox": [5, 31, 18, 16.8], "area": 302.4, "segmentation": [[21, 47.5, 22, 46.5, 22, 42.5, 23, 41.5, 23, 35.5, 19.7, 31.5, 11.7, 31.2, 10.3, 32.6, 10, 34.5, 10, 36.5, 6, 41.5, 5, 46.5, 6.5, 48, 12.5, 48, 13.5, 47, 17.5, 47, 18.5, 48]], "iscrowd": 0}, {"id": 2111, "image_id": 380, "category_id": 3, "bbox": [18, 47, 4, 7.2], "area": 28.8, "segmentation": [[22, 54.5, 21.6, 47.3, 18.5, 48, 18, 49.5, 19, 50.5, 20, 54.5]], "iscrowd": 0}]}