{"categories": [{"id": 0, "name": "body-parts", "supercategory": "none"}, {"id": 1, "name": "Head", "supercategory": "body-parts"}, {"id": 2, "name": "Lower_Arm", "supercategory": "body-parts"}, {"id": 3, "name": "Lower_Leg", "supercategory": "body-parts"}, {"id": 4, "name": "Torso", "supercategory": "body-parts"}, {"id": 5, "name": "Upper_Arm", "supercategory": "body-parts"}, {"id": 6, "name": "Upper_Leg", "supercategory": "body-parts"}], "images": [{"id": 978, "license": 1, "file_name": "19_prone5.jpg", "height": 64, "width": 27, "date_captured": "2023-06-08T19:45:40+00:00"}], "annotations": [{"id": 5521, "image_id": 978, "category_id": 1, "bbox": [10, 5, 8.1, 7], "area": 56.7, "segmentation": [[16, 11.5, 17.5, 11, 18.1, 8.5, 17.9, 6.1, 16.5, 5, 11.5, 5, 10, 7.5, 10, 10.5, 11.5, 12]], "iscrowd": 0}, {"id": 5522, "image_id": 978, "category_id": 4, "bbox": [8, 13, 13, 18.9], "area": 245.7, "segmentation": [[15, 31.5, 19.7, 31.4, 21, 26.5, 21, 18.5, 19.8, 13.1, 9.1, 13.4, 8, 19.5, 8, 26.5, 9, 27.5, 9, 30.5, 11.5, 32]], "iscrowd": 0}, {"id": 5523, "image_id": 978, "category_id": 5, "bbox": [4, 14, 5, 14.5], "area": 72.5, "segmentation": [[7, 28.5, 8, 26.5, 8, 18.5, 9, 17.5, 7.5, 14, 6, 14.5, 5, 18.5, 4, 19.5, 4, 28.5]], "iscrowd": 0}, {"id": 5524, "image_id": 978, "category_id": 5, "bbox": [20, 14, 4.6, 16], "area": 73.6, "segmentation": [[24, 29.5, 25, 28.5, 25, 17.5, 22.5, 14, 20.4, 13.5, 21, 18.5, 21, 22.5, 22, 23.5, 23, 26.5, 23.2, 28.1]], "iscrowd": 0}, {"id": 5525, "image_id": 978, "category_id": 6, "bbox": [6, 32, 17.3, 17.8], "area": 307.94, "segmentation": [[21, 49.5, 23, 47.5, 23, 43.5, 22, 42.5, 21, 36.5, 20.6, 32.2, 15.5, 33, 10.1, 32.2, 8.3, 32.2, 7.5, 33, 5.7, 33.8, 6.6, 37.2, 6, 38.5, 6, 48.5, 15.5, 49, 16.5, 50]], "iscrowd": 0}]}