{"categories": [{"id": 0, "name": "body-parts", "supercategory": "none"}, {"id": 1, "name": "Head", "supercategory": "body-parts"}, {"id": 2, "name": "Lower_Arm", "supercategory": "body-parts"}, {"id": 3, "name": "Lower_Leg", "supercategory": "body-parts"}, {"id": 4, "name": "Torso", "supercategory": "body-parts"}, {"id": 5, "name": "Upper_Arm", "supercategory": "body-parts"}, {"id": 6, "name": "Upper_Leg", "supercategory": "body-parts"}], "images": [{"id": 1156, "license": 1, "file_name": "19_right5.jpg", "height": 64, "width": 27, "date_captured": "2023-06-08T19:45:40+00:00"}], "annotations": [{"id": 6506, "image_id": 1156, "category_id": 3, "bbox": [10, 47, 7, 12.8], "area": 89.6, "segmentation": [[16, 59.5, 17, 58.5, 17, 52.5, 15.5, 50, 10, 47.2, 11, 53.5, 13, 56.5, 13, 58.5, 14.5, 60]], "iscrowd": 0}, {"id": 6507, "image_id": 1156, "category_id": 6, "bbox": [8, 31, 14, 17.5], "area": 245, "segmentation": [[15.5, 46, 21, 40.5, 22, 39.5, 22, 36.5, 22, 33.5, 22, 30.5, 19.5, 31, 15.5, 31, 12.5, 32, 10.5, 32, 9.5, 34, 8, 41.5, 9, 42.5, 9, 45.5, 12.5, 48]], "iscrowd": 0}, {"id": 6508, "image_id": 1156, "category_id": 4, "bbox": [11, 17, 10, 15], "area": 150, "segmentation": [[21, 31.5, 20.8, 17, 14.6, 17.5, 11, 23.5, 11, 28.5, 14.5, 32]], "iscrowd": 0}, {"id": 6509, "image_id": 1156, "category_id": 5, "bbox": [6, 11, 15, 6], "area": 90, "segmentation": [[21, 16.5, 21, 13.5, 19.5, 12, 17.5, 12, 16.5, 11, 14.5, 11, 13.5, 12, 7, 12.1, 6, 13.5, 6, 14.5, 7.5, 16, 13.5, 16, 14.5, 17]], "iscrowd": 0}, {"id": 6510, "image_id": 1156, "category_id": 2, "bbox": [6, 6, 11, 6.7], "area": 73.7, "segmentation": [[8.1, 12.7, 12.7, 10.1, 14.6, 8.8, 17, 6.5, 14.5, 6, 12.5, 8, 7.5, 10, 6, 11.5, 6, 12.5]], "iscrowd": 0}]}