{"categories": [{"id": 0, "name": "body-parts", "supercategory": "none"}, {"id": 1, "name": "Head", "supercategory": "body-parts"}, {"id": 2, "name": "Lower_Arm", "supercategory": "body-parts"}, {"id": 3, "name": "Lower_Leg", "supercategory": "body-parts"}, {"id": 4, "name": "Torso", "supercategory": "body-parts"}, {"id": 5, "name": "Upper_Arm", "supercategory": "body-parts"}, {"id": 6, "name": "Upper_Leg", "supercategory": "body-parts"}], "images": [{"id": 1040, "license": 1, "file_name": "19_right2.jpg", "height": 64, "width": 27, "date_captured": "2023-06-08T19:45:40+00:00"}], "annotations": [{"id": 5858, "image_id": 1040, "category_id": 1, "bbox": [10, 6, 4, 4], "area": 16, "segmentation": [[13, 9.5, 14, 7.5, 12.5, 6, 10.5, 6, 10, 8.5, 11.5, 10]], "iscrowd": 0}, {"id": 5859, "image_id": 1040, "category_id": 3, "bbox": [3, 40, 16, 17], "area": 272, "segmentation": [[18, 56.5, 19, 55.5, 19, 52.5, 7.5, 40, 4.5, 40, 3, 41.5, 4, 43.5, 5.5, 44, 8.5, 47, 11.5, 48, 16, 52.5, 15, 55.5, 16.5, 57]], "iscrowd": 0}, {"id": 5860, "image_id": 1040, "category_id": 6, "bbox": [4, 28, 17, 13], "area": 221, "segmentation": [[9, 40.5, 14.5, 40, 15.5, 39, 18.5, 39, 21, 37.5, 21, 29.5, 19.5, 28, 16.5, 28, 13.5, 32, 8.5, 34, 4, 38.5, 4.5, 40, 6.5, 40, 7.5, 41]], "iscrowd": 0}, {"id": 5861, "image_id": 1040, "category_id": 4, "bbox": [14, 15, 7, 13], "area": 91, "segmentation": [[20, 27.5, 21, 26.5, 21, 18.5, 20, 16.5, 17.5, 15, 14, 17.5, 14, 26.5, 15.5, 28]], "iscrowd": 0}, {"id": 5862, "image_id": 1040, "category_id": 5, "bbox": [9, 12, 11, 8], "area": 88, "segmentation": [[13, 19.5, 15.5, 19, 17.5, 17, 18.5, 18, 20, 16.5, 20, 13.5, 18.5, 12, 14.5, 12, 9, 18.5, 11.5, 20]], "iscrowd": 0}, {"id": 5863, "image_id": 1040, "category_id": 2, "bbox": [5, 14, 6, 6.5], "area": 39, "segmentation": [[11, 20.5, 10, 17.5, 8.5, 17, 8, 15.5, 5.5, 14, 5, 18.5, 6, 20.5]], "iscrowd": 0}]}