{"categories": [{"id": 0, "name": "body-parts", "supercategory": "none"}, {"id": 1, "name": "Head", "supercategory": "body-parts"}, {"id": 2, "name": "Lower_Arm", "supercategory": "body-parts"}, {"id": 3, "name": "Lower_Leg", "supercategory": "body-parts"}, {"id": 4, "name": "Torso", "supercategory": "body-parts"}, {"id": 5, "name": "Upper_Arm", "supercategory": "body-parts"}, {"id": 6, "name": "Upper_Leg", "supercategory": "body-parts"}], "images": [{"id": 1590, "license": 1, "file_name": "19_right6.jpg", "height": 64, "width": 27, "date_captured": "2023-06-08T19:45:40+00:00"}], "annotations": [{"id": 8986, "image_id": 1590, "category_id": 5, "bbox": [6, 13, 10, 4.5], "area": 45, "segmentation": [[15, 16.5, 16, 12.5, 13.7, 12.6, 9.9, 12.9, 7.2, 13.3, 6, 14.5, 6, 15.5, 7.5, 17]], "iscrowd": 0}, {"id": 8987, "image_id": 1590, "category_id": 4, "bbox": [13, 12, 8.3, 21.5], "area": 178.45, "segmentation": [[20, 33.5, 21, 31.5, 21, 26.5, 20, 25.5, 20, 22.5, 21, 20.5, 20, 19.5, 18.8, 12.8, 15.7, 12, 14, 19.5, 13.3, 20.9, 12.7, 22, 13, 23.5, 14, 33.5]], "iscrowd": 0}, {"id": 8988, "image_id": 1590, "category_id": 6, "bbox": [10, 34, 11, 11.5], "area": 126.5, "segmentation": [[16, 45.5, 21, 39.5, 20.5, 34, 13.5, 34, 10, 38.5, 10, 41.5, 11, 42.5, 10, 45.5]], "iscrowd": 0}, {"id": 8989, "image_id": 1590, "category_id": 3, "bbox": [11, 49, 6, 10.5], "area": 63, "segmentation": [[16, 59.5, 17, 57.5, 17, 53.5, 14.5, 50, 11.5, 49, 11, 52.5, 12, 53.5, 12, 55.5, 14, 59.5]], "iscrowd": 0}]}