{"categories": [{"id": 0, "name": "body-parts", "supercategory": "none"}, {"id": 1, "name": "Head", "supercategory": "body-parts"}, {"id": 2, "name": "Lower_Arm", "supercategory": "body-parts"}, {"id": 3, "name": "Lower_Leg", "supercategory": "body-parts"}, {"id": 4, "name": "Torso", "supercategory": "body-parts"}, {"id": 5, "name": "Upper_Arm", "supercategory": "body-parts"}, {"id": 6, "name": "Upper_Leg", "supercategory": "body-parts"}], "images": [{"id": 158, "license": 1, "file_name": "19_supine7.jpg", "height": 64, "width": 27, "date_captured": "2023-06-08T19:45:40+00:00"}], "annotations": [{"id": 883, "image_id": 158, "category_id": 1, "bbox": [8, 4, 17, 8], "area": 136, "segmentation": [[22, 11.5, 25, 8.5, 25, 7.5, 20.5, 4, 9.5, 4, 8, 6.5, 8, 8.5, 11.5, 11, 17.5, 11, 18.5, 12]], "iscrowd": 0}, {"id": 884, "image_id": 158, "category_id": 4, "bbox": [9, 13, 14, 12], "area": 168, "segmentation": [[21, 24.5, 22, 20.5, 23, 19.5, 23, 15.5, 20.5, 13, 11.5, 13, 9, 14.5, 9, 22.5, 10.5, 25]], "iscrowd": 0}, {"id": 885, "image_id": 158, "category_id": 6, "bbox": [8, 25, 15, 14], "area": 210, "segmentation": [[18.963, 38.5, 21.463, 38, 22.963, 35.5, 22.963, 28.5, 21.963, 26.5, 20.463, 25, 10.463, 25, 8.963, 26.5, 7.963, 36.5, 9.463, 38, 11.463, 38, 12.463, 39, 14.463, 38, 16.463, 38, 17.463, 39]], "iscrowd": 0}, {"id": 886, "image_id": 158, "category_id": 5, "bbox": [2, 18, 5, 7.5], "area": 37.5, "segmentation": [[5, 25.5, 5, 24.5, 7, 22.5, 6.5, 18, 4.5, 18, 2, 21.5, 2, 25.5]], "iscrowd": 0}, {"id": 887, "image_id": 158, "category_id": 5, "bbox": [23, 19, 4, 8], "area": 32, "segmentation": [[27, 26.5, 27, 19.5, 25.5, 19, 23, 21.5, 24, 22.5, 24, 25.5, 26.5, 27]], "iscrowd": 0}, {"id": 888, "image_id": 158, "category_id": 3, "bbox": [17, 60, 3, 3], "area": 9, "segmentation": [[20, 62.5, 19.5, 60, 17, 60.5, 17.5, 63]], "iscrowd": 0}, {"id": 889, "image_id": 158, "category_id": 3, "bbox": [12, 60, 4, 3], "area": 12, "segmentation": [[15, 62.5, 16, 61.5, 14.5, 60, 12, 60.5, 12.5, 63]], "iscrowd": 0}]}