{"categories": [{"id": 0, "name": "body-parts", "supercategory": "none"}, {"id": 1, "name": "Head", "supercategory": "body-parts"}, {"id": 2, "name": "Lower_Arm", "supercategory": "body-parts"}, {"id": 3, "name": "Lower_Leg", "supercategory": "body-parts"}, {"id": 4, "name": "Torso", "supercategory": "body-parts"}, {"id": 5, "name": "Upper_Arm", "supercategory": "body-parts"}, {"id": 6, "name": "Upper_Leg", "supercategory": "body-parts"}], "images": [{"id": 378, "license": 1, "file_name": "19_supine3.jpg", "height": 64, "width": 27, "date_captured": "2023-06-08T19:45:40+00:00"}], "annotations": [{"id": 2092, "image_id": 378, "category_id": 4, "bbox": [6, 10, 19.4, 13.5], "area": 261.9, "segmentation": [[20, 11.2, 10.1, 11.2, 6.2, 10, 5.9, 13.6, 8.5, 18.9, 10.4, 22.1, 13.9, 23.5, 19.1, 23.3, 22, 19.9, 23.2, 17, 25.3, 13.8, 24.9, 10.5]], "iscrowd": 0}, {"id": 2093, "image_id": 378, "category_id": 6, "bbox": [6, 25, 16.9, 19.6], "area": 331.24, "segmentation": [[21.8, 26.4, 22.9, 36.4, 21.3, 40.7, 18.5, 44.5, 17.6, 44.4, 14.9, 41.7, 13.2, 40.6, 9, 43.5, 8.1, 42.8, 6.3, 37.7, 6, 33.5, 7.8, 28.7, 10, 25.1, 12.5, 24.9, 16, 25.9, 19.6, 26.1]], "iscrowd": 0}, {"id": 2094, "image_id": 378, "category_id": 3, "bbox": [15, 50, 5.8, 13.7], "area": 79.46, "segmentation": [[18.4, 50.2, 16.6, 53.5, 16.3, 56.6, 16.3, 58.8, 15.3, 61.1, 15.6, 63.8, 17.3, 63.9, 18.7, 63.4, 20.3, 61.9, 20.4, 58.9, 20.4, 57.7, 20.8, 54.5, 21.1, 52.7, 20.7, 51.9, 20, 50.8]], "iscrowd": 0}, {"id": 2095, "image_id": 378, "category_id": 3, "bbox": [6, 49, 4, 15], "area": 60, "segmentation": [[6.5, 50.7, 6.8, 53.1, 7, 57.1, 6.4, 60.8, 6.4, 63, 7.6, 64, 9.1, 64, 10, 61.5, 8.9, 59.2, 9.3, 57.5, 10.2, 53.7, 10.4, 50.4, 10, 49.5, 8.8, 49, 7.3, 49.7]], "iscrowd": 0}, {"id": 2096, "image_id": 378, "category_id": 1, "bbox": [11, 3, 7.6, 5.4], "area": 41.04, "segmentation": [[18.7, 5.3, 16.5, 8.5, 12.8, 8.6, 11.1, 6.8, 11.2, 5.2, 13.8, 3.2, 16.2, 3.4]], "iscrowd": 0}]}