{"categories": [{"id": 0, "name": "body-parts", "supercategory": "none"}, {"id": 1, "name": "Head", "supercategory": "body-parts"}, {"id": 2, "name": "Lower_Arm", "supercategory": "body-parts"}, {"id": 3, "name": "Lower_Leg", "supercategory": "body-parts"}, {"id": 4, "name": "Torso", "supercategory": "body-parts"}, {"id": 5, "name": "Upper_Arm", "supercategory": "body-parts"}, {"id": 6, "name": "Upper_Leg", "supercategory": "body-parts"}], "images": [{"id": 1288, "license": 1, "file_name": "19_supine5.jpg", "height": 64, "width": 27, "date_captured": "2023-06-08T19:45:40+00:00"}], "annotations": [{"id": 7284, "image_id": 1288, "category_id": 1, "bbox": [14, 3, 5, 5], "area": 25, "segmentation": [[18, 7.5, 19, 6.5, 19, 3.5, 15.5, 3, 14, 4.5, 14, 6.5, 15.5, 8]], "iscrowd": 0}, {"id": 7285, "image_id": 1288, "category_id": 4, "bbox": [7, 12, 16, 16.5], "area": 264, "segmentation": [[10, 28.5, 15.5, 28, 18.24, 27.623, 21, 25.5, 21, 22.5, 23, 19.5, 23, 14.5, 21.5, 14, 20.5, 12, 12.5, 12, 11.5, 13, 9.5, 13, 8, 14.5, 7, 18.5, 8, 19.5, 8, 24.5, 9, 25.5, 9, 28.5]], "iscrowd": 0}, {"id": 7286, "image_id": 1288, "category_id": 5, "bbox": [3, 14, 5.317, 13.5], "area": 71.785, "segmentation": [[5, 27.5, 6, 26.5, 6.697, 24.89, 7, 22.5, 7.204, 22.765, 7, 20.5, 7, 17.5, 7.912, 17.198, 8.317, 14.162, 6.5, 14, 5.584, 15.579, 4.571, 18.211, 3, 27.5]], "iscrowd": 0}, {"id": 7287, "image_id": 1288, "category_id": 5, "bbox": [23, 14, 4.002, 13.117], "area": 52.487, "segmentation": [[27, 26.915, 27, 24.992, 26, 15.5, 24.5, 14, 23.5, 14, 23, 19.5, 23.201, 20.842, 22.998, 21.652, 24.416, 24.89, 24.416, 27.117]], "iscrowd": 0}, {"id": 7288, "image_id": 1288, "category_id": 6, "bbox": [8, 28, 14, 9.5], "area": 133, "segmentation": [[18, 36.5, 20.5, 36, 21.682, 35.922, 22, 32.5, 21, 27.5, 19.556, 27.623, 17.43, 28.433, 14.5, 28, 8.925, 28.433, 8, 32.5, 8, 35.5, 9.5, 37]], "iscrowd": 0}, {"id": 7289, "image_id": 1288, "category_id": 3, "bbox": [6, 50, 6, 13.5], "area": 81, "segmentation": [[10.545, 62.844, 10, 57.5, 11, 56.5, 12, 51.5, 10.5, 50, 8.5, 50, 8, 52.5, 7, 53.5, 7, 55.5, 8, 56.5, 8, 60.5, 6, 62.5, 6, 63.5]], "iscrowd": 0}, {"id": 7290, "image_id": 1288, "category_id": 3, "bbox": [17, 45, 5, 10.5], "area": 52.5, "segmentation": [[20, 55.5, 22, 53.5, 22, 47.5, 20.5, 45, 18.5, 45, 17, 55.5]], "iscrowd": 0}]}