{"categories": [{"id": 0, "name": "body-parts", "supercategory": "none"}, {"id": 1, "name": "Head", "supercategory": "body-parts"}, {"id": 2, "name": "Lower_Arm", "supercategory": "body-parts"}, {"id": 3, "name": "Lower_Leg", "supercategory": "body-parts"}, {"id": 4, "name": "Torso", "supercategory": "body-parts"}, {"id": 5, "name": "Upper_Arm", "supercategory": "body-parts"}, {"id": 6, "name": "Upper_Leg", "supercategory": "body-parts"}], "images": [{"id": 1593, "license": 1, "file_name": "18_empty1.jpg", "height": 64, "width": 27, "date_captured": "2023-06-08T19:45:40+00:00"}], "annotations": [{"id": 9003, "image_id": 1593, "category_id": 5, "bbox": [7, 4, 11.883, 1.466], "area": 17.427, "segmentation": [[7.806, 3.917, 19.067, 3.939, 19.289, 4.939, 8.516, 5.383, 7.406, 4.161, 9.072, 5.272]], "iscrowd": 0}]}