{"categories": [{"id": 0, "name": "body-parts", "supercategory": "none"}, {"id": 1, "name": "Head", "supercategory": "body-parts"}, {"id": 2, "name": "Lower_Arm", "supercategory": "body-parts"}, {"id": 3, "name": "Lower_Leg", "supercategory": "body-parts"}, {"id": 4, "name": "Torso", "supercategory": "body-parts"}, {"id": 5, "name": "Upper_Arm", "supercategory": "body-parts"}, {"id": 6, "name": "Upper_Leg", "supercategory": "body-parts"}], "images": [{"id": 1549, "license": 1, "file_name": "18_left2.jpg", "height": 64, "width": 27, "date_captured": "2023-06-08T19:45:40+00:00"}], "annotations": [{"id": 8769, "image_id": 1549, "category_id": 6, "bbox": [5, 24, 14.549, 24], "area": 349.176, "segmentation": [[6.417, 23.5, 11.848, 23.711, 17.734, 25.155, 19.289, 26.488, 19.178, 32.375, 19.289, 37.374, 19.067, 40.484, 18.8, 47.1, 13.7, 47.5, 13.3, 41.1, 5.74, 34.041, 4.74, 28.709, 5.74, 24.489]], "iscrowd": 0}, {"id": 8770, "image_id": 1549, "category_id": 3, "bbox": [5, 55, 4.331, 7.977], "area": 34.552, "segmentation": [[7.25, 54.611, 5.518, 57.59, 5.184, 60.589, 8.405, 62.588, 8.627, 59.256, 9.072, 56.923, 9.516, 55.368]], "iscrowd": 0}, {"id": 8771, "image_id": 1549, "category_id": 1, "bbox": [12, 2, 7.108, 6.477], "area": 46.036, "segmentation": [[14.75, 8.083, 12.07, 5.161, 12.292, 2.939, 15.291, 1.607, 18.845, 2.606, 19.178, 4.717, 17.956, 7.049]], "iscrowd": 0}, {"id": 8772, "image_id": 1549, "category_id": 4, "bbox": [7, 9, 13.438, 15.884], "area": 213.457, "segmentation": [[9.333, 9.889, 13.625, 9.049, 17.512, 9.049, 19.845, 10.048, 20.067, 14.047, 18.956, 17.713, 18.623, 22.267, 18.401, 23.711, 18.401, 24.933, 14.069, 24.155, 11.515, 23.378, 8.183, 23.6, 6.628, 21.934, 7.184, 18.046, 8.072, 13.048]], "iscrowd": 0}, {"id": 8773, "image_id": 1549, "category_id": 5, "bbox": [18, 13, 4.665, 12.433], "area": 57.994, "segmentation": [[20.028, 12.944, 21.288, 17.935, 22.288, 21.712, 22.177, 23.822, 20.178, 25.377, 17.623, 24.489, 18.512, 20.601, 19.4, 17.713]], "iscrowd": 0}, {"id": 8774, "image_id": 1549, "category_id": 3, "bbox": [7, 48, 11.6, 8.2], "area": 95.12, "segmentation": [[12.3, 47.7, 18.6, 47.8, 10.3, 55.9, 7, 54.8]], "iscrowd": 0}]}