{"categories": [{"id": 0, "name": "body-parts", "supercategory": "none"}, {"id": 1, "name": "Head", "supercategory": "body-parts"}, {"id": 2, "name": "Lower_Arm", "supercategory": "body-parts"}, {"id": 3, "name": "Lower_Leg", "supercategory": "body-parts"}, {"id": 4, "name": "Torso", "supercategory": "body-parts"}, {"id": 5, "name": "Upper_Arm", "supercategory": "body-parts"}, {"id": 6, "name": "Upper_Leg", "supercategory": "body-parts"}], "images": [{"id": 1692, "license": 1, "file_name": "18_left6.jpg", "height": 64, "width": 27, "date_captured": "2023-06-08T19:45:40+00:00"}], "annotations": [{"id": 9553, "image_id": 1692, "category_id": 4, "bbox": [7, 9, 12.6, 18], "area": 226.8, "segmentation": [[18, 26.5, 18.5, 17.5, 18.3, 15.2, 19.6, 12.1, 17.5, 9, 15.5, 9, 14.5, 10, 10.5, 10, 8, 12.5, 8, 14.5, 7, 15.5, 7, 25.5, 8.5, 26, 9.5, 25, 12.5, 25, 15.5, 27]], "iscrowd": 0}, {"id": 9554, "image_id": 1692, "category_id": 6, "bbox": [5, 24, 13, 19], "area": 247, "segmentation": [[15, 42.5, 18, 39.5, 18, 26.5, 15.5, 25, 9.5, 24, 7.5, 25, 5, 28.5, 5, 35.5, 11.5, 43]], "iscrowd": 0}, {"id": 9555, "image_id": 1692, "category_id": 3, "bbox": [8, 48, 7, 15.5], "area": 108.5, "segmentation": [[12, 63.5, 13, 62.5, 13, 59.5, 14, 58.5, 14, 55.5, 15, 54.5, 14.5, 48, 11.5, 48, 9, 51.5, 9, 61.5, 8, 63.5]], "iscrowd": 0}, {"id": 9556, "image_id": 1692, "category_id": 5, "bbox": [18, 12, 6, 6.1], "area": 36.6, "segmentation": [[24, 17.5, 24, 16.5, 19.4, 11.9, 18, 16.5, 20.5, 17, 21.5, 18]], "iscrowd": 0}]}