{"categories": [{"id": 0, "name": "body-parts", "supercategory": "none"}, {"id": 1, "name": "Head", "supercategory": "body-parts"}, {"id": 2, "name": "Lower_Arm", "supercategory": "body-parts"}, {"id": 3, "name": "Lower_Leg", "supercategory": "body-parts"}, {"id": 4, "name": "Torso", "supercategory": "body-parts"}, {"id": 5, "name": "Upper_Arm", "supercategory": "body-parts"}, {"id": 6, "name": "Upper_Leg", "supercategory": "body-parts"}], "images": [{"id": 686, "license": 1, "file_name": "18_left1.jpg", "height": 64, "width": 27, "date_captured": "2023-06-08T19:45:40+00:00"}], "annotations": [{"id": 3860, "image_id": 686, "category_id": 3, "bbox": [9, 47, 6.209, 16.923], "area": 105.07, "segmentation": [[9.927, 47.077, 14.907, 48.205, 13.372, 51.66, 11.591, 56.135, 11.754, 60.588, 11.918, 63.384, 8.698, 64, 9.032, 59.475, 8.762, 54.388, 8.762, 51.331]], "iscrowd": 0}, {"id": 3861, "image_id": 686, "category_id": 6, "bbox": [2, 22, 16.505, 25.982], "area": 428.826, "segmentation": [[6.571, 21.714, 16.187, 23.607, 18.884, 26.482, 18.744, 32.041, 18.872, 39.784, 14.562, 44.554, 13.66, 47.696, 9.819, 47.372, 8.561, 42.14, 3.126, 35.343, 2.379, 28.267, 4.751, 23.985]], "iscrowd": 0}, {"id": 3862, "image_id": 686, "category_id": 4, "bbox": [6, 8, 11.277, 15.73], "area": 177.39, "segmentation": [[9.542, 7.574, 17.565, 7.62, 17.611, 12.345, 16.09, 17.81, 15.911, 23.304, 10.676, 22.65, 7.12, 22.122, 6.334, 17.855, 6.662, 12.089]], "iscrowd": 0}, {"id": 3863, "image_id": 686, "category_id": 5, "bbox": [15, 8, 6.915, 13.156], "area": 90.97, "segmentation": [[16, 8, 19.323, 11.454, 20.243, 15.39, 20.825, 18.546, 21.422, 20.776, 19.349, 21.156, 17.183, 16.391, 14.507, 12.98]], "iscrowd": 0}, {"id": 3864, "image_id": 686, "category_id": 1, "bbox": [9, 1, 6.611, 4.753], "area": 31.421, "segmentation": [[8.857, 0.857, 15.158, 1.226, 15.468, 3.829, 11.978, 5.61, 9.95, 4.03]], "iscrowd": 0}]}