{"categories": [{"id": 0, "name": "body-parts", "supercategory": "none"}, {"id": 1, "name": "Head", "supercategory": "body-parts"}, {"id": 2, "name": "Lower_Arm", "supercategory": "body-parts"}, {"id": 3, "name": "Lower_Leg", "supercategory": "body-parts"}, {"id": 4, "name": "Torso", "supercategory": "body-parts"}, {"id": 5, "name": "Upper_Arm", "supercategory": "body-parts"}, {"id": 6, "name": "Upper_Leg", "supercategory": "body-parts"}], "images": [{"id": 1092, "license": 1, "file_name": "18_left5.jpg", "height": 64, "width": 27, "date_captured": "2023-06-08T19:45:40+00:00"}], "annotations": [{"id": 6129, "image_id": 1092, "category_id": 5, "bbox": [9, 9, 18, 6], "area": 108, "segmentation": [[17.8, 14.7, 24.5, 15, 27, 12.5, 24.5, 10, 22.5, 11, 20.5, 9, 11.5, 9, 9, 11.5, 9, 12.5, 10.5, 14, 12.1, 14.7, 15.5, 14.1]], "iscrowd": 0}, {"id": 6130, "image_id": 1092, "category_id": 4, "bbox": [6, 17, 13, 17.5], "area": 227.5, "segmentation": [[7.8, 34.1, 9.5, 34, 12.5, 34, 14, 33.8, 15.5, 34, 18, 33.5, 18, 29.5, 19, 28.5, 19, 18.5, 17.5, 17, 10.5, 17, 8, 18.5, 8, 24.5, 6, 26.5, 6, 34.5, 6.6, 34.1]], "iscrowd": 0}, {"id": 6131, "image_id": 1092, "category_id": 6, "bbox": [6, 33, 13, 15.5], "area": 201.5, "segmentation": [[16, 47.5, 16.8, 44.6, 19, 32.5, 18.1, 33.2, 16.2, 33.5, 13.7, 33.4, 10.7, 34.1, 8.4, 33.8, 6.2, 35, 6, 40.5, 7, 41.5, 9.3, 42.6, 10, 44.5, 11.1, 45.8, 11.5, 47, 11.5, 48]], "iscrowd": 0}, {"id": 6132, "image_id": 1092, "category_id": 3, "bbox": [9, 48, 7, 15.5], "area": 108.5, "segmentation": [[12, 63.5, 12, 61, 13, 58.5, 13, 56.5, 14, 55.5, 16, 51.5, 16, 49.5, 13.5, 48, 12.5, 48, 9, 52.5, 9, 63.5]], "iscrowd": 0}]}