{"categories": [{"id": 0, "name": "body-parts", "supercategory": "none"}, {"id": 1, "name": "Head", "supercategory": "body-parts"}, {"id": 2, "name": "Lower_Arm", "supercategory": "body-parts"}, {"id": 3, "name": "Lower_Leg", "supercategory": "body-parts"}, {"id": 4, "name": "Torso", "supercategory": "body-parts"}, {"id": 5, "name": "Upper_Arm", "supercategory": "body-parts"}, {"id": 6, "name": "Upper_Leg", "supercategory": "body-parts"}], "images": [{"id": 1129, "license": 1, "file_name": "18_prone2.jpg", "height": 64, "width": 27, "date_captured": "2023-06-08T19:45:40+00:00"}], "annotations": [{"id": 6355, "image_id": 1129, "category_id": 1, "bbox": [10, 1, 8.4, 7], "area": 58.8, "segmentation": [[17.3, 7.7, 18.4, 2.9, 16.5, 1, 12.5, 1, 10.9, 1.5, 10, 3.2, 10.3, 6.1, 12.4, 8]], "iscrowd": 0}, {"id": 6356, "image_id": 1129, "category_id": 4, "bbox": [7, 11, 15, 17.5], "area": 262.5, "segmentation": [[21, 28.5, 22, 27.5, 22, 14.5, 19.5, 12, 14.5, 13, 13.5, 12, 10.5, 12, 8.5, 11, 7, 12.5, 8, 13.5, 8, 26.5, 9, 28.5]], "iscrowd": 0}, {"id": 6357, "image_id": 1129, "category_id": 5, "bbox": [22, 11, 5, 13.8], "area": 69, "segmentation": [[26, 24.5, 27, 23.5, 25.9, 16.4, 24.5, 12.5, 22, 11.2, 23, 21.5, 24, 23.5, 25.5, 25]], "iscrowd": 0}, {"id": 6358, "image_id": 1129, "category_id": 5, "bbox": [3, 11, 4.5, 12.4], "area": 55.8, "segmentation": [[5, 22.4, 5.5, 21.2, 6, 20.3, 6.5, 19.5, 7.5, 11, 6.5, 11, 4, 13.5, 3.2, 19.5, 3, 21.5, 3.5, 23, 4.3, 23.4]], "iscrowd": 0}, {"id": 6359, "image_id": 1129, "category_id": 2, "bbox": [3, 23, 3.1, 7.1], "area": 22.01, "segmentation": [[5, 30.5, 6, 29.5, 5, 27.5, 4.6, 23.7, 2.9, 23.4, 3, 30.5]], "iscrowd": 0}, {"id": 6360, "image_id": 1129, "category_id": 6, "bbox": [8, 30, 15.3, 17.1], "area": 261.63, "segmentation": [[15.1, 38.9, 16.8, 46.7, 21.9, 46.9, 23, 39.5, 23, 37.5, 22, 36.5, 23, 34.5, 22, 32.5, 19.5, 30, 13.5, 30, 12.5, 31, 10.5, 31, 8, 33.5, 8, 37.5, 7.9, 38.5, 7.7, 40.5, 7.7, 42.1, 8.4, 46.6, 14.2, 47.1]], "iscrowd": 0}]}