{"categories": [{"id": 0, "name": "body-parts", "supercategory": "none"}, {"id": 1, "name": "Head", "supercategory": "body-parts"}, {"id": 2, "name": "Lower_Arm", "supercategory": "body-parts"}, {"id": 3, "name": "Lower_Leg", "supercategory": "body-parts"}, {"id": 4, "name": "Torso", "supercategory": "body-parts"}, {"id": 5, "name": "Upper_Arm", "supercategory": "body-parts"}, {"id": 6, "name": "Upper_Leg", "supercategory": "body-parts"}], "images": [{"id": 468, "license": 1, "file_name": "18_prone3.jpg", "height": 64, "width": 27, "date_captured": "2023-06-08T19:45:40+00:00"}], "annotations": [{"id": 2595, "image_id": 468, "category_id": 4, "bbox": [7, 12, 15.6, 17.2], "area": 268.32, "segmentation": [[7.5, 29.5, 21.3, 29.6, 22.4, 27.5, 22.4, 15.9, 21.5, 13.7, 18.5, 12.5, 9.5, 12.4, 7.1, 15.9, 6.8, 26.8]], "iscrowd": 0}, {"id": 2596, "image_id": 468, "category_id": 6, "bbox": [6, 30, 17.3, 22.6], "area": 390.98, "segmentation": [[6.2, 34.6, 6.4, 41.2, 7.8, 46.1, 8, 50.6, 9.2, 52.4, 11.4, 51.1, 14.1, 47.4, 15.8, 47.7, 16.6, 51.6, 19.8, 52.4, 22.3, 49.4, 22.9, 40.9, 23.5, 37.4, 21.9, 31.7, 20.5, 29.8, 8.2, 30.1, 6.7, 31.7]], "iscrowd": 0}, {"id": 2597, "image_id": 468, "category_id": 2, "bbox": [1, 1, 26.3, 4], "area": 105.2, "segmentation": [[4.6, 4.3, 13.6, 4.7, 18.8, 4.4, 22.8, 4.3, 24.6, 4.8, 27, 4.8, 27, 1.7, 21.2, 1.5, 17.4, 1.6, 15.1, 0.8, 13.3, 1.2, 11.4, 0.9, 10.6, 1.5, 2.2, 1.5, 0.7, 3.3]], "iscrowd": 0}, {"id": 2598, "image_id": 468, "category_id": 5, "bbox": [1, 3, 6.9, 6], "area": 41.4, "segmentation": [[6.3, 9.3, 2.2, 6.8, 0.6, 3.3, 6, 4.6, 5.1, 5.8, 7.5, 8.2]], "iscrowd": 0}, {"id": 2599, "image_id": 468, "category_id": 5, "bbox": [23, 4, 4.3, 4.9], "area": 21.07, "segmentation": [[22.7, 7.8, 25.1, 5.6, 23.9, 4.3, 27, 4.7, 27, 7.3, 24.9, 9.2]], "iscrowd": 0}]}