{"categories": [{"id": 0, "name": "body-parts", "supercategory": "none"}, {"id": 1, "name": "Head", "supercategory": "body-parts"}, {"id": 2, "name": "Lower_Arm", "supercategory": "body-parts"}, {"id": 3, "name": "Lower_Leg", "supercategory": "body-parts"}, {"id": 4, "name": "Torso", "supercategory": "body-parts"}, {"id": 5, "name": "Upper_Arm", "supercategory": "body-parts"}, {"id": 6, "name": "Upper_Leg", "supercategory": "body-parts"}], "images": [{"id": 1675, "license": 1, "file_name": "18_prone1.jpg", "height": 64, "width": 27, "date_captured": "2023-06-08T19:45:40+00:00"}], "annotations": [{"id": 9460, "image_id": 1675, "category_id": 1, "bbox": [10, 2, 5, 5.5], "area": 27.5, "segmentation": [[14, 7.5, 15, 3.5, 13.5, 2, 10.5, 2, 10, 7.5]], "iscrowd": 0}, {"id": 9461, "image_id": 1675, "category_id": 4, "bbox": [8, 13, 14, 16], "area": 224, "segmentation": [[22, 28.5, 22, 14.5, 20.5, 13, 10.5, 13, 8, 15.5, 8, 26.5, 10.5, 29]], "iscrowd": 0}, {"id": 9462, "image_id": 1675, "category_id": 5, "bbox": [3, 10, 11, 8.5], "area": 93.5, "segmentation": [[5, 18.5, 7.5, 18, 8, 14.5, 9.5, 13, 13.5, 12, 14, 10.5, 7.5, 10, 3, 14.5, 3, 18.5]], "iscrowd": 0}, {"id": 9463, "image_id": 1675, "category_id": 5, "bbox": [17, 9, 9, 11], "area": 99, "segmentation": [[26, 19.5, 26, 14.5, 25, 13.5, 25, 11.5, 22.5, 9, 20.5, 10, 17.5, 10, 17, 12.5, 20.5, 13, 23, 15.5, 23, 18.5, 24.5, 20]], "iscrowd": 0}, {"id": 9464, "image_id": 1675, "category_id": 2, "bbox": [3, 21, 3, 10], "area": 30, "segmentation": [[5, 30.5, 6, 28.5, 5, 27.5, 5, 21.5, 3.5, 21, 3, 29.5, 4.5, 31]], "iscrowd": 0}, {"id": 9465, "image_id": 1675, "category_id": 2, "bbox": [25, 21, 2, 8.5], "area": 17, "segmentation": [[27, 29.5, 26.5, 21, 25, 22.5, 25, 26.5, 26, 27.5, 26, 29.5]], "iscrowd": 0}, {"id": 9466, "image_id": 1675, "category_id": 6, "bbox": [7, 30, 16, 23], "area": 368, "segmentation": [[21, 52.5, 21, 50.5, 22, 49.5, 22, 45.5, 23, 44.5, 23, 32.5, 20.5, 30, 9.5, 30, 7, 33.5, 8, 51.5, 9.5, 53, 13.5, 48, 15.5, 48, 19.5, 53]], "iscrowd": 0}]}