{"categories": [{"id": 0, "name": "body-parts", "supercategory": "none"}, {"id": 1, "name": "Head", "supercategory": "body-parts"}, {"id": 2, "name": "Lower_Arm", "supercategory": "body-parts"}, {"id": 3, "name": "Lower_Leg", "supercategory": "body-parts"}, {"id": 4, "name": "Torso", "supercategory": "body-parts"}, {"id": 5, "name": "Upper_Arm", "supercategory": "body-parts"}, {"id": 6, "name": "Upper_Leg", "supercategory": "body-parts"}], "images": [{"id": 271, "license": 1, "file_name": "18_prone6.jpg", "height": 64, "width": 27, "date_captured": "2023-06-08T19:45:40+00:00"}], "annotations": [{"id": 1539, "image_id": 271, "category_id": 1, "bbox": [7, 2, 13, 9], "area": 117, "segmentation": [[14, 10.5, 19, 9.5, 20, 7.5, 19.5, 2, 8.5, 2, 7, 3.5, 7, 9.5, 8.5, 11]], "iscrowd": 0}, {"id": 1540, "image_id": 271, "category_id": 4, "bbox": [7, 12, 15, 17.5], "area": 262.5, "segmentation": [[21, 29.5, 22, 28.5, 22, 14.5, 20.5, 13, 11.5, 13, 10.5, 12, 9.5, 13, 7.5, 13, 7, 13.5, 8, 14.5, 8, 17.5, 7, 18.5, 7, 25.5, 8, 26.5, 8, 29.5]], "iscrowd": 0}, {"id": 1541, "image_id": 271, "category_id": 6, "bbox": [6, 30, 17, 18], "area": 306, "segmentation": [[21, 47.5, 22, 46.5, 22, 43.5, 23, 42.5, 23, 33.5, 20.5, 31, 15.5, 31, 14.5, 30, 13.5, 31, 8.5, 31, 6, 36.5, 7, 37.5, 6, 38.5, 7, 39.5, 8, 47.5, 11.5, 48, 13, 46.5, 13, 43.5, 14.5, 41, 16, 41.5, 16, 46.5, 18.5, 47, 19.5, 48]], "iscrowd": 0}, {"id": 1542, "image_id": 271, "category_id": 3, "bbox": [7, 48, 5, 5], "area": 25, "segmentation": [[10, 52.5, 12, 51.5, 12, 49.5, 10.5, 48, 8.5, 48, 7, 49.5, 7, 51.5, 8.5, 53]], "iscrowd": 0}, {"id": 1543, "image_id": 271, "category_id": 3, "bbox": [16, 48, 6, 6], "area": 36, "segmentation": [[21, 53.5, 22, 51.5, 22, 48.5, 17.5, 48, 16, 49.5, 16, 51.5, 19.5, 54]], "iscrowd": 0}, {"id": 1544, "image_id": 271, "category_id": 5, "bbox": [20, 11, 7, 10], "area": 70, "segmentation": [[26, 20.5, 27, 19.5, 27, 13.5, 23.5, 11, 20.5, 11, 20, 11.5, 22, 13.5, 22, 15.5, 23, 16.5, 23, 19.5, 25.5, 21]], "iscrowd": 0}, {"id": 1545, "image_id": 271, "category_id": 5, "bbox": [2, 11, 5, 9.5], "area": 47.5, "segmentation": [[3, 20.5, 7, 16.5, 6.5, 11, 5, 12.5, 5, 13.5, 2, 15.5, 2, 20.5]], "iscrowd": 0}, {"id": 1546, "image_id": 271, "category_id": 2, "bbox": [2, 20, 3, 12.5], "area": 37.5, "segmentation": [[5, 32.5, 5, 23.5, 4, 22.5, 3.5, 20, 2, 21.5, 2, 29.5, 3, 30.5, 3, 32.5]], "iscrowd": 0}, {"id": 1547, "image_id": 271, "category_id": 2, "bbox": [25, 20, 2, 14], "area": 28, "segmentation": [[27, 33.5, 27, 22.5, 27, 21.5, 26.5, 20, 25, 21.5, 25, 32.5, 26.5, 34]], "iscrowd": 0}]}