{"categories": [{"id": 0, "name": "body-parts", "supercategory": "none"}, {"id": 1, "name": "Head", "supercategory": "body-parts"}, {"id": 2, "name": "Lower_Arm", "supercategory": "body-parts"}, {"id": 3, "name": "Lower_Leg", "supercategory": "body-parts"}, {"id": 4, "name": "Torso", "supercategory": "body-parts"}, {"id": 5, "name": "Upper_Arm", "supercategory": "body-parts"}, {"id": 6, "name": "Upper_Leg", "supercategory": "body-parts"}], "images": [{"id": 933, "license": 1, "file_name": "18_prone5.jpg", "height": 64, "width": 27, "date_captured": "2023-06-08T19:45:40+00:00"}], "annotations": [{"id": 5252, "image_id": 933, "category_id": 1, "bbox": [9, 1, 9.44, 7.109], "area": 67.11, "segmentation": [[16.417, 8.083, 13.181, 8.16, 8.961, 6.827, 8.516, 3.939, 10.515, 1.162, 14.403, 1.051, 17.845, 2.162, 17.956, 5.272, 17.845, 6.383]], "iscrowd": 0}, {"id": 5253, "image_id": 933, "category_id": 4, "bbox": [6, 10, 16.77, 20.32], "area": 340.774, "segmentation": [[8.639, 9.611, 14.069, 11.27, 17.734, 10.715, 20.178, 10.493, 22.51, 11.826, 22.51, 14.603, 22.621, 18.379, 22.399, 21.267, 21.955, 23.6, 19.289, 28.376, 11.848, 29.931, 7.739, 29.931, 5.962, 26.488, 5.851, 22.6, 6.739, 18.046, 7.072, 13.492, 8.627, 9.937]], "iscrowd": 0}, {"id": 5254, "image_id": 933, "category_id": 6, "bbox": [7, 30, 16.659, 18.994], "area": 316.43, "segmentation": [[7.739, 32.042, 7.072, 37.485, 7.406, 40.706, 7.406, 45.815, 8.849, 48.815, 11.626, 48.926, 14.403, 45.926, 17.956, 47.259, 21.288, 48.481, 23.287, 44.482, 23.732, 39.262, 22.288, 34.263, 19.733, 30.931, 13.292, 29.931, 9.405, 30.042, 9.183, 30.153, 8.405, 31.375, 8.294, 32.042]], "iscrowd": 0}, {"id": 5255, "image_id": 933, "category_id": 5, "bbox": [3, 10, 4.553, 10.774], "area": 49.062, "segmentation": [[7.25, 15.444, 6.739, 17.268, 5.184, 18.935, 3.185, 20.712, 2.852, 17.157, 4.074, 13.714, 6.073, 9.937, 6.739, 10.604, 7.406, 13.825]], "iscrowd": 0}, {"id": 5256, "image_id": 933, "category_id": 5, "bbox": [22, 11, 5.045, 14.44], "area": 72.855, "segmentation": [[23.065, 17.157, 23.732, 25.155, 26.73, 25.933, 27, 21.489, 26.841, 14.492, 23.398, 11.492, 21.955, 12.27]], "iscrowd": 0}]}