{"categories": [{"id": 0, "name": "body-parts", "supercategory": "none"}, {"id": 1, "name": "Head", "supercategory": "body-parts"}, {"id": 2, "name": "Lower_Arm", "supercategory": "body-parts"}, {"id": 3, "name": "Lower_Leg", "supercategory": "body-parts"}, {"id": 4, "name": "Torso", "supercategory": "body-parts"}, {"id": 5, "name": "Upper_Arm", "supercategory": "body-parts"}, {"id": 6, "name": "Upper_Leg", "supercategory": "body-parts"}], "images": [{"id": 620, "license": 1, "file_name": "18_prone4.jpg", "height": 64, "width": 27, "date_captured": "2023-06-08T19:45:40+00:00"}], "annotations": [{"id": 3474, "image_id": 620, "category_id": 1, "bbox": [9, 1, 6, 8], "area": 48, "segmentation": [[13, 8.5, 15, 4.5, 14, 2.5, 11.5, 1, 9, 3.5, 9, 7.5, 10.5, 9]], "iscrowd": 0}, {"id": 3475, "image_id": 620, "category_id": 4, "bbox": [8, 12, 15, 18], "area": 270, "segmentation": [[22, 29.5, 23, 28.5, 23, 15.5, 22, 13.5, 20.5, 12, 8.5, 12, 8, 26.5, 12.5, 30]], "iscrowd": 0}, {"id": 3476, "image_id": 620, "category_id": 6, "bbox": [5, 31, 19, 17], "area": 323, "segmentation": [[21, 47.5, 23, 45.5, 23, 41.5, 24, 40.5, 24, 33.5, 21.5, 31, 14.5, 31, 13.5, 32, 6.5, 31, 5, 32.5, 7, 36.5, 6, 38.5, 5, 46.5, 6.5, 48, 10.5, 48, 12, 46.5, 12, 43.5, 13, 42.5, 12, 41.5, 14.5, 39, 18, 41.5, 18, 46.5, 20.5, 48]], "iscrowd": 0}, {"id": 3477, "image_id": 620, "category_id": 5, "bbox": [4, 11, 7, 9.5], "area": 66.5, "segmentation": [[5, 20.5, 8, 16.5, 8, 14.5, 11, 11.5, 10.5, 11, 7.5, 11, 5, 13.5, 4, 15.5, 4, 20.5]], "iscrowd": 0}, {"id": 3478, "image_id": 620, "category_id": 2, "bbox": [2, 21, 4, 9], "area": 36, "segmentation": [[6, 29.5, 6, 27.5, 5, 26.5, 5, 22.5, 3.5, 21, 2, 22.5, 2, 25.5, 3, 26.5, 3, 28.5, 4.5, 30]], "iscrowd": 0}, {"id": 3479, "image_id": 620, "category_id": 5, "bbox": [18, 9, 8, 10], "area": 80, "segmentation": [[26, 18.5, 26, 13.5, 24, 9.5, 20.5, 9, 18, 11.5, 21, 12.5, 21, 13.5, 23, 15.5, 23.5, 19]], "iscrowd": 0}, {"id": 3480, "image_id": 620, "category_id": 2, "bbox": [23, 19, 4, 16], "area": 64, "segmentation": [[26, 34.757, 27, 33.757, 27, 31.757, 26, 30.757, 26, 28.757, 27, 27.757, 26, 26.757, 26, 22.757, 27, 21.757, 26, 20.757, 26, 18.757, 23.997, 20.26, 24, 28.757, 23, 30.757, 24, 31.757, 24, 34.757]], "iscrowd": 0}]}