{"categories": [{"id": 0, "name": "body-parts", "supercategory": "none"}, {"id": 1, "name": "Head", "supercategory": "body-parts"}, {"id": 2, "name": "Lower_Arm", "supercategory": "body-parts"}, {"id": 3, "name": "Lower_Leg", "supercategory": "body-parts"}, {"id": 4, "name": "Torso", "supercategory": "body-parts"}, {"id": 5, "name": "Upper_Arm", "supercategory": "body-parts"}, {"id": 6, "name": "Upper_Leg", "supercategory": "body-parts"}], "images": [{"id": 1374, "license": 1, "file_name": "18_right1.jpg", "height": 64, "width": 27, "date_captured": "2023-06-08T19:45:40+00:00"}], "annotations": [{"id": 7755, "image_id": 1374, "category_id": 3, "bbox": [12, 47, 5.8, 17], "area": 98.6, "segmentation": [[16.9, 48.2, 17.6, 52, 17.3, 63.3, 14.8, 64, 14.2, 58.6, 12.2, 53.1, 11.8, 49, 14.2, 47]], "iscrowd": 0}, {"id": 7756, "image_id": 1374, "category_id": 6, "bbox": [10, 31, 13, 16.4], "area": 213.2, "segmentation": [[10.8, 31.1, 22.2, 31.1, 22.6, 34, 18.4, 41.9, 17, 46.4, 14.9, 47.5, 12.5, 47.2, 10.5, 44.7, 9.9, 42, 9.7, 36.4, 9.6, 32.9]], "iscrowd": 0}, {"id": 7757, "image_id": 1374, "category_id": 4, "bbox": [10, 8, 13.58, 23.076], "area": 313.383, "segmentation": [[23.5, 28.8, 21.3, 24, 19.706, 8.642, 9.92, 8.124, 10.1, 20.7, 10.3, 27.6, 10.1, 30, 12.9, 31.2, 21.1, 30.9]], "iscrowd": 0}, {"id": 7758, "image_id": 1374, "category_id": 5, "bbox": [6, 8, 8.1, 11.1], "area": 89.91, "segmentation": [[5.6, 17.6, 7.6, 11.5, 10.4, 8.3, 11.9, 7.6, 13.7, 8.7, 11.6, 12.6, 8.9, 16.8, 6.7, 18.7]], "iscrowd": 0}]}