{"categories": [{"id": 0, "name": "body-parts", "supercategory": "none"}, {"id": 1, "name": "Head", "supercategory": "body-parts"}, {"id": 2, "name": "Lower_Arm", "supercategory": "body-parts"}, {"id": 3, "name": "Lower_Leg", "supercategory": "body-parts"}, {"id": 4, "name": "Torso", "supercategory": "body-parts"}, {"id": 5, "name": "Upper_Arm", "supercategory": "body-parts"}, {"id": 6, "name": "Upper_Leg", "supercategory": "body-parts"}], "images": [{"id": 1083, "license": 1, "file_name": "18_right2.jpg", "height": 64, "width": 27, "date_captured": "2023-06-08T19:45:40+00:00"}], "annotations": [{"id": 6082, "image_id": 1083, "category_id": 5, "bbox": [4, 11, 6, 11], "area": 66, "segmentation": [[6, 21.5, 10, 17.5, 10, 14.5, 9, 13.5, 10, 12.5, 9.5, 11, 4, 19.5, 4, 20.5, 5.5, 22]], "iscrowd": 0}, {"id": 6083, "image_id": 1083, "category_id": 1, "bbox": [10, 2, 5, 4], "area": 20, "segmentation": [[14, 5.5, 15, 4.5, 14.5, 2, 11.5, 2, 10, 3.5, 10, 4.5, 11.5, 6]], "iscrowd": 0}, {"id": 6084, "image_id": 1083, "category_id": 4, "bbox": [9, 8, 13, 16], "area": 208, "segmentation": [[18, 23.5, 21.5, 23, 22, 20.5, 21.4, 18.8, 21, 15.8, 20.5, 14.3, 19.6, 11, 16.1, 8.7, 14, 8.1, 12.5, 8, 9, 10.5, 9.1, 13.2, 9.9, 15.3, 10.4, 17.6, 10.4, 18.8, 10.8, 19.7, 11.6, 20.9, 11.5, 23, 13.5, 23, 14.5, 24]], "iscrowd": 0}, {"id": 6085, "image_id": 1083, "category_id": 6, "bbox": [9, 23, 14.3, 21.1], "area": 301.73, "segmentation": [[15.3, 42.6, 15.5, 41.5, 17.5, 38, 21.5, 37, 23, 34.5, 23, 27.5, 19.5, 23, 18.5, 23, 17, 24.5, 14.2, 24.8, 13.8, 26.7, 13.9, 29.4, 13.6, 32.5, 10.4, 34.6, 8.7, 43.8, 13.2, 44.1, 15, 43.2]], "iscrowd": 0}, {"id": 6086, "image_id": 1083, "category_id": 3, "bbox": [9, 45, 17.8, 9.7], "area": 172.66, "segmentation": [[27, 54.5, 27, 52.5, 21.5, 49, 19.5, 49, 17.3, 46.8, 9.2, 45.3, 11.5, 50, 13.5, 50, 16.5, 52, 21.5, 52, 23.5, 54, 25.5, 54, 26.5, 55]], "iscrowd": 0}]}