{"categories": [{"id": 0, "name": "body-parts", "supercategory": "none"}, {"id": 1, "name": "Head", "supercategory": "body-parts"}, {"id": 2, "name": "Lower_Arm", "supercategory": "body-parts"}, {"id": 3, "name": "Lower_Leg", "supercategory": "body-parts"}, {"id": 4, "name": "Torso", "supercategory": "body-parts"}, {"id": 5, "name": "Upper_Arm", "supercategory": "body-parts"}, {"id": 6, "name": "Upper_Leg", "supercategory": "body-parts"}], "images": [{"id": 1560, "license": 1, "file_name": "18_right5.jpg", "height": 64, "width": 27, "date_captured": "2023-06-08T19:45:40+00:00"}], "annotations": [{"id": 8827, "image_id": 1560, "category_id": 4, "bbox": [11, 9, 13.156, 21.144], "area": 278.167, "segmentation": [[19.368, 9.368, 19.486, 15.245, 21.275, 20.404, 22.643, 24.721, 23.59, 27.775, 23.59, 28.196, 23.801, 29.46, 20.117, 30.513, 14.96, 30.513, 10.856, 30.513, 10.645, 26.933, 10.645, 22.3, 10.645, 18.614, 10.961, 15.561, 12.54, 13.666, 14.224, 11.981, 15.802, 10.507, 17.591, 9.77]], "iscrowd": 0}, {"id": 8828, "image_id": 1560, "category_id": 6, "bbox": [9, 30, 15.576, 16.991], "area": 264.659, "segmentation": [[24.237, 29.632, 24.432, 33.882, 22.749, 37.778, 19.907, 40.094, 17.907, 41.568, 17.907, 44.306, 15.381, 46.623, 12.119, 46.307, 8.856, 43.674, 9.488, 39.568, 10.014, 35.461, 10.645, 33.145, 10.751, 31.039, 11.803, 30.091, 16.855, 30.302, 20.644, 30.091]], "iscrowd": 0}, {"id": 8829, "image_id": 1560, "category_id": 5, "bbox": [3, 9, 13.892, 4.862], "area": 67.546, "segmentation": [[12, 13.579, 10.435, 13.455, 5.488, 11.77, 3.278, 10.296, 2.857, 9.559, 7.172, 8.717, 7.383, 8.717, 11.487, 8.717, 14.539, 9.138, 15.802, 9.138, 16.75, 9.243, 16.75, 10.086, 15.908, 11.349, 12.855, 12.086]], "iscrowd": 0}, {"id": 8830, "image_id": 1560, "category_id": 2, "bbox": [2, 7, 3.157, 2.422], "area": 7.647, "segmentation": [[3.594, 9.349, 4.646, 8.085, 5.278, 7.032, 3.804, 6.927, 2.647, 8.401, 2.12, 9.138]], "iscrowd": 0}, {"id": 8831, "image_id": 1560, "category_id": 3, "bbox": [13, 47, 7.788, 16.636], "area": 129.568, "segmentation": [[16.434, 46.517, 17.486, 49.992, 19.486, 53.993, 20.328, 57.889, 20.328, 60.521, 20.433, 63.154, 17.486, 62.206, 16.223, 57.678, 14.118, 53.256, 12.645, 49.676, 12.645, 47.465, 13.697, 46.938, 15.276, 46.623]], "iscrowd": 0}]}