{"categories": [{"id": 0, "name": "body-parts", "supercategory": "none"}, {"id": 1, "name": "Head", "supercategory": "body-parts"}, {"id": 2, "name": "Lower_Arm", "supercategory": "body-parts"}, {"id": 3, "name": "Lower_Leg", "supercategory": "body-parts"}, {"id": 4, "name": "Torso", "supercategory": "body-parts"}, {"id": 5, "name": "Upper_Arm", "supercategory": "body-parts"}, {"id": 6, "name": "Upper_Leg", "supercategory": "body-parts"}], "images": [{"id": 964, "license": 1, "file_name": "18_supine2.jpg", "height": 64, "width": 27, "date_captured": "2023-06-08T19:45:40+00:00"}], "annotations": [{"id": 5434, "image_id": 964, "category_id": 1, "bbox": [12, 1, 8.219, 5.838], "area": 47.978, "segmentation": [[16.833, 7.111, 12.737, 5.716, 11.626, 2.606, 13.403, 1.607, 17.29, 1.273, 18.734, 2.828, 19.845, 4.939, 19.289, 5.716, 18.068, 6.827]], "iscrowd": 0}, {"id": 5435, "image_id": 964, "category_id": 4, "bbox": [8, 9, 17.103, 15.551], "area": 265.973, "segmentation": [[19.4, 10.604, 25.398, 11.492, 25.509, 15.047, 23.398, 19.601, 22.732, 22.822, 19.178, 24.489, 15.18, 24.489, 11.404, 21.6, 8.961, 16.824, 8.405, 13.048, 9.627, 9.826, 11.959, 8.938, 15.846, 9.604, 18.512, 10.382, 19.178, 10.493]], "iscrowd": 0}, {"id": 5436, "image_id": 964, "category_id": 6, "bbox": [8, 23, 18.706, 22.333], "area": 417.762, "segmentation": [[23.176, 24.044, 27, 28.043, 24.842, 34.485, 24.9, 39.6, 18.1, 43, 15.8, 36.9, 14.7, 44.4, 10.6, 45.6, 8.294, 30.931, 10.626, 26.377, 13.403, 23.711, 18.068, 23.267, 21.844, 24.266]], "iscrowd": 0}, {"id": 5437, "image_id": 964, "category_id": 3, "bbox": [10, 49, 4.109, 14.662], "area": 60.251, "segmentation": [[9.849, 55.368, 10.293, 58.478, 10.626, 61.7, 11.848, 63.699, 13.07, 60.367, 13.958, 53.147, 13.736, 49.037, 11.626, 52.369]], "iscrowd": 0}]}