{"categories": [{"id": 0, "name": "body-parts", "supercategory": "none"}, {"id": 1, "name": "Head", "supercategory": "body-parts"}, {"id": 2, "name": "Lower_Arm", "supercategory": "body-parts"}, {"id": 3, "name": "Lower_Leg", "supercategory": "body-parts"}, {"id": 4, "name": "Torso", "supercategory": "body-parts"}, {"id": 5, "name": "Upper_Arm", "supercategory": "body-parts"}, {"id": 6, "name": "Upper_Leg", "supercategory": "body-parts"}], "images": [{"id": 1514, "license": 1, "file_name": "18_supine7.jpg", "height": 64, "width": 27, "date_captured": "2023-06-08T19:45:40+00:00"}], "annotations": [{"id": 8579, "image_id": 1514, "category_id": 4, "bbox": [8, 8, 18.1, 16.1], "area": 291.41, "segmentation": [[8.5, 9.4, 14.8, 9.1, 18.9, 8.1, 23.1, 9.9, 26.2, 12.5, 26.1, 16.5, 23.2, 20.8, 21.5, 23.4, 16.5, 24.2, 13.2, 23.8, 11.6, 23, 9.2, 20, 8.5, 15.8, 8.1, 13.7]], "iscrowd": 0}, {"id": 8580, "image_id": 1514, "category_id": 6, "bbox": [8, 23, 17.6, 14.7], "area": 258.72, "segmentation": [[9.5, 37, 18.2, 37.7, 22.6, 37.7, 25.4, 35, 24.6, 31.1, 23.6, 26.2, 22.5, 24.1, 21, 23.3, 14.8, 23, 11.6, 23, 9.1, 24.7, 8, 27.9, 7.9, 30.8, 7.8, 34.6, 8.9, 36.9, 9.7, 37.1]], "iscrowd": 0}, {"id": 8581, "image_id": 1514, "category_id": 3, "bbox": [5, 41, 19.7, 16.1], "area": 317.17, "segmentation": [[23.6, 43.3, 24.3, 52.4, 19.9, 56.6, 16.5, 57.3, 9.1, 56.6, 7.5, 55.8, 4.6, 52, 6.6, 47.4, 7.7, 43.8, 8.9, 42.2, 12.9, 41.8, 15.9, 41.2, 18.5, 41.4, 20.8, 41.8, 22.6, 42.5]], "iscrowd": 0}]}