{"categories": [{"id": 0, "name": "body-parts", "supercategory": "none"}, {"id": 1, "name": "Head", "supercategory": "body-parts"}, {"id": 2, "name": "Lower_Arm", "supercategory": "body-parts"}, {"id": 3, "name": "Lower_Leg", "supercategory": "body-parts"}, {"id": 4, "name": "Torso", "supercategory": "body-parts"}, {"id": 5, "name": "Upper_Arm", "supercategory": "body-parts"}, {"id": 6, "name": "Upper_Leg", "supercategory": "body-parts"}], "images": [{"id": 410, "license": 1, "file_name": "18_supine3.jpg", "height": 64, "width": 27, "date_captured": "2023-06-08T19:45:40+00:00"}], "annotations": [{"id": 2274, "image_id": 410, "category_id": 1, "bbox": [15, 1, 4.9, 4.7], "area": 23.03, "segmentation": [[19.9, 6, 19.8, 3.2, 17.8, 1.3, 15.1, 3, 15, 5.7]], "iscrowd": 0}, {"id": 2275, "image_id": 410, "category_id": 4, "bbox": [9, 8, 17, 15.5], "area": 263.5, "segmentation": [[22, 23.5, 24, 20.5, 26, 11.5, 23.5, 9, 21.5, 9, 20.5, 8, 9.5, 8, 9, 15.5, 10, 16.5, 10, 21.5, 11, 23.5]], "iscrowd": 0}, {"id": 2276, "image_id": 410, "category_id": 6, "bbox": [9, 24, 16, 19.3], "area": 308.8, "segmentation": [[20.6, 43, 23.6, 35.3, 24.6, 34.3, 24.6, 27.3, 23.1, 24.8, 21.1, 24.8, 20.1, 23.8, 19.1, 24.8, 15.7, 24.1, 11.1, 23.8, 9.6, 25.3, 9.6, 28.3, 8.6, 29.3, 9.1, 41.6, 12.8, 41.7, 15.8, 36, 18.1, 43.1]], "iscrowd": 0}, {"id": 2277, "image_id": 410, "category_id": 3, "bbox": [16, 50, 4.5, 13.5], "area": 60.75, "segmentation": [[20, 63.5, 19.9, 62, 20.5, 50, 19.5, 50, 17, 52.5, 17, 54.5, 16.7, 56.3, 17.1, 59.1, 16.8, 60.6, 17, 61.5, 16.5, 62.5, 16, 63.5]], "iscrowd": 0}, {"id": 2278, "image_id": 410, "category_id": 3, "bbox": [10, 49, 4.1, 14.5], "area": 59.45, "segmentation": [[13, 63.5, 13, 55.5, 13.5, 54, 13.6, 50.8, 12.5, 49, 11.5, 49, 9.6, 51.8, 9.5, 54.7, 10, 56.5, 10, 63.5]], "iscrowd": 0}]}