{"categories": [{"id": 0, "name": "body-parts", "supercategory": "none"}, {"id": 1, "name": "Head", "supercategory": "body-parts"}, {"id": 2, "name": "Lower_Arm", "supercategory": "body-parts"}, {"id": 3, "name": "Lower_Leg", "supercategory": "body-parts"}, {"id": 4, "name": "Torso", "supercategory": "body-parts"}, {"id": 5, "name": "Upper_Arm", "supercategory": "body-parts"}, {"id": 6, "name": "Upper_Leg", "supercategory": "body-parts"}], "images": [{"id": 453, "license": 1, "file_name": "11_empty1.jpg", "height": 64, "width": 27, "date_captured": "2023-06-08T19:45:40+00:00"}], "annotations": [{"id": 2520, "image_id": 453, "category_id": 1, "bbox": [2, 2, 2.999, 1.555], "area": 4.663, "segmentation": [[5.407, 2.384, 2.519, 3.162, 2.408, 1.607, 5.295, 1.718]], "iscrowd": 0}]}