{"categories": [{"id": 0, "name": "body-parts", "supercategory": "none"}, {"id": 1, "name": "Head", "supercategory": "body-parts"}, {"id": 2, "name": "Lower_Arm", "supercategory": "body-parts"}, {"id": 3, "name": "Lower_Leg", "supercategory": "body-parts"}, {"id": 4, "name": "Torso", "supercategory": "body-parts"}, {"id": 5, "name": "Upper_Arm", "supercategory": "body-parts"}, {"id": 6, "name": "Upper_Leg", "supercategory": "body-parts"}], "images": [{"id": 1380, "license": 1, "file_name": "11_left4.jpg", "height": 64, "width": 27, "date_captured": "2023-06-08T19:45:40+00:00"}], "annotations": [{"id": 7787, "image_id": 1380, "category_id": 1, "bbox": [10, 1, 3.7, 4.9], "area": 18.13, "segmentation": [[12, 5.5, 13.3, 3.9, 12.7, 1.1, 10.2, 1.3, 9.6, 4.1, 11.5, 6]], "iscrowd": 0}, {"id": 7788, "image_id": 1380, "category_id": 4, "bbox": [6, 8, 12.9, 20.7], "area": 267.03, "segmentation": [[17.4, 27.8, 19.4, 28.7, 18, 16.5, 18.2, 14.8, 18.7, 11.1, 18.5, 8, 9.5, 8, 8.6, 8.7, 8, 10.6, 7.2, 12.2, 6.5, 20.1, 7, 26.6, 9.2, 26.9, 11, 26.7, 14.2, 26.6]], "iscrowd": 0}, {"id": 7789, "image_id": 1380, "category_id": 5, "bbox": [10, 7, 13, 7.6], "area": 98.8, "segmentation": [[21.7, 14.9, 22.8, 12.8, 19.3, 7.3, 9.8, 7.8, 10.8, 8.8, 10.8, 11.8, 12.3, 13.3, 14.3, 13.3, 16, 12.6, 17.3, 13.3, 18.6, 14.3, 20.3, 14.3]], "iscrowd": 0}, {"id": 7790, "image_id": 1380, "category_id": 2, "bbox": [22, 14, 5, 5], "area": 25, "segmentation": [[27, 18.5, 22.5, 14, 22, 14.5, 22, 16.5, 24.5, 19]], "iscrowd": 0}, {"id": 7791, "image_id": 1380, "category_id": 6, "bbox": [7, 27, 14, 14.4], "area": 201.6, "segmentation": [[20, 40.5, 21, 39.5, 21, 28.5, 19.1, 28.7, 17, 28.5, 14.4, 27, 12.5, 27.1, 9.6, 26.6, 7, 27.5, 7, 30.5, 8, 32.5, 9.5, 33, 17.5, 41]], "iscrowd": 0}, {"id": 7792, "image_id": 1380, "category_id": 3, "bbox": [17, 40, 5, 21], "area": 105, "segmentation": [[22, 60.5, 22, 59.5, 20, 57.5, 20, 53.5, 21, 52.5, 21, 40.5, 19.5, 40, 18, 41.5, 18, 44.5, 17, 45.5, 17, 51.5, 18, 52.5, 18, 57.5, 17, 59.5, 19.5, 60, 20.5, 61]], "iscrowd": 0}]}