{"categories": [{"id": 0, "name": "body-parts", "supercategory": "none"}, {"id": 1, "name": "Head", "supercategory": "body-parts"}, {"id": 2, "name": "Lower_Arm", "supercategory": "body-parts"}, {"id": 3, "name": "Lower_Leg", "supercategory": "body-parts"}, {"id": 4, "name": "Torso", "supercategory": "body-parts"}, {"id": 5, "name": "Upper_Arm", "supercategory": "body-parts"}, {"id": 6, "name": "Upper_Leg", "supercategory": "body-parts"}], "images": [{"id": 1570, "license": 1, "file_name": "11_left1.jpg", "height": 64, "width": 27, "date_captured": "2023-06-08T19:45:40+00:00"}], "annotations": [{"id": 8881, "image_id": 1570, "category_id": 1, "bbox": [7, 3, 6.3, 6.4], "area": 40.32, "segmentation": [[11, 9.5, 7.9, 8.5, 7.4, 6.1, 8.8, 3.5, 11, 3.1, 13.6, 4, 13.7, 6.5, 13.2, 8.2]], "iscrowd": 0}, {"id": 8882, "image_id": 1570, "category_id": 2, "bbox": [18, 4, 6.8, 13.1], "area": 89.08, "segmentation": [[18.6, 6.8, 18.2, 4.7, 20.7, 3.6, 22.1, 4.1, 21.7, 6, 21.8, 7.4, 22.8, 9.2, 25, 14.4, 24.1, 16.7, 22.8, 13.9, 20.7, 10.8]], "iscrowd": 0}, {"id": 8883, "image_id": 1570, "category_id": 5, "bbox": [10, 10, 15, 6.2], "area": 93, "segmentation": [[11, 10.6, 14.1, 10.2, 17.3, 10.5, 19.8, 12, 21.9, 13.4, 23.5, 14.4, 24.7, 14.8, 24.8, 16.2, 21.9, 16.4, 17.9, 15.5, 15.7, 15.9, 11.1, 16.1, 9.8, 14.5]], "iscrowd": 0}, {"id": 8884, "image_id": 1570, "category_id": 4, "bbox": [8, 11, 11.2, 18.6], "area": 208.32, "segmentation": [[10.4, 10.8, 8.5, 12, 8.2, 15.6, 9.3, 17.1, 9.1, 20.4, 9.9, 22.2, 10.5, 24.7, 11, 26.4, 11.9, 28.1, 13.2, 28.8, 17.8, 29.4, 18.8, 27.7, 19.4, 25.1, 19.1, 22.2, 18.4, 19.8, 18.4, 17.2, 18.2, 16, 15.6, 15.8, 11.8, 15.9, 10.4, 14.9]], "iscrowd": 0}, {"id": 8885, "image_id": 1570, "category_id": 6, "bbox": [9, 28, 12.1, 19.1], "area": 231.11, "segmentation": [[10.5, 27.9, 12.4, 28.4, 14.5, 29.3, 17.4, 29.4, 18.6, 30.2, 19.1, 32.6, 19.5, 33, 20.2, 34.6, 20.6, 36.2, 20.9, 37.9, 20.9, 39.9, 21.1, 41.6, 21.1, 44.1, 20.9, 46.2, 20.7, 46.8, 19.1, 47, 18.2, 45.3, 17, 43, 16.3, 41.9, 14.7, 39.9, 13.7, 38.7, 13.6, 38.5, 11.8, 37.6, 11, 36.8, 10.1, 35.9, 9, 33.6, 9.4, 32, 9.6, 30.7, 9.7, 30.2, 10, 28.5]], "iscrowd": 0}, {"id": 8886, "image_id": 1570, "category_id": 3, "bbox": [18, 47, 4.2, 12.3], "area": 51.66, "segmentation": [[18.7, 47.7, 20.2, 47.3, 20.9, 48.2, 21.5, 49.8, 22.3, 51.9, 22, 56, 22.1, 58.3, 21.6, 59.6, 20.2, 57.4, 20, 55.3, 19.2, 53.9, 18.5, 52.9, 18.1, 51.3, 18.3, 49.6]], "iscrowd": 0}, {"id": 8887, "image_id": 1570, "category_id": 3, "bbox": [15, 59, 6.1, 4.9], "area": 29.89, "segmentation": [[16.9, 59, 18.7, 60.1, 19.8, 61.2, 20.9, 62.7, 20, 63.9, 18.8, 63.9, 16.7, 62.1, 14.8, 62.1, 14.8, 60.5, 16.4, 59.4]], "iscrowd": 0}]}