{"categories": [{"id": 0, "name": "body-parts", "supercategory": "none"}, {"id": 1, "name": "Head", "supercategory": "body-parts"}, {"id": 2, "name": "Lower_Arm", "supercategory": "body-parts"}, {"id": 3, "name": "Lower_Leg", "supercategory": "body-parts"}, {"id": 4, "name": "Torso", "supercategory": "body-parts"}, {"id": 5, "name": "Upper_Arm", "supercategory": "body-parts"}, {"id": 6, "name": "Upper_Leg", "supercategory": "body-parts"}], "images": [{"id": 1183, "license": 1, "file_name": "11_left6.jpg", "height": 64, "width": 27, "date_captured": "2023-06-08T19:45:40+00:00"}], "annotations": [{"id": 6669, "image_id": 1183, "category_id": 5, "bbox": [10, 9, 16, 8], "area": 128, "segmentation": [[25, 16.5, 26, 15.5, 24.1, 12.7, 22.6, 12, 21.5, 11, 17.5, 9, 12.5, 10, 10, 12.5, 11.5, 17, 17.5, 17, 18.5, 16, 21.5, 16, 22.5, 16.8, 23.3, 16.2]], "iscrowd": 0}, {"id": 6670, "image_id": 1183, "category_id": 4, "bbox": [6, 9, 12.5, 20.4], "area": 255, "segmentation": [[17.3, 29.4, 18, 17.5, 18.4, 12.2, 17.5, 9, 10.5, 10, 8, 12.5, 8, 15.5, 5.9, 28.3]], "iscrowd": 0}, {"id": 6671, "image_id": 1183, "category_id": 6, "bbox": [6, 29, 12.1, 15.5], "area": 187.55, "segmentation": [[15.7, 43.8, 15.9, 41.8, 15.9, 39.8, 17.9, 35.8, 18, 29.5, 16.3, 30, 13.6, 29.2, 10.4, 29.2, 8.3, 28.5, 5.9, 28.8, 5.9, 32.8, 7.9, 34.8, 9.9, 39.8, 11.9, 41.8, 11.9, 43.8, 14.5, 44]], "iscrowd": 0}, {"id": 6672, "image_id": 1183, "category_id": 3, "bbox": [9, 45, 5.9, 19.1], "area": 112.69, "segmentation": [[13, 63.5, 12, 62.5, 12, 56.5, 14, 53.5, 14.9, 45.4, 11.2, 44.9, 9, 49.5, 9, 62.5, 10.5, 64]], "iscrowd": 0}]}