{"categories": [{"id": 0, "name": "body-parts", "supercategory": "none"}, {"id": 1, "name": "Head", "supercategory": "body-parts"}, {"id": 2, "name": "Lower_Arm", "supercategory": "body-parts"}, {"id": 3, "name": "Lower_Leg", "supercategory": "body-parts"}, {"id": 4, "name": "Torso", "supercategory": "body-parts"}, {"id": 5, "name": "Upper_Arm", "supercategory": "body-parts"}, {"id": 6, "name": "Upper_Leg", "supercategory": "body-parts"}], "images": [{"id": 246, "license": 1, "file_name": "11_prone6.jpg", "height": 64, "width": 27, "date_captured": "2023-06-08T19:45:40+00:00"}], "annotations": [{"id": 1386, "image_id": 246, "category_id": 2, "bbox": [1, 2, 6.1, 13.8], "area": 84.18, "segmentation": [[5.5, 5.8, 4.5, 9.1, 4.8, 12.9, 4.8, 14.8, 2.9, 16.2, 1.1, 15.6, 0.6, 12.9, 0.7, 10, 1.8, 7.8, 2.7, 6.2, 2.8, 3.9, 5.3, 2.4, 6.7, 2.9, 6.7, 3.5, 6.3, 5.1]], "iscrowd": 0}, {"id": 1387, "image_id": 246, "category_id": 2, "bbox": [25, 25, 2.4, 10.6], "area": 25.44, "segmentation": [[26.2, 25.7, 25.3, 27.8, 25.3, 29.9, 24.6, 31.7, 24.6, 33.6, 25.3, 35.8, 26.8, 35.4, 27, 33.1, 27, 28.9, 27, 26.3, 27, 25.2]], "iscrowd": 0}, {"id": 1388, "image_id": 246, "category_id": 5, "bbox": [23, 15, 4.3, 10.7], "area": 46.01, "segmentation": [[24, 15.3, 25.6, 16, 26.6, 16.8, 27, 17.8, 27, 21.1, 27, 24, 27, 25.2, 26.3, 26, 26, 26, 25.7, 23.8, 25.6, 21.2, 24.7, 19.6, 23.3, 18.1, 22.7, 15.3]], "iscrowd": 0}, {"id": 1389, "image_id": 246, "category_id": 4, "bbox": [10, 14, 14.6, 12.6], "area": 183.96, "segmentation": [[18.1, 13.7, 15.5, 14.5, 13, 14.8, 11.7, 16.5, 10.6, 19.3, 9.8, 21.6, 9.8, 24.2, 12.1, 25.9, 16.4, 26.3, 21.4, 26.3, 23.8, 26, 24.4, 21.4, 24, 18.8, 23.4, 16.4, 22.9, 14.9]], "iscrowd": 0}, {"id": 1390, "image_id": 246, "category_id": 6, "bbox": [10, 26, 14.2, 23.1], "area": 328.02, "segmentation": [[11.8, 25.8, 10.5, 26.4, 10.2, 28.1, 10.4, 30.6, 10.5, 32.3, 11.3, 34.2, 11.5, 36.8, 11.4, 40.4, 11, 42.7, 10.7, 45.7, 11.5, 46.8, 13.5, 48.6, 14.8, 48.7, 15.8, 48.9, 16.2, 46.2, 16.6, 42.5, 17.2, 39.7, 17.8, 41.2, 18.4, 43.9, 19.2, 46.4, 19.8, 48.3, 21.8, 48.9, 23.2, 48.8, 24.2, 48.6, 24.4, 44.6, 24, 41.2, 23.9, 36.6, 23.8, 33.4, 23.6, 30.7, 23.3, 28.1, 23, 26.5, 22.7, 25.8]], "iscrowd": 0}, {"id": 1391, "image_id": 246, "category_id": 3, "bbox": [11, 47, 4.5, 4.9], "area": 22.05, "segmentation": [[10.8, 47.4, 14, 48.9, 15.3, 50.6, 14.2, 52.3, 12.5, 51.9, 11.1, 50.3]], "iscrowd": 0}, {"id": 1392, "image_id": 246, "category_id": 3, "bbox": [20, 49, 4.5, 5.5], "area": 24.75, "segmentation": [[20.2, 48.8, 24.7, 49.2, 24.4, 53, 23.7, 54.3, 22.3, 53.5, 21, 51.9]], "iscrowd": 0}]}