{"categories": [{"id": 0, "name": "body-parts", "supercategory": "none"}, {"id": 1, "name": "Head", "supercategory": "body-parts"}, {"id": 2, "name": "Lower_Arm", "supercategory": "body-parts"}, {"id": 3, "name": "Lower_Leg", "supercategory": "body-parts"}, {"id": 4, "name": "Torso", "supercategory": "body-parts"}, {"id": 5, "name": "Upper_Arm", "supercategory": "body-parts"}, {"id": 6, "name": "Upper_Leg", "supercategory": "body-parts"}], "images": [{"id": 1527, "license": 1, "file_name": "11_prone4.jpg", "height": 64, "width": 27, "date_captured": "2023-06-08T19:45:40+00:00"}], "annotations": [{"id": 8647, "image_id": 1527, "category_id": 1, "bbox": [10, 5, 8, 6], "area": 48, "segmentation": [[17, 10.5, 18, 9.5, 17.5, 5, 12.5, 5, 10, 8.5, 11.5, 11]], "iscrowd": 0}, {"id": 8648, "image_id": 1527, "category_id": 4, "bbox": [10, 15, 13, 17], "area": 221, "segmentation": [[20, 31.5, 22, 30.5, 22, 26.5, 23, 25.5, 23, 20.5, 22, 19.5, 22, 16.5, 20.5, 15, 11.5, 15, 11, 18.5, 10, 19.5, 10, 28.5, 11, 30.5, 12.5, 32]], "iscrowd": 0}, {"id": 8649, "image_id": 1527, "category_id": 5, "bbox": [1, 6, 6, 5], "area": 30, "segmentation": [[6, 10.5, 7, 9.5, 6.5, 7, 4.5, 7, 3.5, 6, 1, 6.5, 1.5, 10, 3.5, 10, 4.5, 11]], "iscrowd": 0}, {"id": 8650, "image_id": 1527, "category_id": 5, "bbox": [22, 6, 5, 4], "area": 20, "segmentation": [[27, 9.5, 27, 8.5, 24.5, 6, 22, 6.5, 22, 8.5, 23.5, 10]], "iscrowd": 0}, {"id": 8651, "image_id": 1527, "category_id": 2, "bbox": [2, 1, 10.5, 6], "area": 63, "segmentation": [[5, 6.5, 7.3, 5.6, 9.5, 4, 11.4, 2.8, 12, 0.5, 6.1, 2.7, 2.2, 3.9, 1.5, 5]], "iscrowd": 0}, {"id": 8652, "image_id": 1527, "category_id": 2, "bbox": [21, 2, 6, 7], "area": 42, "segmentation": [[27, 3.5, 23.8, 2.5, 21, 2.1, 21.5, 3, 23.2, 5, 27, 9.1]], "iscrowd": 0}, {"id": 8653, "image_id": 1527, "category_id": 6, "bbox": [16, 32, 7.5, 13.7], "area": 102.75, "segmentation": [[22.1, 45.2, 22, 45.5, 23, 44.5, 23, 33.5, 21.5, 32, 15.5, 32, 15.8, 41.8, 17, 44.5, 17.8, 45, 18.9, 45.2, 19.3, 45.3, 20.8, 45.7]], "iscrowd": 0}, {"id": 8654, "image_id": 1527, "category_id": 6, "bbox": [3, 38, 8, 7.6], "area": 60.8, "segmentation": [[8.8, 45.5, 10.1, 45, 10, 42.5, 11, 41.5, 11, 39.5, 9.5, 38, 7.5, 38, 5, 40.5, 3, 45.5, 6.3, 45.6]], "iscrowd": 0}, {"id": 8655, "image_id": 1527, "category_id": 3, "bbox": [7, 46, 3.7, 5.8], "area": 21.46, "segmentation": [[11, 51.5, 11, 49.5, 10.1, 46.2, 7.3, 47.7, 8, 50.5, 9.5, 52]], "iscrowd": 0}, {"id": 8656, "image_id": 1527, "category_id": 3, "bbox": [18, 48, 5, 6.5], "area": 32.5, "segmentation": [[22, 54.5, 23, 53.5, 22, 48.5, 18.5, 48, 18, 49.5, 20, 51.5, 20, 54.5]], "iscrowd": 0}]}