{"categories": [{"id": 0, "name": "body-parts", "supercategory": "none"}, {"id": 1, "name": "Head", "supercategory": "body-parts"}, {"id": 2, "name": "Lower_Arm", "supercategory": "body-parts"}, {"id": 3, "name": "Lower_Leg", "supercategory": "body-parts"}, {"id": 4, "name": "Torso", "supercategory": "body-parts"}, {"id": 5, "name": "Upper_Arm", "supercategory": "body-parts"}, {"id": 6, "name": "Upper_Leg", "supercategory": "body-parts"}], "images": [{"id": 389, "license": 1, "file_name": "11_prone5.jpg", "height": 64, "width": 27, "date_captured": "2023-06-08T19:45:40+00:00"}], "annotations": [{"id": 2161, "image_id": 389, "category_id": 4, "bbox": [10, 16, 13, 17], "area": 221, "segmentation": [[18, 32.5, 20.5, 32, 22, 30.5, 22, 27.5, 23, 26.5, 22, 18.5, 20.5, 17, 12.5, 16, 10, 18.5, 10, 31.5, 14.5, 32, 15.5, 33]], "iscrowd": 0}, {"id": 2162, "image_id": 389, "category_id": 6, "bbox": [10, 32, 17.068, 22.56], "area": 385.061, "segmentation": [[23.14, 51.747, 26.823, 47.676, 27, 39.074, 24.282, 37.649, 22.225, 32.103, 11.5, 32.036, 10, 33.536, 9.932, 43.724, 11.78, 54.597, 17.326, 39.841, 23.4, 40.271]], "iscrowd": 0}, {"id": 2163, "image_id": 389, "category_id": 1, "bbox": [11, 4, 10, 8], "area": 80, "segmentation": [[19, 11.5, 21, 10.5, 20.5, 5, 18.5, 4, 12.5, 4, 11, 5.5, 11.5, 11, 13.5, 11, 14.5, 12]], "iscrowd": 0}, {"id": 2164, "image_id": 389, "category_id": 3, "bbox": [20, 57, 3, 6], "area": 18, "segmentation": [[23, 62.5, 22, 57.5, 20.5, 57, 20, 61.5, 21.5, 63]], "iscrowd": 0}, {"id": 2165, "image_id": 389, "category_id": 5, "bbox": [0, 4, 9, 8], "area": 72, "segmentation": [[7, 11.5, 8, 10.5, 9, 4.5, 3.5, 4, 2.5, 5, 1.5, 4, 0, 5.5, 0, 9.5, 1.5, 11, 5.5, 11, 6.5, 12]], "iscrowd": 0}, {"id": 2166, "image_id": 389, "category_id": 5, "bbox": [21, 4, 6, 6], "area": 36, "segmentation": [[27, 9.5, 26.5, 5, 22.5, 4, 21, 5.5, 23.5, 10]], "iscrowd": 0}]}