{"categories": [{"id": 0, "name": "body-parts", "supercategory": "none"}, {"id": 1, "name": "Head", "supercategory": "body-parts"}, {"id": 2, "name": "Lower_Arm", "supercategory": "body-parts"}, {"id": 3, "name": "Lower_Leg", "supercategory": "body-parts"}, {"id": 4, "name": "Torso", "supercategory": "body-parts"}, {"id": 5, "name": "Upper_Arm", "supercategory": "body-parts"}, {"id": 6, "name": "Upper_Leg", "supercategory": "body-parts"}], "images": [{"id": 1340, "license": 1, "file_name": "11_prone1.jpg", "height": 64, "width": 27, "date_captured": "2023-06-08T19:45:40+00:00"}], "annotations": [{"id": 7576, "image_id": 1340, "category_id": 4, "bbox": [8, 12, 13, 16.5], "area": 214.5, "segmentation": [[16, 27.5, 20, 26.5, 20, 22.5, 20.2, 20.8, 20.3, 18.6, 20.7, 18, 21, 16.5, 21, 13.5, 20.7, 12.7, 20.6, 11.6, 18.2, 11.5, 16.5, 12, 8, 12.5, 8, 25.5, 11.5, 28]], "iscrowd": 0}, {"id": 7577, "image_id": 1340, "category_id": 2, "bbox": [4, 21, 3.4, 11.1], "area": 37.74, "segmentation": [[7, 32.5, 6.9, 22, 6, 21.4, 3.7, 21.4, 3.6, 23.8, 4, 32.4]], "iscrowd": 0}, {"id": 7578, "image_id": 1340, "category_id": 5, "bbox": [22, 12, 3.6, 10.1], "area": 36.36, "segmentation": [[26, 22.5, 25.3, 19.4, 25, 17.2, 25, 13.5, 22.4, 12.4, 23, 22.5]], "iscrowd": 0}, {"id": 7579, "image_id": 1340, "category_id": 5, "bbox": [23, 26, 3, 6.5], "area": 19.5, "segmentation": [[25, 32.5, 25, 30.5, 26, 29.5, 25.5, 26, 24.5, 26, 23, 27.5, 23, 32.5]], "iscrowd": 0}]}