{"categories": [{"id": 0, "name": "body-parts", "supercategory": "none"}, {"id": 1, "name": "Head", "supercategory": "body-parts"}, {"id": 2, "name": "Lower_Arm", "supercategory": "body-parts"}, {"id": 3, "name": "Lower_Leg", "supercategory": "body-parts"}, {"id": 4, "name": "Torso", "supercategory": "body-parts"}, {"id": 5, "name": "Upper_Arm", "supercategory": "body-parts"}, {"id": 6, "name": "Upper_Leg", "supercategory": "body-parts"}], "images": [{"id": 1423, "license": 1, "file_name": "11_right2.jpg", "height": 64, "width": 27, "date_captured": "2023-06-08T19:45:40+00:00"}], "annotations": [{"id": 8044, "image_id": 1423, "category_id": 3, "bbox": [10, 41, 14.8, 17.6], "area": 260.48, "segmentation": [[19.3, 58.1, 19.8, 55.4, 21.1, 53.4, 21.6, 51.6, 17.8, 47.7, 12, 44.8, 10, 42.6, 12.5, 41.3, 17, 40.6, 18.8, 41.1, 19.8, 41.7, 21.1, 42.6, 21.2, 43, 22.5, 45.3, 23.1, 45.8, 24, 46.9, 24.2, 47.8, 24.3, 49.4, 24.6, 50.5, 24.7, 51.4, 24.8, 52.4, 24.2, 54.1, 24.1, 54.6, 23.1, 56.2, 22.8, 56.5, 21.5, 57.6, 20, 58.2]], "iscrowd": 0}, {"id": 8045, "image_id": 1423, "category_id": 1, "bbox": [11, 3, 4.9, 4.1], "area": 20.09, "segmentation": [[12, 6.9, 11.2, 6, 11, 5.6, 11.1, 4.3, 11.6, 3.1, 12.6, 3.1, 14.4, 2.8, 15.9, 3.9, 15.7, 4.8, 14.6, 5.9, 14.1, 6.5, 13.5, 6.7]], "iscrowd": 0}, {"id": 8046, "image_id": 1423, "category_id": 5, "bbox": [7, 9, 12.2, 12.6], "area": 153.72, "segmentation": [[17.9, 9, 19.2, 10.8, 17.7, 11.9, 16.4, 13.5, 14.5, 15.6, 13.2, 17.7, 12.6, 19.3, 11.7, 20.7, 10.2, 21.5, 8, 21.3, 7.5, 20.2, 7, 18.9, 7.3, 17.3, 8.1, 17, 8.7, 16.9, 9.7, 16.7, 9.7, 14.9, 10.3, 13.4, 10.6, 12.3, 11.2, 11.2, 11.8, 9.8, 12.2, 9.7, 13.5, 9.4, 16.4, 8.9, 16.9, 8.9]], "iscrowd": 0}, {"id": 8047, "image_id": 1423, "category_id": 4, "bbox": [14, 9, 9.2, 17.4], "area": 160.08, "segmentation": [[17.8, 8.8, 20.1, 9.1, 22, 9.9, 23.3, 10.8, 23.3, 12.1, 23.3, 13.3, 23.2, 15.3, 22.9, 16.1, 22.8, 17, 22.8, 18.2, 23.4, 19.2, 23.6, 21.1, 23.4, 22.4, 22.1, 24.5, 19, 25.1, 18, 26.2, 16.4, 25.5, 14.7, 23.6, 14.5, 21.8, 14.5, 19, 14.4, 17.2, 14.5, 16, 14.8, 14.9, 18.4, 11]], "iscrowd": 0}, {"id": 8048, "image_id": 1423, "category_id": 6, "bbox": [10, 23, 15.6, 19.5], "area": 304.2, "segmentation": [[24.2, 22.8, 23, 23.9, 21.7, 24.6, 19.3, 24.8, 18.1, 25.8, 17.6, 26.4, 16.6, 28, 15.8, 29.9, 14.8, 31.3, 13.7, 33.2, 12.7, 34.9, 11.5, 37.3, 10.2, 39.9, 10.1, 42.2, 11.8, 42.3, 14.5, 41.1, 15.6, 39.9, 16.6, 37.8, 17.7, 36.9, 18, 35.1, 19.7, 34.5, 21.6, 33.8, 23.1, 33.2, 25.3, 32, 25.7, 30.7, 25.7, 28.7, 25.5, 26.4, 25.5, 24.5]], "iscrowd": 0}]}