{"categories": [{"id": 0, "name": "body-parts", "supercategory": "none"}, {"id": 1, "name": "Head", "supercategory": "body-parts"}, {"id": 2, "name": "Lower_Arm", "supercategory": "body-parts"}, {"id": 3, "name": "Lower_Leg", "supercategory": "body-parts"}, {"id": 4, "name": "Torso", "supercategory": "body-parts"}, {"id": 5, "name": "Upper_Arm", "supercategory": "body-parts"}, {"id": 6, "name": "Upper_Leg", "supercategory": "body-parts"}], "images": [{"id": 1651, "license": 1, "file_name": "11_right1.jpg", "height": 64, "width": 27, "date_captured": "2023-06-08T19:45:40+00:00"}], "annotations": [{"id": 9315, "image_id": 1651, "category_id": 1, "bbox": [13, 3, 8.2, 5.5], "area": 45.1, "segmentation": [[16.6, 7.9, 13.9, 6.3, 13.1, 4, 15.9, 2.9, 19.1, 2.7, 21.3, 3.5, 20.8, 5.1, 19.2, 7, 17.8, 8.2]], "iscrowd": 0}, {"id": 9316, "image_id": 1651, "category_id": 5, "bbox": [9, 9, 11, 10.6], "area": 116.6, "segmentation": [[19.3, 9, 19.4, 11.1, 20.1, 13.9, 17.2, 14.9, 15.1, 15.4, 14, 16.7, 11.6, 18.9, 9.4, 19.3, 9.1, 17.6, 11.1, 15.7, 13, 13.3, 13.7, 11.9, 14.5, 9.1, 16.8, 8.7]], "iscrowd": 0}, {"id": 9317, "image_id": 1651, "category_id": 4, "bbox": [15, 9, 8.6, 18.3], "area": 157.38, "segmentation": [[19.2, 8.8, 21.2, 9.1, 23, 9.9, 23.6, 12, 23.2, 15.5, 22.3, 18.4, 22.8, 19.9, 23.2, 23.1, 23.5, 24.1, 22.1, 25.6, 20.7, 26.5, 18.5, 27.1, 15, 27.1, 15, 25.6, 15.3, 22.2, 15.5, 19.7, 16.4, 16.8, 16.5, 15.2, 16.5, 14.6, 18.6, 13.9]], "iscrowd": 0}, {"id": 9318, "image_id": 1651, "category_id": 6, "bbox": [13, 24, 12.9, 20.5], "area": 264.45, "segmentation": [[23.2, 23.6, 24.3, 25.1, 25.1, 28.1, 25.4, 30.6, 24.4, 32.9, 22.7, 34.7, 19.3, 38.1, 16.8, 41.7, 16.3, 43, 14.7, 44.1, 13.1, 43.8, 12.5, 42.1, 13.3, 38.9, 13.3, 36.4, 14, 33.8, 14.5, 31.6, 15.1, 29, 15.3, 26.9]], "iscrowd": 0}, {"id": 9319, "image_id": 1651, "category_id": 3, "bbox": [14, 43, 7.4, 18.1], "area": 133.94, "segmentation": [[16.2, 43.2, 17.4, 44.7, 19.4, 46.8, 20.3, 49.3, 20.4, 50.8, 19.9, 52.9, 20.2, 55.1, 20.9, 56.9, 20.9, 60.1, 19.4, 61.2, 16.6, 61.3, 14.7, 60.4, 16.2, 58.8, 17.5, 58.5, 19.2, 57.4, 18.8, 53.8, 16.9, 53, 13.9, 51.5, 13.8, 49.2, 13.6, 45.9, 13.5, 43.6]], "iscrowd": 0}]}