{"categories": [{"id": 0, "name": "body-parts", "supercategory": "none"}, {"id": 1, "name": "Head", "supercategory": "body-parts"}, {"id": 2, "name": "Lower_Arm", "supercategory": "body-parts"}, {"id": 3, "name": "Lower_Leg", "supercategory": "body-parts"}, {"id": 4, "name": "Torso", "supercategory": "body-parts"}, {"id": 5, "name": "Upper_Arm", "supercategory": "body-parts"}, {"id": 6, "name": "Upper_Leg", "supercategory": "body-parts"}], "images": [{"id": 715, "license": 1, "file_name": "11_right3.jpg", "height": 64, "width": 27, "date_captured": "2023-06-08T19:45:40+00:00"}], "annotations": [{"id": 4022, "image_id": 715, "category_id": 1, "bbox": [15, 2, 9, 5], "area": 45, "segmentation": [[18, 6.5, 21.5, 6, 23.5, 5, 24, 3.5, 19.5, 3, 18.5, 2, 15.5, 3, 15, 5.5, 17.5, 7]], "iscrowd": 0}, {"id": 4023, "image_id": 715, "category_id": 4, "bbox": [13, 9, 11, 19], "area": 209, "segmentation": [[21, 27.5, 24, 26.5, 24, 14.5, 20.5, 9, 14.5, 9, 13, 10.5, 14, 12.5, 14, 15.5, 15, 16.5, 14, 18.5, 14, 26.5, 15.5, 28]], "iscrowd": 0}, {"id": 4024, "image_id": 715, "category_id": 5, "bbox": [8, 10, 5, 9.5], "area": 47.5, "segmentation": [[10, 19.5, 11, 17.5, 13, 16.5, 12.5, 10, 11, 13.5, 8, 17.5, 8, 19.5]], "iscrowd": 0}, {"id": 4025, "image_id": 715, "category_id": 6, "bbox": [13, 27, 13, 21], "area": 273, "segmentation": [[20, 47.5, 21, 46.5, 21, 44.5, 20, 43.5, 21, 42.5, 21, 39.5, 26, 31.5, 25, 30.5, 24.5, 28, 18.5, 27, 17.5, 28, 14.5, 28, 13, 29.5, 13, 32.5, 14, 33.5, 14, 42.5, 16, 44.5, 16, 46.5, 17.5, 48]], "iscrowd": 0}, {"id": 4026, "image_id": 715, "category_id": 3, "bbox": [16, 48, 7, 14.5], "area": 101.5, "segmentation": [[22, 62.5, 23, 61.5, 22, 59.5, 22, 57.5, 23, 56.5, 23, 49.5, 21.5, 48, 17.5, 48, 16, 49.5, 17, 50.5, 17, 52.5, 19, 56.5, 19, 62.5]], "iscrowd": 0}]}