{"categories": [{"id": 0, "name": "body-parts", "supercategory": "none"}, {"id": 1, "name": "Head", "supercategory": "body-parts"}, {"id": 2, "name": "Lower_Arm", "supercategory": "body-parts"}, {"id": 3, "name": "Lower_Leg", "supercategory": "body-parts"}, {"id": 4, "name": "Torso", "supercategory": "body-parts"}, {"id": 5, "name": "Upper_Arm", "supercategory": "body-parts"}, {"id": 6, "name": "Upper_Leg", "supercategory": "body-parts"}], "images": [{"id": 751, "license": 1, "file_name": "11_supine5.jpg", "height": 64, "width": 27, "date_captured": "2023-06-08T19:45:40+00:00"}], "annotations": [{"id": 4240, "image_id": 751, "category_id": 1, "bbox": [12, 6, 7.5, 6.6], "area": 49.5, "segmentation": [[18, 12.5, 19, 8.5, 17.2, 6.8, 15.4, 6.4, 12.5, 7, 11.9, 7.8, 11.8, 9.7, 11.5, 11, 15.5, 13]], "iscrowd": 0}, {"id": 4241, "image_id": 751, "category_id": 3, "bbox": [17, 52, 4, 7.5], "area": 30, "segmentation": [[21, 59.5, 21, 52.5, 18.5, 52, 17, 59.5]], "iscrowd": 0}, {"id": 4242, "image_id": 751, "category_id": 3, "bbox": [8, 52, 4, 9.5], "area": 38, "segmentation": [[10, 61.5, 11, 60.5, 11, 57.5, 12, 56.5, 12, 54.5, 10.5, 52, 9.5, 52, 8, 53.5, 8, 61.5]], "iscrowd": 0}, {"id": 4243, "image_id": 751, "category_id": 6, "bbox": [9, 29, 14, 11], "area": 154, "segmentation": [[19, 39.5, 22, 37.5, 22, 35.5, 23, 34.5, 22.4, 31.8, 21.8, 30.6, 20.2, 29.6, 15.5, 29, 14.5, 30, 12.9, 29.6, 10.2, 30.1, 10, 31.5, 9, 32.5, 9, 38.5, 10.5, 40]], "iscrowd": 0}, {"id": 4244, "image_id": 751, "category_id": 4, "bbox": [8, 15, 15, 15.2], "area": 228, "segmentation": [[16, 29.5, 17.5, 28, 20.5, 28, 21.5, 29, 22, 28.5, 22, 22.5, 23, 21.5, 23, 19.5, 22.4, 17, 20.5, 16.2, 19.6, 14.8, 16.1, 14.9, 13.7, 14.7, 8.5, 17, 8, 20.5, 10, 23.5, 10, 27.5, 10.2, 29.6, 12.5, 29.9, 15, 29.5]], "iscrowd": 0}, {"id": 4245, "image_id": 751, "category_id": 5, "bbox": [4, 18, 4, 12.5], "area": 50, "segmentation": [[6, 30.5, 8, 26.5, 7.5, 18, 6, 20.5, 5.2, 22.6, 4, 24.5, 4, 30.5]], "iscrowd": 0}, {"id": 4246, "image_id": 751, "category_id": 5, "bbox": [23, 18, 3, 10.5], "area": 31.5, "segmentation": [[25, 28.5, 26, 27.5, 26, 23.5, 25, 22.5, 25, 18.5, 23.5, 18, 23, 28.5]], "iscrowd": 0}]}