{"categories": [{"id": 0, "name": "body-parts", "supercategory": "none"}, {"id": 1, "name": "Head", "supercategory": "body-parts"}, {"id": 2, "name": "Lower_Arm", "supercategory": "body-parts"}, {"id": 3, "name": "Lower_Leg", "supercategory": "body-parts"}, {"id": 4, "name": "Torso", "supercategory": "body-parts"}, {"id": 5, "name": "Upper_Arm", "supercategory": "body-parts"}, {"id": 6, "name": "Upper_Leg", "supercategory": "body-parts"}], "images": [{"id": 300, "license": 1, "file_name": "11_supine3.jpg", "height": 64, "width": 27, "date_captured": "2023-06-08T19:45:40+00:00"}], "annotations": [{"id": 1692, "image_id": 300, "category_id": 1, "bbox": [12, 6, 7.1, 6], "area": 42.6, "segmentation": [[18, 11.5, 19, 8.6, 17.5, 6, 13.6, 6, 11.9, 7.3, 12.3, 10.3, 15.6, 11.7, 17.5, 12]], "iscrowd": 0}, {"id": 1693, "image_id": 300, "category_id": 4, "bbox": [8, 13, 15, 15], "area": 225, "segmentation": [[17, 27.5, 20, 26.5, 21, 22.5, 23, 19.5, 23, 15.5, 21.5, 14, 10.5, 14, 8.5, 13, 8, 19.5, 10, 22.5, 11, 26.5, 12.5, 28]], "iscrowd": 0}, {"id": 1694, "image_id": 300, "category_id": 6, "bbox": [8, 29, 14, 16.5], "area": 231, "segmentation": [[18, 45.5, 21, 41.5, 21, 39.5, 22, 38.5, 22, 30.5, 20.5, 29, 10.5, 29, 8, 33.5, 8, 38.5, 9, 39.5, 9, 41.5, 11.5, 45, 14.5, 42, 15.5, 42, 16, 45.5]], "iscrowd": 0}, {"id": 1695, "image_id": 300, "category_id": 3, "bbox": [16, 51, 5, 12.5], "area": 62.5, "segmentation": [[18, 63.5, 19, 59.5, 21, 56.5, 21, 54.5, 18.5, 51, 16, 53.5, 16, 59.5, 17, 60.5, 17, 62.5, 16, 63.5]], "iscrowd": 0}, {"id": 1696, "image_id": 300, "category_id": 3, "bbox": [8, 51, 4, 12.5], "area": 50, "segmentation": [[11, 63.5, 12, 52.5, 10.5, 51, 9.5, 51, 8, 52.5, 8, 57.5, 9, 58.5, 9, 63.5]], "iscrowd": 0}]}