{"categories": [{"id": 0, "name": "body-parts", "supercategory": "none"}, {"id": 1, "name": "Head", "supercategory": "body-parts"}, {"id": 2, "name": "Lower_Arm", "supercategory": "body-parts"}, {"id": 3, "name": "Lower_Leg", "supercategory": "body-parts"}, {"id": 4, "name": "Torso", "supercategory": "body-parts"}, {"id": 5, "name": "Upper_Arm", "supercategory": "body-parts"}, {"id": 6, "name": "Upper_Leg", "supercategory": "body-parts"}], "images": [{"id": 113, "license": 1, "file_name": "11_supine2.jpg", "height": 64, "width": 27, "date_captured": "2023-06-08T19:45:40+00:00"}], "annotations": [{"id": 636, "image_id": 113, "category_id": 1, "bbox": [12, 5, 6.2, 6.2], "area": 38.44, "segmentation": [[15, 11.6, 11.5, 8.6, 12.5, 6.4, 15.2, 5.4, 17.4, 5.8, 17.7, 7.3, 17.5, 9.5]], "iscrowd": 0}, {"id": 637, "image_id": 113, "category_id": 3, "bbox": [14, 51, 5, 13.3], "area": 66.5, "segmentation": [[17.9, 50.6, 18.6, 54, 18.6, 56.1, 17.4, 57.9, 16.3, 61.1, 15.7, 63.2, 13.6, 63.9, 13.9, 61.9, 14.2, 59.6, 13.7, 57.7, 13.6, 54.9, 14.2, 53.5, 15.8, 51]], "iscrowd": 0}, {"id": 638, "image_id": 113, "category_id": 6, "bbox": [8, 30, 13.7, 17.4], "area": 238.38, "segmentation": [[18, 47.2, 18.5, 44.8, 19.1, 42, 19.8, 39, 21.2, 37.4, 21.3, 35.3, 21.3, 33, 21.2, 31.9, 20.1, 30.3, 18.8, 29.8, 17, 30.1, 15.3, 30.4, 13.4, 30.4, 12.3, 30.4, 10.2, 30.1, 8.9, 30, 7.9, 30.9, 7.6, 32.4, 7.8, 33.5, 8, 35.7, 8.9, 37.6, 9.9, 39.8, 10.2, 41.4, 10.6, 42.3, 11, 43.6, 11.8, 43.3, 12.2, 41.1, 13, 40.3, 14.5, 40.1, 14.8, 41.7, 15.4, 42.9, 15.5, 43.9, 15.6, 45.5, 16.4, 46.9]], "iscrowd": 0}, {"id": 639, "image_id": 113, "category_id": 4, "bbox": [9, 13, 13.9, 18.5], "area": 257.15, "segmentation": [[8.7, 30.1, 9.3, 27.9, 9.9, 25.8, 10.3, 24.7, 10, 23, 9.9, 21.8, 9.5, 20.4, 9.3, 18.4, 9.7, 17, 10.1, 16.3, 10.6, 14.5, 10.8, 13.6, 12.5, 12.7, 14.9, 12.5, 16, 12.5, 17.6, 12.9, 19.3, 13.5, 20.7, 14.2, 22.1, 15.1, 22.6, 16.2, 22, 18.2, 21.6, 20.2, 20.8, 21.7, 20.7, 23.7, 20.3, 26, 19.9, 27.6, 19.3, 28.7, 18.8, 29.4, 15.7, 31, 12.9, 31]], "iscrowd": 0}, {"id": 640, "image_id": 113, "category_id": 5, "bbox": [22, 15, 4.9, 9.8], "area": 48.02, "segmentation": [[22.6, 15.2, 23.8, 16.2, 24.9, 18.4, 25.7, 20, 26.3, 21.5, 26.7, 24, 26.1, 24.8, 24.4, 25, 23.9, 24.6, 23.9, 22.7, 23.9, 21, 23.6, 20.1, 23, 19, 22.3, 18.5, 21.8, 18]], "iscrowd": 0}, {"id": 641, "image_id": 113, "category_id": 5, "bbox": [4, 14, 6.5, 11.1], "area": 72.15, "segmentation": [[10.8, 13.5, 9.6, 13.9, 8.3, 14.4, 6.7, 15.7, 5.5, 17.3, 5.1, 18.8, 4.7, 20.3, 4.3, 22.6, 5.1, 24.3, 6, 24.6, 6.7, 22.7, 7.7, 21.4, 8.6, 20.5, 9.2, 19.7, 9.7, 18.7]], "iscrowd": 0}, {"id": 642, "image_id": 113, "category_id": 2, "bbox": [3, 23, 3.8, 7.2], "area": 27.36, "segmentation": [[6.4, 24.4, 5.6, 24, 5, 23.5, 4.5, 23.3, 4.2, 23.8, 4.1, 24.6, 3.7, 26.2, 3.1, 27.2, 2.7, 28.6, 3.4, 30.5, 4.7, 30.5, 5.1, 28.2, 6.5, 26.2]], "iscrowd": 0}, {"id": 643, "image_id": 113, "category_id": 2, "bbox": [24, 23, 2.6, 6.6], "area": 17.16, "segmentation": [[26.6, 23.3, 26.8, 24.6, 26.9, 26.1, 26.9, 28.2, 26.7, 29.3, 25.8, 29.9, 25.1, 29.2, 24.8, 28.2, 24.8, 27.1, 24.3, 25.9, 24.4, 24.9]], "iscrowd": 0}]}