{"categories": [{"id": 0, "name": "body-parts", "supercategory": "none"}, {"id": 1, "name": "Head", "supercategory": "body-parts"}, {"id": 2, "name": "Lower_Arm", "supercategory": "body-parts"}, {"id": 3, "name": "Lower_Leg", "supercategory": "body-parts"}, {"id": 4, "name": "Torso", "supercategory": "body-parts"}, {"id": 5, "name": "Upper_Arm", "supercategory": "body-parts"}, {"id": 6, "name": "Upper_Leg", "supercategory": "body-parts"}], "images": [{"id": 1287, "license": 1, "file_name": "11_supine4.jpg", "height": 64, "width": 27, "date_captured": "2023-06-08T19:45:40+00:00"}], "annotations": [{"id": 7277, "image_id": 1287, "category_id": 1, "bbox": [10, 6, 11, 7], "area": 77, "segmentation": [[18, 12.5, 18, 11.5, 21, 9.5, 21, 8.5, 19.5, 7, 15.5, 6, 14.5, 7, 11.5, 7, 10, 8.5, 10.5, 10, 12.5, 10, 15.5, 13]], "iscrowd": 0}, {"id": 7278, "image_id": 1287, "category_id": 4, "bbox": [9, 14, 14, 17], "area": 238, "segmentation": [[21, 30.5, 21, 25.5, 22, 24.5, 22, 18.5, 23, 16.5, 18.5, 14, 13.5, 14, 12.5, 15, 10.5, 15, 9, 16.5, 9, 30.5, 9.5, 31, 11.5, 29, 14.5, 31, 16.5, 31, 17.5, 30, 18.5, 31]], "iscrowd": 0}, {"id": 7279, "image_id": 1287, "category_id": 6, "bbox": [9, 30, 12.415, 17], "area": 211.058, "segmentation": [[19.074, 47.054, 21.074, 43.054, 21.074, 30.054, 8.658, 31.304, 10.205, 39.7, 14.926, 38.812, 17.074, 47.054]], "iscrowd": 0}, {"id": 7280, "image_id": 1287, "category_id": 3, "bbox": [18, 52, 4, 11.5], "area": 46, "segmentation": [[21, 63.5, 22, 53.5, 20.5, 52, 19.5, 52, 18, 53.5, 18, 57.5, 19, 58.5, 19, 63.5]], "iscrowd": 0}, {"id": 7281, "image_id": 1287, "category_id": 3, "bbox": [9, 47, 4, 8.5], "area": 34, "segmentation": [[13, 55.5, 13, 47.5, 10.5, 47, 9, 48.5, 9, 55.5]], "iscrowd": 0}, {"id": 7282, "image_id": 1287, "category_id": 5, "bbox": [3, 17, 5, 13.5], "area": 67.5, "segmentation": [[5, 30.5, 6, 29.5, 7, 23.5, 8, 22.5, 7.5, 17, 6.5, 17, 4, 19.5, 3, 30.5]], "iscrowd": 0}, {"id": 7283, "image_id": 1287, "category_id": 5, "bbox": [22, 17, 5, 12], "area": 60, "segmentation": [[27, 28.5, 27, 23.5, 25, 20.5, 25, 18.5, 23.5, 17, 22.5, 17, 22, 18.5, 24, 22.5, 24, 26.5, 26.5, 29]], "iscrowd": 0}]}