{"categories": [{"id": 0, "name": "body-parts", "supercategory": "none"}, {"id": 1, "name": "Head", "supercategory": "body-parts"}, {"id": 2, "name": "Lower_Arm", "supercategory": "body-parts"}, {"id": 3, "name": "Lower_Leg", "supercategory": "body-parts"}, {"id": 4, "name": "Torso", "supercategory": "body-parts"}, {"id": 5, "name": "Upper_Arm", "supercategory": "body-parts"}, {"id": 6, "name": "Upper_Leg", "supercategory": "body-parts"}], "images": [{"id": 878, "license": 1, "file_name": "11_supine7.jpg", "height": 64, "width": 27, "date_captured": "2023-06-08T19:45:40+00:00"}], "annotations": [{"id": 4958, "image_id": 878, "category_id": 1, "bbox": [10, 6, 12.7, 9.8], "area": 124.46, "segmentation": [[18.7, 15.4, 20.7, 14.8, 22.5, 13, 22.1, 12.4, 22.4, 10.7, 22.5, 10, 22, 9.5, 21.4, 7.3, 19.2, 5.6, 20.5, 6, 11.8, 6.6, 10, 8.5, 9.8, 9.6, 10.2, 11.7, 10.5, 14, 12.8, 15.3, 14.5, 15]], "iscrowd": 0}, {"id": 4959, "image_id": 878, "category_id": 4, "bbox": [8, 17, 14, 13.8], "area": 193.2, "segmentation": [[19, 30.8, 21.1, 30.3, 21, 26.5, 22, 25.5, 22, 18.5, 20.5, 17, 10.5, 17, 8, 19.5, 8, 23.5, 9, 24.5, 9, 29.5, 9, 29.9, 9.9, 30.5, 11.4, 30.7]], "iscrowd": 0}, {"id": 4960, "image_id": 878, "category_id": 6, "bbox": [8, 30, 14, 11], "area": 154, "segmentation": [[21, 40.5, 22, 39.5, 22, 32.5, 20.5, 30, 18.5, 30, 16.2, 30.9, 14.5, 30.7, 10.5, 30, 10, 30.5, 10, 31.5, 8, 33.5, 8, 38.5, 10.5, 41]], "iscrowd": 0}, {"id": 4961, "image_id": 878, "category_id": 3, "bbox": [6, 43, 18, 15], "area": 270, "segmentation": [[18, 57.5, 20.5, 57, 23, 54.5, 23, 52.5, 24, 51.5, 23, 50.5, 23, 46.5, 18.5, 43, 9.5, 43, 7, 46.5, 7, 51.5, 6, 52.5, 6, 55.5, 7.5, 57, 13.5, 57, 14.5, 58]], "iscrowd": 0}, {"id": 4962, "image_id": 878, "category_id": 5, "bbox": [0, 20, 7, 16.5], "area": 115.5, "segmentation": [[2, 36.5, 2, 33.5, 3.5, 33, 6, 29.5, 6, 27.5, 7, 26.5, 7, 21.5, 2.5, 21, 1.5, 20, 0, 21.5, 0, 32.5, 1, 33.5, 1, 36.5]], "iscrowd": 0}, {"id": 4963, "image_id": 878, "category_id": 5, "bbox": [24, 21, 3, 13], "area": 39, "segmentation": [[27, 33.5, 27, 21.5, 24.5, 21, 24, 31.5, 25.5, 34]], "iscrowd": 0}]}