[
    {
        "id": 64,
        "annotations": [
            {
                "id": 12,
                "completed_by": 1,
                "result": [
                    {
                        "original_width": 527,
                        "original_height": 1168,
                        "image_rotation": 0,
                        "value": {
                            "points": [
                                [
                                    25.35612535612536,
                                    36.7137355584082
                                ],
                                [
                                    27.06552706552705,
                                    26.829268292682926
                                ],
                                [
                                    32.1937321937322,
                                    17.843388960205402
                                ],
                                [
                                    38.461538461538474,
                                    14.120667522464704
                                ],
                                [
                                    39.03133903133902,
                                    20.15404364569962
                                ],
                                [
                                    48.8691808464094,
                                    22.489812593064478
                                ],
                                [
                                    61.25356125356125,
                                    21.566110397946083
                                ],
                                [
                                    61.82336182336182,
                                    33.504492939666235
                                ],
                                [
                                    57.26495726495726,
                                    36.97047496790757
                                ]
                            ],
                            "closed": true,
                            "polygonlabels": [
                                "Torso"
                            ]
                        },
                        "id": "E0tHxxzoI0",
                        "from_name": "label",
                        "to_name": "image",
                        "type": "polygonlabels",
                        "origin": "manual"
                    },
                    {
                        "original_width": 527,
                        "original_height": 1168,
                        "image_rotation": 0,
                        "value": {
                            "points": [
                                [
                                    50.142450142450116,
                                    22.33632862644415
                                ],
                                [
                                    61.25356125356125,
                                    21.18100128369705
                                ],
                                [
                                    75.21367521367523,
                                    11.681643132220792
                                ],
                                [
                                    75.21367521367523,
                                    5.263157894736844
                                ],
                                [
                                    66.38176638176638,
                                    5.7766367137355585
                                ],
                                [
                                    58.68945868945868,
                                    10.783055198973042
                                ],
                                [
                                    39.031339031339044,
                                    14.249037227214384
                                ],
                                [
                                    39.37483063447074,
                                    20.10916374892338
                                ]
                            ],
                            "closed": true,
                            "polygonlabels": [
                                "Upper Arms"
                            ]
                        },
                        "id": "TUdPX9AZTE",
                        "from_name": "label",
                        "to_name": "image",
                        "type": "polygonlabels",
                        "origin": "manual"
                    },
                    {
                        "original_width": 527,
                        "original_height": 1168,
                        "image_rotation": 0,
                        "value": {
                            "points": [
                                [
                                    35.32763532763533,
                                    11.296534017971762
                                ],
                                [
                                    37.562109234464195,
                                    8.814573685524893
                                ],
                                [
                                    45.01424501424502,
                                    7.060333761232352
                                ],
                                [
                                    65.24216524216524,
                                    6.033376123234918
                                ],
                                [
                                    57.54985754985756,
                                    10.911424903722722
                                ],
                                [
                                    49.28684864211673,
                                    12.08247741516031
                                ]
                            ],
                            "closed": true,
                            "polygonlabels": [
                                "Lower Arms"
                            ]
                        },
                        "id": "j-ns3XGhDL",
                        "from_name": "label",
                        "to_name": "image",
                        "type": "polygonlabels",
                        "origin": "manual"
                    },
                    {
                        "original_width": 527,
                        "original_height": 1168,
                        "image_rotation": 0,
                        "value": {
                            "points": [
                                [
                                    25.925925925925924,
                                    37.098844672657265
                                ],
                                [
                                    56.98005698005697,
                                    37.35558408215661
                                ],
                                [
                                    62.67806267806272,
                                    50.3209242618742
                                ],
                                [
                                    64.10256410256413,
                                    57.63799743260589
                                ],
                                [
                                    53.27635327635327,
                                    60.07702182284981
                                ],
                                [
                                    43.58974358974359,
                                    62.51604621309368
                                ],
                                [
                                    27.35042735042735,
                                    55.96919127086008
                                ],
                                [
                                    19.943019943019934,
                                    50.83440308087292
                                ],
                                [
                                    19.373219373219385,
                                    44.159178433889615
                                ],
                                [
                                    21.937321937321943,
                                    39.024390243902445
                                ]
                            ],
                            "closed": true,
                            "polygonlabels": [
                                "Upper Legs"
                            ]
                        },
                        "id": "Jx497u661N",
                        "from_name": "label",
                        "to_name": "image",
                        "type": "polygonlabels",
                        "origin": "manual"
                    },
                    {
                        "original_width": 527,
                        "original_height": 1168,
                        "image_rotation": 0,
                        "value": {
                            "points": [
                                [
                                    43.304843304843295,
                                    62.77278562259304
                                ],
                                [
                                    63.532763532763525,
                                    58.15147625160462
                                ],
                                [
                                    60.113960113960104,
                                    67.39409499358149
                                ],
                                [
                                    52.70655270655271,
                                    77.79204107830552
                                ],
                                [
                                    48.717948717948715,
                                    83.18356867779204
                                ],
                                [
                                    47.86324786324784,
                                    84.98074454428757
                                ],
                                [
                                    50.71225071225072,
                                    89.60205391527599
                                ],
                                [
                                    38.74643874643877,
                                    88.9602053915276
                                ],
                                [
                                    33.33333333333333,
                                    84.85237483953789
                                ],
                                [
                                    38.461538461538474,
                                    79.20410783055199
                                ],
                                [
                                    37.89173789173789,
                                    70.7317073170732
                                ]
                            ],
                            "closed": true,
                            "polygonlabels": [
                                "Lower Legs"
                            ]
                        },
                        "id": "VpDqCQu7SI",
                        "from_name": "label",
                        "to_name": "image",
                        "type": "polygonlabels",
                        "origin": "manual"
                    }
                ],
                "was_cancelled": false,
                "ground_truth": false,
                "created_at": "2023-05-31T14:01:53.802713Z",
                "updated_at": "2023-06-01T10:56:17.641416Z",
                "lead_time": 162.62599999999998,
                "prediction": {},
                "result_count": 0,
                "unique_id": "a21b5284-05b0-4b7f-ae46-df7b8635623e",
                "last_action": null,
                "task": 64,
                "project": 2,
                "updated_by": 1,
                "parent_prediction": null,
                "parent_annotation": null,
                "last_created_by": null
            }
        ],
        "file_upload": "left5_tactilus_colorful.png",
        "drafts": [],
        "predictions": [],
        "data": {
            "image": "left5_tactilus_colorful.png"
        },
        "meta": {},
        "created_at": "2023-05-31T13:38:31.334544Z",
        "updated_at": "2023-06-01T10:56:17.688883Z",
        "inner_id": 6,
        "total_annotations": 1,
        "cancelled_annotations": 0,
        "total_predictions": 0,
        "comment_count": 0,
        "unresolved_comment_count": 0,
        "last_comment_updated_at": null,
        "project": 2,
        "updated_by": 1,
        "comment_authors": []
    }
]