[
    {
        "id": 63,
        "annotations": [
            {
                "id": 11,
                "completed_by": 1,
                "result": [
                    {
                        "original_width": 527,
                        "original_height": 1168,
                        "image_rotation": 0,
                        "value": {
                            "points": [
                                [
                                    49.00284900284901,
                                    11.681643132220792
                                ],
                                [
                                    42.16524216524214,
                                    9.627727856225928
                                ],
                                [
                                    42.735042735042725,
                                    4.621309370988446
                                ],
                                [
                                    51.85185185185185,
                                    3.979460847240052
                                ],
                                [
                                    59.259259259259245,
                                    5.905006418485238
                                ],
                                [
                                    57.26495726495726,
                                    10.269576379974326
                                ]
                            ],
                            "closed": true,
                            "polygonlabels": [
                                "Head"
                            ]
                        },
                        "id": "NQ0W3M4blU",
                        "from_name": "label",
                        "to_name": "image",
                        "type": "polygonlabels",
                        "origin": "manual"
                    },
                    {
                        "original_width": 527,
                        "original_height": 1168,
                        "image_rotation": 0,
                        "value": {
                            "points": [
                                [
                                    23.646723646723647,
                                    38.25417201540437
                                ],
                                [
                                    25.071225071225058,
                                    27.21437740693196
                                ],
                                [
                                    25.35612535612536,
                                    20.92426187419769
                                ],
                                [
                                    31.339031339031344,
                                    16.688061617458285
                                ],
                                [
                                    39.886039886039896,
                                    13.99229781771502
                                ],
                                [
                                    55.55555555555556,
                                    14.1206675224647
                                ],
                                [
                                    56.12535612535613,
                                    17.45827984595636
                                ],
                                [
                                    56.4102564102564,
                                    21.43774069319641
                                ],
                                [
                                    56.12535612535613,
                                    27.72785622593068
                                ],
                                [
                                    56.12535612535613,
                                    30.680359435173283
                                ],
                                [
                                    60.68376068376068,
                                    37.355584082156625
                                ],
                                [
                                    51.566951566951566,
                                    38.51091142490371
                                ],
                                [
                                    45.58404558404557,
                                    39.281129653401806
                                ]
                            ],
                            "closed": true,
                            "polygonlabels": [
                                "Torso"
                            ]
                        },
                        "id": "_-DOccLcau",
                        "from_name": "label",
                        "to_name": "image",
                        "type": "polygonlabels",
                        "origin": "manual"
                    },
                    {
                        "original_width": 527,
                        "original_height": 1168,
                        "image_rotation": 0,
                        "value": {
                            "points": [
                                [
                                    68.66096866096866,
                                    33.24775353016687
                                ],
                                [
                                    56.4102564102564,
                                    28.11296534017972
                                ],
                                [
                                    56.6951566951567,
                                    24.775353016688065
                                ],
                                [
                                    56.12535612535613,
                                    13.99229781771502
                                ],
                                [
                                    64.3874643874644,
                                    14.505776636713739
                                ],
                                [
                                    64.67236467236467,
                                    27.086007702182286
                                ],
                                [
                                    66.66666666666666,
                                    30.038510911424904
                                ]
                            ],
                            "closed": true,
                            "polygonlabels": [
                                "Upper Arms"
                            ]
                        },
                        "id": "WnMF2GP0V_",
                        "from_name": "label",
                        "to_name": "image",
                        "type": "polygonlabels",
                        "origin": "manual"
                    },
                    {
                        "original_width": 527,
                        "original_height": 1168,
                        "image_rotation": 0,
                        "value": {
                            "points": [
                                [
                                    68.94586894586897,
                                    33.24775353016688
                                ],
                                [
                                    75.25271890584285,
                                    31.88640354894681
                                ],
                                [
                                    72.36467236467234,
                                    16.816431322207965
                                ],
                                [
                                    64.95726495726495,
                                    16.816431322207954
                                ],
                                [
                                    64.95726495726495,
                                    26.700898587933253
                                ]
                            ],
                            "closed": true,
                            "polygonlabels": [
                                "Lower Arms"
                            ]
                        },
                        "id": "WBsdQGcm7o",
                        "from_name": "label",
                        "to_name": "image",
                        "type": "polygonlabels",
                        "origin": "manual"
                    },
                    {
                        "original_width": 527,
                        "original_height": 1168,
                        "image_rotation": 0,
                        "value": {
                            "points": [
                                [
                                    41.595441595441606,
                                    60.205391527599474
                                ],
                                [
                                    27.667649351089416,
                                    55.2154156394937
                                ],
                                [
                                    22.792022792022784,
                                    50.3209242618742
                                ],
                                [
                                    21.652421652421648,
                                    43.38896020539153
                                ],
                                [
                                    23.361823361823365,
                                    38.639281129653405
                                ],
                                [
                                    46.735530876188136,
                                    39.50894441233542
                                ],
                                [
                                    60.398860398860386,
                                    37.74069319640566
                                ],
                                [
                                    64.95726495726495,
                                    44.67265725288833
                                ],
                                [
                                    64.38746438746438,
                                    53.65853658536584
                                ],
                                [
                                    62.67806267806269,
                                    57.894736842105246
                                ]
                            ],
                            "closed": true,
                            "polygonlabels": [
                                "Upper Legs"
                            ]
                        },
                        "id": "bUJ5EX9kwE",
                        "from_name": "label",
                        "to_name": "image",
                        "type": "polygonlabels",
                        "origin": "manual"
                    },
                    {
                        "original_width": 527,
                        "original_height": 1168,
                        "image_rotation": 0,
                        "value": {
                            "points": [
                                [
                                    52.42165242165241,
                                    89.98716302952504
                                ],
                                [
                                    39.31623931623932,
                                    86.26444159178433
                                ],
                                [
                                    35.32763532763533,
                                    76.25160462130937
                                ],
                                [
                                    37.89173789173789,
                                    69.96148908857508
                                ],
                                [
                                    42.16524216524214,
                                    63.02952503209242
                                ],
                                [
                                    43.304843304843295,
                                    60.205391527599474
                                ],
                                [
                                    62.67806267806269,
                                    58.023106546854905
                                ],
                                [
                                    61.25356125356125,
                                    63.67137355584083
                                ],
                                [
                                    56.6951566951567,
                                    71.50192554557123
                                ],
                                [
                                    50.99715099715103,
                                    77.66367137355583
                                ],
                                [
                                    46.153846153846146,
                                    84.59563543003854
                                ]
                            ],
                            "closed": true,
                            "polygonlabels": [
                                "Lower Legs"
                            ]
                        },
                        "id": "AyeEr8FIF_",
                        "from_name": "label",
                        "to_name": "image",
                        "type": "polygonlabels",
                        "origin": "manual"
                    }
                ],
                "was_cancelled": false,
                "ground_truth": false,
                "created_at": "2023-05-31T14:01:51.235071Z",
                "updated_at": "2023-06-01T10:56:15.539360Z",
                "lead_time": 192.558,
                "prediction": {},
                "result_count": 0,
                "unique_id": "21b9cd33-a0c5-45c1-8010-a808bb2e1271",
                "last_action": null,
                "task": 63,
                "project": 2,
                "updated_by": 1,
                "parent_prediction": null,
                "parent_annotation": null,
                "last_created_by": null
            }
        ],
        "file_upload": "left4_tactilus_colorful.png",
        "drafts": [],
        "predictions": [],
        "data": {
            "image": "left4_tactilus_colorful.png"
        },
        "meta": {},
        "created_at": "2023-05-31T13:38:31.334490Z",
        "updated_at": "2023-06-01T10:56:15.590336Z",
        "inner_id": 5,
        "total_annotations": 1,
        "cancelled_annotations": 0,
        "total_predictions": 0,
        "comment_count": 0,
        "unresolved_comment_count": 0,
        "last_comment_updated_at": null,
        "project": 2,
        "updated_by": 1,
        "comment_authors": []
    }
]