[
    {
        "id": 62,
        "annotations": [
            {
                "id": 10,
                "completed_by": 1,
                "result": [
                    {
                        "original_width": 527,
                        "original_height": 1168,
                        "image_rotation": 0,
                        "value": {
                            "points": [
                                [
                                    49.57746478873239,
                                    11.959287531806616
                                ],
                                [
                                    43.65201021174199,
                                    11.03551754467847
                                ],
                                [
                                    40.84507042253522,
                                    8.778625954198473
                                ],
                                [
                                    43.943661971831,
                                    4.961832061068703
                                ],
                                [
                                    53.2394366197183,
                                    4.8346055979643765
                                ],
                                [
                                    59.71830985915493,
                                    7.37913486005089
                                ],
                                [
                                    58.0281690140845,
                                    11.323155216284988
                                ]
                            ],
                            "closed": true,
                            "polygonlabels": [
                                "Head"
                            ]
                        },
                        "id": "7C2P8IWEd7",
                        "from_name": "label",
                        "to_name": "image",
                        "type": "polygonlabels",
                        "origin": "manual"
                    },
                    {
                        "original_width": 527,
                        "original_height": 1168,
                        "image_rotation": 0,
                        "value": {
                            "points": [
                                [
                                    30.105533485815176,
                                    17.044916331043584
                                ],
                                [
                                    45.633802816901415,
                                    12.849872773536896
                                ],
                                [
                                    61.731872717788185,
                                    14.119850921289444
                                ],
                                [
                                    65.64985353717748,
                                    17.040343364462178
                                ],
                                [
                                    55.93756269812607,
                                    17.00261639016551
                                ],
                                [
                                    58.59154929577465,
                                    27.98982188295166
                                ],
                                [
                                    51.549295774647874,
                                    33.7150127226463
                                ],
                                [
                                    51.001966213233814,
                                    37.15470019304451
                                ],
                                [
                                    38.0281690140845,
                                    37.90091034699019
                                ],
                                [
                                    23.652341398820273,
                                    38.55304804554676
                                ],
                                [
                                    26.760563380281692,
                                    31.6793893129771
                                ],
                                [
                                    28.143332932065316,
                                    24.045801526717558
                                ]
                            ],
                            "closed": true,
                            "polygonlabels": [
                                "Torso"
                            ]
                        },
                        "id": "sVkuwT2NSL",
                        "from_name": "label",
                        "to_name": "image",
                        "type": "polygonlabels",
                        "origin": "manual"
                    },
                    {
                        "original_width": 527,
                        "original_height": 1168,
                        "image_rotation": 0,
                        "value": {
                            "points": [
                                [
                                    62.67806267806269,
                                    32.349165596919136
                                ],
                                [
                                    59.82905982905983,
                                    31.450577663671375
                                ],
                                [
                                    56.4102564102564,
                                    15.9178433889602
                                ],
                                [
                                    66.38176638176637,
                                    15.789473684210526
                                ]
                            ],
                            "closed": true,
                            "polygonlabels": [
                                "Upper Arms"
                            ]
                        },
                        "id": "7L6urcqVfm",
                        "from_name": "label",
                        "to_name": "image",
                        "type": "polygonlabels",
                        "origin": "manual"
                    },
                    {
                        "original_width": 527,
                        "original_height": 1168,
                        "image_rotation": 0,
                        "value": {
                            "points": [
                                [
                                    74.92877492877491,
                                    30.551989730423625
                                ],
                                [
                                    72.07977207977207,
                                    17.971758664955075
                                ],
                                [
                                    67.23646723646723,
                                    16.302952503209248
                                ],
                                [
                                    62.67806267806269,
                                    32.22079589216944
                                ]
                            ],
                            "closed": true,
                            "polygonlabels": [
                                "Lower Arms"
                            ]
                        },
                        "id": "hwlFv_v5wT",
                        "from_name": "label",
                        "to_name": "image",
                        "type": "polygonlabels",
                        "origin": "manual"
                    },
                    {
                        "original_width": 527,
                        "original_height": 1168,
                        "image_rotation": 0,
                        "value": {
                            "points": [
                                [
                                    23.361823361823365,
                                    39.024390243902445
                                ],
                                [
                                    51.566951566951566,
                                    37.22721437740693
                                ],
                                [
                                    61.25356125356125,
                                    45.69961489088573
                                ],
                                [
                                    60.96866096866098,
                                    52.7599486521181
                                ],
                                [
                                    47.293447293447294,
                                    57.76636713735559
                                ],
                                [
                                    42.45014245014245,
                                    57.76636713735559
                                ],
                                [
                                    27.635327635327634,
                                    54.685494223363285
                                ],
                                [
                                    18.233618233618234,
                                    47.88189987163031
                                ],
                                [
                                    17.80803267528932,
                                    43.18265986572301
                                ]
                            ],
                            "closed": true,
                            "polygonlabels": [
                                "Upper Legs"
                            ]
                        },
                        "id": "16EAcNcXkL",
                        "from_name": "label",
                        "to_name": "image",
                        "type": "polygonlabels",
                        "origin": "manual"
                    },
                    {
                        "original_width": 527,
                        "original_height": 1168,
                        "image_rotation": 0,
                        "value": {
                            "points": [
                                [
                                    21.652421652421648,
                                    79.204107830552
                                ],
                                [
                                    19.65811965811966,
                                    72.01540436456996
                                ],
                                [
                                    35.8974358974359,
                                    65.34017971758665
                                ],
                                [
                                    47.293447293447294,
                                    58.27984595635429
                                ],
                                [
                                    61.25356125356125,
                                    53.27342747111682
                                ],
                                [
                                    63.817663817663814,
                                    62.00256739409498
                                ],
                                [
                                    53.846153846153854,
                                    68.29268292682923
                                ],
                                [
                                    31.054131054131055,
                                    74.83953786906288
                                ],
                                [
                                    29.34472934472934,
                                    81.00128369704751
                                ]
                            ],
                            "closed": true,
                            "polygonlabels": [
                                "Lower Legs"
                            ]
                        },
                        "id": "YsVqxJIpCy",
                        "from_name": "label",
                        "to_name": "image",
                        "type": "polygonlabels",
                        "origin": "manual"
                    },
                    {
                        "original_width": 527,
                        "original_height": 1168,
                        "image_rotation": 0,
                        "value": {
                            "points": [
                                [
                                    30.199430199430193,
                                    84.59563543003851
                                ],
                                [
                                    33.61823361823362,
                                    83.95378690629013
                                ],
                                [
                                    37.32193732193732,
                                    84.33889602053917
                                ],
                                [
                                    37.32193732193732,
                                    86.00770218228502
                                ],
                                [
                                    34.472934472934476,
                                    87.29139922978177
                                ],
                                [
                                    29.629629629629623,
                                    86.52118100128371
                                ]
                            ],
                            "closed": true,
                            "polygonlabels": [
                                "Lower Legs"
                            ]
                        },
                        "id": "kqCYwGSLB8",
                        "from_name": "label",
                        "to_name": "image",
                        "type": "polygonlabels",
                        "origin": "manual"
                    }
                ],
                "was_cancelled": false,
                "ground_truth": false,
                "created_at": "2023-05-31T14:01:49.435109Z",
                "updated_at": "2023-06-01T10:56:13.449310Z",
                "lead_time": 257.336,
                "prediction": {},
                "result_count": 0,
                "unique_id": "06b3fb7a-7396-41af-9ae7-1d74d6263a3b",
                "last_action": null,
                "task": 62,
                "project": 2,
                "updated_by": 1,
                "parent_prediction": null,
                "parent_annotation": null,
                "last_created_by": null
            }
        ],
        "file_upload": "left3_tactilus_colorful.png",
        "drafts": [],
        "predictions": [],
        "data": {
            "image": "left3_tactilus_colorful.png"
        },
        "meta": {},
        "created_at": "2023-05-31T13:38:31.334426Z",
        "updated_at": "2023-06-01T10:56:13.498001Z",
        "inner_id": 4,
        "total_annotations": 1,
        "cancelled_annotations": 0,
        "total_predictions": 0,
        "comment_count": 0,
        "unresolved_comment_count": 0,
        "last_comment_updated_at": null,
        "project": 2,
        "updated_by": 1,
        "comment_authors": []
    }
]