[
    {
        "id": 60,
        "annotations": [
            {
                "id": 5,
                "completed_by": 1,
                "result": [
                    {
                        "original_width": 527,
                        "original_height": 1168,
                        "image_rotation": 0,
                        "value": {
                            "points": [
                                [
                                    43.098591549295776,
                                    9.033078880407125
                                ],
                                [
                                    46.76056338028169,
                                    5.597964376590331
                                ],
                                [
                                    54.3661971830986,
                                    4.961832061068702
                                ],
                                [
                                    58.59154929577465,
                                    6.743002544529262
                                ],
                                [
                                    60,
                                    9.541984732824428
                                ],
                                [
                                    58.028169014084504,
                                    11.704834605597965
                                ],
                                [
                                    51.83098591549296,
                                    12.468193384223918
                                ],
                                [
                                    44.7887323943662,
                                    11.450381679389313
                                ]
                            ],
                            "closed": true,
                            "polygonlabels": [
                                "Head"
                            ]
                        },
                        "id": "MIxxZml0Pc",
                        "from_name": "label",
                        "to_name": "image",
                        "type": "polygonlabels",
                        "origin": "manual"
                    },
                    {
                        "original_width": 527,
                        "original_height": 1168,
                        "image_rotation": 0,
                        "value": {
                            "points": [
                                [
                                    27.6056338028169,
                                    34.60559796437658
                                ],
                                [
                                    26.760563380281692,
                                    29.643765903307894
                                ],
                                [
                                    27.887323943661972,
                                    20.483460559796434
                                ],
                                [
                                    30.422535211267604,
                                    16.03053435114504
                                ],
                                [
                                    45.027719205680114,
                                    14.426531132166371
                                ],
                                [
                                    63.943661971831,
                                    14.50381679389313
                                ],
                                [
                                    66.47887323943661,
                                    18.702290076335878
                                ],
                                [
                                    56.61971830985915,
                                    28.75318066157761
                                ],
                                [
                                    50.42253521126761,
                                    36.64122137404579
                                ],
                                [
                                    50.985915492957744,
                                    41.47582697201017
                                ],
                                [
                                    25.91549295774648,
                                    38.549618320610676
                                ]
                            ],
                            "closed": true,
                            "polygonlabels": [
                                "Torso"
                            ]
                        },
                        "id": "DmxCwIn_R0",
                        "from_name": "label",
                        "to_name": "image",
                        "type": "polygonlabels",
                        "origin": "manual"
                    },
                    {
                        "original_width": 527,
                        "original_height": 1168,
                        "image_rotation": 0,
                        "value": {
                            "points": [
                                [
                                    46.76056338028169,
                                    89.31297709923665
                                ],
                                [
                                    43.098591549295776,
                                    85.49618320610686
                                ],
                                [
                                    41.9718309859155,
                                    79.26208651399493
                                ],
                                [
                                    40.28169014084507,
                                    71.37404580152672
                                ],
                                [
                                    42.816901408450704,
                                    62.72264631043257
                                ],
                                [
                                    52.67605633802817,
                                    63.74045801526719
                                ],
                                [
                                    60.563380281690144,
                                    64.63104325699746
                                ],
                                [
                                    60.563380281690144,
                                    69.72010178117048
                                ],
                                [
                                    57.74647887323944,
                                    76.08142493638677
                                ],
                                [
                                    55.2112676056338,
                                    80.78880407124684
                                ],
                                [
                                    56.61971830985915,
                                    84.47837150127226
                                ],
                                [
                                    58.028169014084504,
                                    90.33078880407125
                                ]
                            ],
                            "closed": true,
                            "polygonlabels": [
                                "Lower Legs"
                            ]
                        },
                        "id": "sAdh63HDnP",
                        "from_name": "label",
                        "to_name": "image",
                        "type": "polygonlabels",
                        "origin": "manual"
                    },
                    {
                        "original_width": 527,
                        "original_height": 1168,
                        "image_rotation": 0,
                        "value": {
                            "points": [
                                [
                                    60.84507042253521,
                                    64.3765903307888
                                ],
                                [
                                    62.535211267605646,
                                    54.961832061068705
                                ],
                                [
                                    60.84507042253521,
                                    47.96437659033079
                                ],
                                [
                                    56.056338028169016,
                                    43.51145038167939
                                ],
                                [
                                    50.985915492957744,
                                    41.73027989821883
                                ],
                                [
                                    25.070422535211268,
                                    38.80407124681934
                                ],
                                [
                                    15.774647887323944,
                                    46.56488549618321
                                ],
                                [
                                    20.281690140845075,
                                    51.653944020356235
                                ],
                                [
                                    33.521126760563384,
                                    59.4147582697201
                                ],
                                [
                                    43.098591549295776,
                                    62.59541984732825
                                ]
                            ],
                            "closed": true,
                            "polygonlabels": [
                                "Upper Legs"
                            ]
                        },
                        "id": "jBDTclb2uJ",
                        "from_name": "label",
                        "to_name": "image",
                        "type": "polygonlabels",
                        "origin": "manual"
                    },
                    {
                        "original_width": 527,
                        "original_height": 1168,
                        "image_rotation": 0,
                        "value": {
                            "points": [
                                [
                                    80.00000000000001,
                                    32.697201017811715
                                ],
                                [
                                    81.6901408450704,
                                    22.900763358778626
                                ],
                                [
                                    75.4929577464789,
                                    19.974554707379134
                                ],
                                [
                                    72.67605633802819,
                                    29.643765903307884
                                ]
                            ],
                            "closed": true,
                            "polygonlabels": [
                                "Lower Arms"
                            ]
                        },
                        "id": "bXt8XAPYdQ",
                        "from_name": "label",
                        "to_name": "image",
                        "type": "polygonlabels",
                        "origin": "manual"
                    },
                    {
                        "original_width": 527,
                        "original_height": 1168,
                        "image_rotation": 0,
                        "value": {
                            "points": [
                                [
                                    79.71830985915493,
                                    32.95165394402035
                                ],
                                [
                                    73.23943661971829,
                                    37.02290076335878
                                ],
                                [
                                    58.87323943661972,
                                    27.099236641221385
                                ],
                                [
                                    67.04225352112677,
                                    18.829516539440203
                                ],
                                [
                                    71.17470881863562,
                                    20.07925721761441
                                ],
                                [
                                    72.04780238024013,
                                    29.704520822212583
                                ]
                            ],
                            "closed": true,
                            "polygonlabels": [
                                "Upper Arms"
                            ]
                        },
                        "id": "5XiWRH_XQD",
                        "from_name": "label",
                        "to_name": "image",
                        "type": "polygonlabels",
                        "origin": "manual"
                    }
                ],
                "was_cancelled": false,
                "ground_truth": false,
                "created_at": "2023-05-31T13:41:46.743433Z",
                "updated_at": "2023-06-01T10:56:08.592314Z",
                "lead_time": 215.731,
                "prediction": {},
                "result_count": 0,
                "unique_id": "bd68a62a-e2f7-4af9-8f19-ffb937e60499",
                "last_action": null,
                "task": 60,
                "project": 2,
                "updated_by": 1,
                "parent_prediction": null,
                "parent_annotation": null,
                "last_created_by": null
            }
        ],
        "file_upload": "left1_tactilus_colorful.png",
        "drafts": [],
        "predictions": [],
        "data": {
            "image": "left1_tactilus_colorful.png"
        },
        "meta": {},
        "created_at": "2023-05-31T13:38:31.334338Z",
        "updated_at": "2023-06-01T10:56:08.643892Z",
        "inner_id": 2,
        "total_annotations": 1,
        "cancelled_annotations": 0,
        "total_predictions": 0,
        "comment_count": 0,
        "unresolved_comment_count": 0,
        "last_comment_updated_at": null,
        "project": 2,
        "updated_by": 1,
        "comment_authors": []
    }
]