[
    {
        "id": 69,
        "annotations": [
            {
                "id": 27,
                "completed_by": 1,
                "result": [
                    {
                        "original_width": 527,
                        "original_height": 1168,
                        "image_rotation": 0,
                        "value": {
                            "points": [
                                [
                                    35.92311704987762,
                                    40.06849650658018
                                ],
                                [
                                    35.32763532763533,
                                    34.40308087291399
                                ],
                                [
                                    31.339031339031344,
                                    25.54557124518614
                                ],
                                [
                                    31.908831908831907,
                                    20.92426187419769
                                ],
                                [
                                    38.237630913687255,
                                    17.33105338285203
                                ],
                                [
                                    63.77914208900123,
                                    17.46285281253777
                                ],
                                [
                                    72.34541150034107,
                                    18.360297504140167
                                ],
                                [
                                    76.63817663817665,
                                    21.43774069319641
                                ],
                                [
                                    77.77777777777777,
                                    29.139922978177147
                                ],
                                [
                                    75.25219694233776,
                                    34.926848866720896
                                ],
                                [
                                    73.19048192287629,
                                    40.44331644602103
                                ],
                                [
                                    61.49993980979895,
                                    40.593407742032426
                                ],
                                [
                                    45.82721399622806,
                                    40.468467762218786
                                ]
                            ],
                            "closed": true,
                            "polygonlabels": [
                                "Torso"
                            ]
                        },
                        "id": "9CHRP8JPkX",
                        "from_name": "label",
                        "to_name": "image",
                        "type": "polygonlabels",
                        "origin": "manual"
                    },
                    {
                        "original_width": 527,
                        "original_height": 1168,
                        "image_rotation": 0,
                        "value": {
                            "points": [
                                [
                                    13.464146703583324,
                                    12.347499730521612
                                ],
                                [
                                    9.971509971509972,
                                    10.397946084724005
                                ],
                                [
                                    14.814814814814811,
                                    5.006418485237484
                                ],
                                [
                                    25.641025641025642,
                                    8.985879332477536
                                ],
                                [
                                    26.793467356847632,
                                    13.343589844094502
                                ],
                                [
                                    19.99117210384816,
                                    14.136672905499648
                                ]
                            ],
                            "closed": true,
                            "polygonlabels": [
                                "Upper Arms"
                            ]
                        },
                        "id": "Y4LZsfbG74",
                        "from_name": "label",
                        "to_name": "image",
                        "type": "polygonlabels",
                        "origin": "manual"
                    },
                    {
                        "original_width": 527,
                        "original_height": 1168,
                        "image_rotation": 0,
                        "value": {
                            "points": [
                                [
                                    75.78347578347578,
                                    11.168164313222082
                                ],
                                [
                                    78.35720877974398,
                                    9.364128996854452
                                ],
                                [
                                    83.22940491954574,
                                    8.318879492531364
                                ],
                                [
                                    89.78471624312066,
                                    5.4635077436339765
                                ],
                                [
                                    89.16736888567874,
                                    10.126344533835052
                                ],
                                [
                                    86.60968660968659,
                                    12.323491655969192
                                ],
                                [
                                    82.33618233618233,
                                    12.836970474967906
                                ]
                            ],
                            "closed": true,
                            "polygonlabels": [
                                "Upper Arms"
                            ]
                        },
                        "id": "Nem64aDCSC",
                        "from_name": "label",
                        "to_name": "image",
                        "type": "polygonlabels",
                        "origin": "manual"
                    },
                    {
                        "original_width": 527,
                        "original_height": 1168,
                        "image_rotation": 0,
                        "value": {
                            "points": [
                                [
                                    21.89559006460415,
                                    4.365713203134443
                                ],
                                [
                                    89.97712772360659,
                                    5.131358465051103
                                ],
                                [
                                    82.16684723726978,
                                    8.473543755124172
                                ],
                                [
                                    78.77292243489426,
                                    8.983592849186829
                                ],
                                [
                                    47.86324786324786,
                                    9.489068976668072
                                ],
                                [
                                    25.9644476545885,
                                    8.73256964791424
                                ],
                                [
                                    15.323622647566308,
                                    5.025853593208489
                                ]
                            ],
                            "closed": true,
                            "polygonlabels": [
                                "Lower Arms"
                            ]
                        },
                        "id": "O3JXM7s08q",
                        "from_name": "label",
                        "to_name": "image",
                        "type": "polygonlabels",
                        "origin": "manual"
                    },
                    {
                        "original_width": 527,
                        "original_height": 1168,
                        "image_rotation": 0,
                        "value": {
                            "points": [
                                [
                                    39.59150916897395,
                                    63.693095147102525
                                ],
                                [
                                    52.71618313871835,
                                    63.80431622717191
                                ],
                                [
                                    59.81300910878376,
                                    63.93154269027624
                                ],
                                [
                                    68.66096866096866,
                                    63.81460540198008
                                ],
                                [
                                    75.78026563942058,
                                    63.683949213939705
                                ],
                                [
                                    76.63817663817665,
                                    58.40821566110398
                                ],
                                [
                                    77.77777777777777,
                                    53.27342747111682
                                ],
                                [
                                    78.34757834757836,
                                    46.72657252888317
                                ],
                                [
                                    77.19513663175637,
                                    44.144316292500015
                                ],
                                [
                                    73.52353436860481,
                                    40.822709352043304
                                ],
                                [
                                    35.86212431282854,
                                    40.18314731158561
                                ],
                                [
                                    32.47863247863248,
                                    47.496790757381255
                                ],
                                [
                                    31.054131054131055,
                                    53.53016688061616
                                ],
                                [
                                    31.339031339031344,
                                    59.43517329910142
                                ],
                                [
                                    34.472934472934476,
                                    63.414634146341456
                                ]
                            ],
                            "closed": true,
                            "polygonlabels": [
                                "Upper Legs"
                            ]
                        },
                        "id": "i9py0M65Fi",
                        "from_name": "label",
                        "to_name": "image",
                        "type": "polygonlabels",
                        "origin": "manual"
                    },
                    {
                        "original_width": 527,
                        "original_height": 1168,
                        "image_rotation": 0,
                        "value": {
                            "points": [
                                [
                                    73.78917378917379,
                                    94.35173299101415
                                ],
                                [
                                    68.9362385137033,
                                    91.40494598999827
                                ],
                                [
                                    62.39316239316238,
                                    91.78891186260195
                                ],
                                [
                                    56.4102564102564,
                                    92.0410783055199
                                ],
                                [
                                    48.717948717948715,
                                    90.62901155327343
                                ],
                                [
                                    45.014245014245034,
                                    91.14249037227216
                                ],
                                [
                                    39.6011396011396,
                                    92.55455712451861
                                ],
                                [
                                    43.01994301994302,
                                    94.09499358151477
                                ],
                                [
                                    52.13675213675216,
                                    94.73684210526318
                                ],
                                [
                                    56.12535612535613,
                                    94.35173299101412
                                ],
                                [
                                    58.97435897435897,
                                    94.35173299101412
                                ],
                                [
                                    68.37606837606837,
                                    95.37869062901156
                                ]
                            ],
                            "closed": true,
                            "polygonlabels": [
                                "Lower Legs"
                            ]
                        },
                        "id": "rZI-tQHKCH",
                        "from_name": "label",
                        "to_name": "image",
                        "type": "polygonlabels",
                        "origin": "manual"
                    },
                    {
                        "original_width": 527,
                        "original_height": 1168,
                        "image_rotation": 0,
                        "value": {
                            "points": [
                                [
                                    45.2991452991453,
                                    76.1232349165597
                                ],
                                [
                                    49.00284900284901,
                                    72.27214377406932
                                ],
                                [
                                    54.7008547008547,
                                    70.98844672657252
                                ],
                                [
                                    61.25356125356125,
                                    72.14377406931965
                                ],
                                [
                                    69.23076923076923,
                                    73.81258023106547
                                ],
                                [
                                    72.64957264957265,
                                    73.68421052631578
                                ],
                                [
                                    75.78347578347578,
                                    67.77920410783055
                                ],
                                [
                                    75.51141607479636,
                                    63.79860001894516
                                ],
                                [
                                    35.31158460735926,
                                    63.926969723694825
                                ],
                                [
                                    35.32763532763533,
                                    68.93453145057768
                                ],
                                [
                                    35.32763532763533,
                                    71.7586649550706
                                ],
                                [
                                    41.02564102564102,
                                    75.86649550706034
                                ]
                            ],
                            "closed": true,
                            "polygonlabels": [
                                "Lower Legs"
                            ]
                        },
                        "id": "aEMp9gkpJt",
                        "from_name": "label",
                        "to_name": "image",
                        "type": "polygonlabels",
                        "origin": "manual"
                    }
                ],
                "was_cancelled": false,
                "ground_truth": false,
                "created_at": "2023-05-31T14:39:33.674595Z",
                "updated_at": "2023-06-01T10:56:29.956849Z",
                "lead_time": 297.42199999999997,
                "prediction": {},
                "result_count": 0,
                "unique_id": "164c37ad-ecad-4600-84ab-41bbb77d26a0",
                "last_action": null,
                "task": 69,
                "project": 2,
                "updated_by": 1,
                "parent_prediction": null,
                "parent_annotation": null,
                "last_created_by": null
            }
        ],
        "file_upload": "prone3_tactilus_colorful.png",
        "drafts": [],
        "predictions": [],
        "data": {
            "image": "prone3_tactilus_colorful.png"
        },
        "meta": {},
        "created_at": "2023-05-31T13:38:31.334750Z",
        "updated_at": "2023-06-01T10:56:30.008071Z",
        "inner_id": 11,
        "total_annotations": 1,
        "cancelled_annotations": 0,
        "total_predictions": 0,
        "comment_count": 0,
        "unresolved_comment_count": 0,
        "last_comment_updated_at": null,
        "project": 2,
        "updated_by": 1,
        "comment_authors": []
    }
]