[
    {
        "id": 76,
        "annotations": [
            {
                "id": 32,
                "completed_by": 1,
                "result": [
                    {
                        "original_width": 527,
                        "original_height": 1168,
                        "image_rotation": 0,
                        "value": {
                            "points": [
                                [
                                    35.62216604470126,
                                    11.427190206012142
                                ],
                                [
                                    33.91276433529954,
                                    7.83283847302113
                                ],
                                [
                                    40.4654708880061,
                                    4.238486740030117
                                ],
                                [
                                    48.1577785803138,
                                    5.265444378027549
                                ],
                                [
                                    53.285983708518906,
                                    8.217947587270167
                                ],
                                [
                                    48.44267886521407,
                                    11.6839296155115
                                ],
                                [
                                    41.886762168452314,
                                    11.31368264265206
                                ]
                            ],
                            "closed": true,
                            "polygonlabels": [
                                "Head"
                            ]
                        },
                        "id": "ScQticaZFp",
                        "from_name": "label",
                        "to_name": "image",
                        "type": "polygonlabels",
                        "origin": "manual"
                    },
                    {
                        "original_width": 527,
                        "original_height": 1168,
                        "image_rotation": 0,
                        "value": {
                            "points": [
                                [
                                    71.46823963725372,
                                    37.87706559267282
                                ],
                                [
                                    54.691224268689055,
                                    38.0100082640039
                                ],
                                [
                                    42.50792504313631,
                                    37.99971908919571
                                ],
                                [
                                    42.18771317362866,
                                    32.35259532185518
                                ],
                                [
                                    43.02636330805345,
                                    28.245908011510807
                                ],
                                [
                                    41.048112034027525,
                                    21.959222203712585
                                ],
                                [
                                    39.05381003972555,
                                    17.06402479854449
                                ],
                                [
                                    37.32193732193732,
                                    13.86392811296534
                                ],
                                [
                                    43.73420007222824,
                                    12.581374307113906
                                ],
                                [
                                    66.39781710204245,
                                    12.591663481922083
                                ],
                                [
                                    70.37037037037037,
                                    21.694480102695763
                                ],
                                [
                                    71.21865093696078,
                                    25.582154977837448
                                ],
                                [
                                    71.7756109305405,
                                    32.884366007179544
                                ]
                            ],
                            "closed": true,
                            "polygonlabels": [
                                "Torso"
                            ]
                        },
                        "id": "UBnDUd4M1G",
                        "from_name": "label",
                        "to_name": "image",
                        "type": "polygonlabels",
                        "origin": "manual"
                    },
                    {
                        "original_width": 527,
                        "original_height": 1168,
                        "image_rotation": 0,
                        "value": {
                            "points": [
                                [
                                    17.996870109546165,
                                    32.33430345552953
                                ],
                                [
                                    27.865655471289273,
                                    27.719853534413208
                                ],
                                [
                                    30.76923076923077,
                                    21.951219512195124
                                ],
                                [
                                    32.078130194165865,
                                    17.99112484879019
                                ],
                                [
                                    35.042735042735046,
                                    15.532734274711167
                                ],
                                [
                                    37.34440833032383,
                                    14.120667522464693
                                ],
                                [
                                    42.46298302636331,
                                    26.42701055375359
                                ],
                                [
                                    25.474900686168294,
                                    32.31486834755851
                                ]
                            ],
                            "closed": true,
                            "polygonlabels": [
                                "Upper Arms"
                            ]
                        },
                        "id": "4D7Qod5-Y2",
                        "from_name": "label",
                        "to_name": "image",
                        "type": "polygonlabels",
                        "origin": "manual"
                    },
                    {
                        "original_width": 527,
                        "original_height": 1168,
                        "image_rotation": 0,
                        "value": {
                            "points": [
                                [
                                    71.50997150997149,
                                    37.86906290115533
                                ],
                                [
                                    72.07977207977206,
                                    49.16559691912708
                                ],
                                [
                                    68.36322779984752,
                                    53.258565329727226
                                ],
                                [
                                    60.96866096866098,
                                    55.070603337612326
                                ],
                                [
                                    52.42165242165241,
                                    59.43517329910142
                                ],
                                [
                                    45.30556558725574,
                                    60.47013362861632
                                ],
                                [
                                    38.47758918181454,
                                    59.45232192378172
                                ],
                                [
                                    31.643192488262923,
                                    58.56173668205143
                                ],
                                [
                                    25.084065647445936,
                                    57.51534393608299
                                ],
                                [
                                    24.501424501424506,
                                    53.91527599486521
                                ],
                                [
                                    29.629629629629623,
                                    47.75353016688062
                                ],
                                [
                                    33.04843304843305,
                                    42.10526315789474
                                ],
                                [
                                    43.03599374021909,
                                    38.12580231065469
                                ]
                            ],
                            "closed": true,
                            "polygonlabels": [
                                "Upper Legs"
                            ]
                        },
                        "id": "hngdkVDixP",
                        "from_name": "label",
                        "to_name": "image",
                        "type": "polygonlabels",
                        "origin": "manual"
                    },
                    {
                        "original_width": 527,
                        "original_height": 1168,
                        "image_rotation": 0,
                        "value": {
                            "points": [
                                [
                                    23.361823361823365,
                                    88.06161745827984
                                ],
                                [
                                    31.339031339031344,
                                    82.28498074454428
                                ],
                                [
                                    28.774928774928775,
                                    76.89345314505775
                                ],
                                [
                                    25.641025641025642,
                                    69.3196405648267
                                ],
                                [
                                    23.93162393162393,
                                    63.928112965340176
                                ],
                                [
                                    24.786324786324787,
                                    57.6379974326059
                                ],
                                [
                                    45.014245014245034,
                                    60.59050064184852
                                ],
                                [
                                    41.8803418803419,
                                    70.21822849807445
                                ],
                                [
                                    41.02564102564102,
                                    73.81258023106548
                                ],
                                [
                                    41.59544159544159,
                                    80.87291399229781
                                ],
                                [
                                    37.89173789173789,
                                    84.85237483953789
                                ],
                                [
                                    27.920227920227926,
                                    89.73042362002569
                                ]
                            ],
                            "closed": true,
                            "polygonlabels": [
                                "Lower Legs"
                            ]
                        },
                        "id": "mVvAVy-HEA",
                        "from_name": "label",
                        "to_name": "image",
                        "type": "polygonlabels",
                        "origin": "manual"
                    },
                    {
                        "original_width": 527,
                        "original_height": 1168,
                        "image_rotation": 0,
                        "value": {
                            "points": [
                                [
                                    16.25857710364753,
                                    38.632421679781274
                                ],
                                [
                                    13.68805425143453,
                                    35.28909314806287
                                ],
                                [
                                    16.27462782392361,
                                    33.226031938905166
                                ],
                                [
                                    29.35114963283977,
                                    33.61457077809026
                                ],
                                [
                                    29.357569920950205,
                                    36.444420490809975
                                ],
                                [
                                    25.93555635809157,
                                    38.50290873338625
                                ]
                            ],
                            "closed": true,
                            "polygonlabels": [
                                "Lower Arms"
                            ]
                        },
                        "id": "T9S2D2sqh3",
                        "from_name": "label",
                        "to_name": "image",
                        "type": "polygonlabels",
                        "origin": "manual"
                    },
                    {
                        "original_width": 527,
                        "original_height": 1168,
                        "image_rotation": 0,
                        "value": {
                            "points": [
                                [
                                    21.09546165884194,
                                    15.904124489215961
                                ],
                                [
                                    20.51282051282051,
                                    20.410783055198973
                                ],
                                [
                                    19.347538220777658,
                                    27.08143473560087
                                ],
                                [
                                    17.094017094017094,
                                    32.18649864280884
                                ],
                                [
                                    28.1826571967417,
                                    27.35646601142589
                                ],
                                [
                                    29.059829059829056,
                                    17.458279845956355
                                ]
                            ],
                            "closed": true,
                            "polygonlabels": [
                                "Lower Arms"
                            ]
                        },
                        "id": "8sJxl_nH_f",
                        "from_name": "label",
                        "to_name": "image",
                        "type": "polygonlabels",
                        "origin": "manual"
                    }
                ],
                "was_cancelled": false,
                "ground_truth": false,
                "created_at": "2023-05-31T14:39:55.587444Z",
                "updated_at": "2023-06-01T10:56:46.788554Z",
                "lead_time": 1421.034,
                "prediction": {},
                "result_count": 0,
                "unique_id": "e4b9c96a-8621-48fe-a11d-d85131a26263",
                "last_action": null,
                "task": 76,
                "project": 2,
                "updated_by": 1,
                "parent_prediction": null,
                "parent_annotation": null,
                "last_created_by": null
            }
        ],
        "file_upload": "right3_tactilus_colorful.png",
        "drafts": [],
        "predictions": [],
        "data": {
            "image": "right3_tactilus_colorful.png"
        },
        "meta": {},
        "created_at": "2023-05-31T13:38:31.335112Z",
        "updated_at": "2023-06-01T10:56:46.837538Z",
        "inner_id": 18,
        "total_annotations": 1,
        "cancelled_annotations": 0,
        "total_predictions": 0,
        "comment_count": 0,
        "unresolved_comment_count": 0,
        "last_comment_updated_at": null,
        "project": 2,
        "updated_by": 1,
        "comment_authors": []
    }
]