[
    {
        "id": 84,
        "annotations": [
            {
                "id": 21,
                "completed_by": 1,
                "result": [
                    {
                        "original_width": 527,
                        "original_height": 1168,
                        "image_rotation": 0,
                        "value": {
                            "points": [
                                [
                                    29.418562657999285,
                                    40.190006761457745
                                ],
                                [
                                    29.399301793667995,
                                    29.654545038821222
                                ],
                                [
                                    25.98049837486457,
                                    24.391387144084376
                                ],
                                [
                                    23.701296095662283,
                                    17.587792792351387
                                ],
                                [
                                    31.108703503069705,
                                    16.047356335355243
                                ],
                                [
                                    55.6101280044942,
                                    16.81757456385332
                                ],
                                [
                                    68.43064082500703,
                                    17.587792792351387
                                ],
                                [
                                    71.8494442438105,
                                    20.540296001594015
                                ],
                                [
                                    68.71554110990733,
                                    31.066611791067693
                                ],
                                [
                                    67.57593997030618,
                                    36.20139998105485
                                ],
                                [
                                    67.00613940050559,
                                    40.56596994254393
                                ],
                                [
                                    55.04032743469364,
                                    41.4645578757917
                                ],
                                [
                                    42.78961518398138,
                                    41.4645578757917
                                ]
                            ],
                            "closed": true,
                            "polygonlabels": [
                                "Torso"
                            ]
                        },
                        "id": "Nzn8JMDEr4",
                        "from_name": "label",
                        "to_name": "image",
                        "type": "polygonlabels",
                        "origin": "manual"
                    },
                    {
                        "original_width": 527,
                        "original_height": 1168,
                        "image_rotation": 0,
                        "value": {
                            "points": [
                                [
                                    84.37542634725732,
                                    32.60476176477314
                                ],
                                [
                                    84.37542634725732,
                                    25.54442800354078
                                ],
                                [
                                    80.95662292845392,
                                    20.02453069930458
                                ],
                                [
                                    76.68311865494968,
                                    19.254312470806507
                                ],
                                [
                                    69.00686168291806,
                                    17.47199874570059
                                ],
                                [
                                    75.25861723044821,
                                    30.29410707927891
                                ],
                                [
                                    74.97371694554792,
                                    34.27356792651896
                                ],
                                [
                                    78.10762007945105,
                                    35.55726497401575
                                ],
                                [
                                    84.09052606235706,
                                    33.76008910752024
                                ]
                            ],
                            "closed": true,
                            "polygonlabels": [
                                "Upper Arms"
                            ]
                        },
                        "id": "vaf8EmYreD",
                        "from_name": "label",
                        "to_name": "image",
                        "type": "polygonlabels",
                        "origin": "manual"
                    },
                    {
                        "original_width": 527,
                        "original_height": 1168,
                        "image_rotation": 0,
                        "value": {
                            "points": [
                                [
                                    23.438866819148497,
                                    17.72187870532784
                                ],
                                [
                                    26.838409373620646,
                                    26.688322929834367
                                ],
                                [
                                    24.55278680630793,
                                    30.027078494971366
                                ],
                                [
                                    23.38750451426508,
                                    32.85921469098179
                                ],
                                [
                                    22.15601300108342,
                                    36.175987352480995
                                ],
                                [
                                    18.012920829822235,
                                    35.68220495382938
                                ],
                                [
                                    13.172826130572611,
                                    35.80714493364299
                                ],
                                [
                                    10.592672846193969,
                                    33.107951408963686
                                ],
                                [
                                    12.871875125396251,
                                    28.486642037975212
                                ],
                                [
                                    15.7208779743991,
                                    24.250441781235814
                                ]
                            ],
                            "closed": true,
                            "polygonlabels": [
                                "Upper Arms"
                            ]
                        },
                        "id": "dl8Lj1zxPM",
                        "from_name": "label",
                        "to_name": "image",
                        "type": "polygonlabels",
                        "origin": "manual"
                    },
                    {
                        "original_width": 527,
                        "original_height": 1168,
                        "image_rotation": 0,
                        "value": {
                            "points": [
                                [
                                    28.839131656033068,
                                    64.31322207958921
                                ],
                                [
                                    42.51434533124673,
                                    64.69833119383827
                                ],
                                [
                                    46.21804903495044,
                                    61.360718870346595
                                ],
                                [
                                    49.636852453753846,
                                    53.658536585365844
                                ],
                                [
                                    51.061353878255275,
                                    61.10397946084723
                                ],
                                [
                                    53.34055615745756,
                                    64.44159178433888
                                ],
                                [
                                    65.59126840816981,
                                    65.46854942233634
                                ],
                                [
                                    69.01007182697325,
                                    62.77278562259306
                                ],
                                [
                                    68.44027125717265,
                                    55.327342747111665
                                ],
                                [
                                    71.26680309778904,
                                    49.80287247629406
                                ],
                                [
                                    70.70663296015408,
                                    44.02623576255852
                                ],
                                [
                                    67.32635127001323,
                                    40.56139697596252
                                ],
                                [
                                    27.96838008105615,
                                    40.438743479439616
                                ],
                                [
                                    25.99012880703022,
                                    46.72657252888317
                                ],
                                [
                                    23.995826812728215,
                                    50.96277278562259
                                ],
                                [
                                    26.559929376830794,
                                    55.96919127086007
                                ],
                                [
                                    28.554231371132783,
                                    61.10397946084723
                                ]
                            ],
                            "closed": true,
                            "polygonlabels": [
                                "Upper Legs"
                            ]
                        },
                        "id": "8tZzdAwFEv",
                        "from_name": "label",
                        "to_name": "image",
                        "type": "polygonlabels",
                        "origin": "manual"
                    },
                    {
                        "original_width": 527,
                        "original_height": 1168,
                        "image_rotation": 0,
                        "value": {
                            "points": [
                                [
                                    41.12676056338028,
                                    12.086513994910941
                                ],
                                [
                                    41.9718309859155,
                                    7.124681933842239
                                ],
                                [
                                    53.23943661971832,
                                    6.361323155216285
                                ],
                                [
                                    58.028169014084504,
                                    8.142493638676845
                                ],
                                [
                                    58.028169014084504,
                                    11.83206106870229
                                ],
                                [
                                    52.67605633802817,
                                    14.376590330788805
                                ],
                                [
                                    49.29577464788732,
                                    14.50381679389313
                                ]
                            ],
                            "closed": true,
                            "polygonlabels": [
                                "Head"
                            ]
                        },
                        "id": "mLSDMR-RDQ",
                        "from_name": "label",
                        "to_name": "image",
                        "type": "polygonlabels",
                        "origin": "manual"
                    },
                    {
                        "original_width": 527,
                        "original_height": 1168,
                        "image_rotation": 0,
                        "value": {
                            "points": [
                                [
                                    74.68881666064763,
                                    34.66210676570406
                                ],
                                [
                                    84.94522691705788,
                                    33.12052706706258
                                ],
                                [
                                    83.79920548934633,
                                    41.97003400327294
                                ],
                                [
                                    83.79920548934633,
                                    47.61830101225883
                                ],
                                [
                                    82.3747040648449,
                                    49.54384658350401
                                ],
                                [
                                    76.39179808193893,
                                    48.77362835500593
                                ],
                                [
                                    76.6766983668392,
                                    44.152318984017484
                                ],
                                [
                                    77.53139922154007,
                                    40.172858136777435
                                ]
                            ],
                            "closed": true,
                            "polygonlabels": [
                                "Lower Arms"
                            ]
                        },
                        "id": "EUr6VBnKUi",
                        "from_name": "label",
                        "to_name": "image",
                        "type": "polygonlabels",
                        "origin": "manual"
                    },
                    {
                        "original_width": 527,
                        "original_height": 1168,
                        "image_rotation": 0,
                        "value": {
                            "points": [
                                [
                                    15.740138838730388,
                                    48.261292777652564
                                ],
                                [
                                    15.410296537057096,
                                    45.54152090335689
                                ],
                                [
                                    13.985795112555675,
                                    41.30532064661748
                                ],
                                [
                                    12.84619397295453,
                                    35.40031422813224
                                ],
                                [
                                    23.102604229364797,
                                    36.940750685128386
                                ],
                                [
                                    23.957305084065645,
                                    43.23086621786267
                                ],
                                [
                                    23.125075237751297,
                                    47.22633244813765
                                ],
                                [
                                    20.31138397335581,
                                    50.2992026706125
                                ]
                            ],
                            "closed": true,
                            "polygonlabels": [
                                "Lower Arms"
                            ]
                        },
                        "id": "G4sLaBTDMP",
                        "from_name": "label",
                        "to_name": "image",
                        "type": "polygonlabels",
                        "origin": "manual"
                    },
                    {
                        "original_width": 527,
                        "original_height": 1168,
                        "image_rotation": 0,
                        "value": {
                            "points": [
                                [
                                    51.549295774647895,
                                    81.29770992366414
                                ],
                                [
                                    50.70422535211268,
                                    77.60814249363862
                                ],
                                [
                                    50.42253521126759,
                                    74.55470737913484
                                ],
                                [
                                    54.084507042253534,
                                    70.48346055979641
                                ],
                                [
                                    61.126760563380294,
                                    71.37404580152673
                                ],
                                [
                                    63.66197183098591,
                                    74.93638676844782
                                ],
                                [
                                    63.66197183098591,
                                    79.26208651399486
                                ],
                                [
                                    60.28169014084506,
                                    82.82442748091603
                                ],
                                [
                                    58.309859154929576,
                                    83.46055979643766
                                ]
                            ],
                            "closed": true,
                            "polygonlabels": [
                                "Lower Legs"
                            ]
                        },
                        "id": "sV8H3T4nXk",
                        "from_name": "label",
                        "to_name": "image",
                        "type": "polygonlabels",
                        "origin": "manual"
                    },
                    {
                        "original_width": 527,
                        "original_height": 1168,
                        "image_rotation": 0,
                        "value": {
                            "points": [
                                [
                                    38.30985915492957,
                                    75.69974554707379
                                ],
                                [
                                    38.87323943661972,
                                    72.13740458015268
                                ],
                                [
                                    34.929577464788736,
                                    68.57506361323153
                                ],
                                [
                                    28.732394366197184,
                                    68.57506361323153
                                ],
                                [
                                    24.788732394366196,
                                    70.73791348600514
                                ],
                                [
                                    24.225352112676056,
                                    73.91857506361323
                                ],
                                [
                                    25.352112676056333,
                                    78.24427480916029
                                ],
                                [
                                    29.295774647887324,
                                    80.6615776081425
                                ],
                                [
                                    33.23943661971831,
                                    81.80661577608143
                                ]
                            ],
                            "closed": true,
                            "polygonlabels": [
                                "Lower Legs"
                            ]
                        },
                        "id": "pfHTB3XZ5V",
                        "from_name": "label",
                        "to_name": "image",
                        "type": "polygonlabels",
                        "origin": "manual"
                    },
                    {
                        "original_width": 527,
                        "original_height": 1168,
                        "image_rotation": 0,
                        "value": {
                            "points": [
                                [
                                    58.87323943661972,
                                    88.16793893129771
                                ],
                                [
                                    58.87323943661972,
                                    91.85750636132316
                                ],
                                [
                                    53.2394366197183,
                                    92.36641221374046
                                ],
                                [
                                    51.54929577464789,
                                    89.44020356234097
                                ]
                            ],
                            "closed": true,
                            "polygonlabels": [
                                "Lower Legs"
                            ]
                        },
                        "id": "qtQxUPVN2J",
                        "from_name": "label",
                        "to_name": "image",
                        "type": "polygonlabels",
                        "origin": "manual"
                    }
                ],
                "was_cancelled": false,
                "ground_truth": false,
                "created_at": "2023-05-31T14:36:48.420960Z",
                "updated_at": "2023-06-01T10:57:09.214602Z",
                "lead_time": 85.493,
                "prediction": {},
                "result_count": 0,
                "unique_id": "b9d94210-2e99-4f31-a532-9a102c48c7f5",
                "last_action": null,
                "task": 84,
                "project": 2,
                "updated_by": 1,
                "parent_prediction": null,
                "parent_annotation": null,
                "last_created_by": null
            }
        ],
        "file_upload": "supine4_tactilus_colorful.png",
        "drafts": [],
        "predictions": [],
        "data": {
            "image": "supine4_tactilus_colorful.png"
        },
        "meta": {},
        "created_at": "2023-05-31T13:38:31.335644Z",
        "updated_at": "2023-06-01T10:57:09.272800Z",
        "inner_id": 26,
        "total_annotations": 1,
        "cancelled_annotations": 0,
        "total_predictions": 0,
        "comment_count": 0,
        "unresolved_comment_count": 0,
        "last_comment_updated_at": null,
        "project": 2,
        "updated_by": 1,
        "comment_authors": []
    }
]