[
    {
        "id": 86,
        "annotations": [
            {
                "id": 22,
                "completed_by": 1,
                "result": [
                    {
                        "original_width": 527,
                        "original_height": 1168,
                        "image_rotation": 0,
                        "value": {
                            "points": [
                                [
                                    27.446731672083793,
                                    40.69891261387505
                                ],
                                [
                                    29.399301793667995,
                                    29.654545038821222
                                ],
                                [
                                    27.670639219934998,
                                    25.28197238581466
                                ],
                                [
                                    25.67312708157778,
                                    19.49618973891627
                                ],
                                [
                                    41.812928855182385,
                                    17.065168040189853
                                ],
                                [
                                    55.6101280044942,
                                    16.81757456385332
                                ],
                                [
                                    65.33204927571124,
                                    18.86005742339464
                                ],
                                [
                                    68.75085269451472,
                                    19.904163686072387
                                ],
                                [
                                    72.09582280004818,
                                    26.23200619310332
                                ],
                                [
                                    67.57593997030618,
                                    36.20139998105485
                                ],
                                [
                                    67.00613940050559,
                                    40.56596994254393
                                ],
                                [
                                    55.04032743469364,
                                    41.4645578757917
                                ],
                                [
                                    42.78961518398138,
                                    41.4645578757917
                                ]
                            ],
                            "closed": true,
                            "polygonlabels": [
                                "Torso"
                            ]
                        },
                        "id": "CqQwUQRRnV",
                        "from_name": "label",
                        "to_name": "image",
                        "type": "polygonlabels",
                        "origin": "manual"
                    },
                    {
                        "original_width": 527,
                        "original_height": 1168,
                        "image_rotation": 0,
                        "value": {
                            "points": [
                                [
                                    86.62894747401789,
                                    28.151835556121743
                                ],
                                [
                                    84.37542634725732,
                                    25.54442800354078
                                ],
                                [
                                    82.0833834918342,
                                    22.823512887599744
                                ],
                                [
                                    77.24649893663982,
                                    20.653803564954092
                                ],
                                [
                                    69.28855182376313,
                                    20.0165280077871
                                ],
                                [
                                    75.25861723044821,
                                    30.29410707927891
                                ],
                                [
                                    77.22723807230848,
                                    34.27356792651896
                                ],
                                [
                                    82.05128205128204,
                                    33.64886802745087
                                ],
                                [
                                    87.75249789334293,
                                    32.86950386578996
                                ]
                            ],
                            "closed": true,
                            "polygonlabels": [
                                "Upper Arms"
                            ]
                        },
                        "id": "_NMdk2CqDB",
                        "from_name": "label",
                        "to_name": "image",
                        "type": "polygonlabels",
                        "origin": "manual"
                    },
                    {
                        "original_width": 527,
                        "original_height": 1168,
                        "image_rotation": 0,
                        "value": {
                            "points": [
                                [
                                    25.69238794590906,
                                    19.757502114997042
                                ],
                                [
                                    28.246860077845998,
                                    26.43387000362572
                                ],
                                [
                                    25.679547369688215,
                                    28.754813863928106
                                ],
                                [
                                    23.950884795955222,
                                    31.459723596834205
                                ],
                                [
                                    21.87432286023835,
                                    35.285402110750724
                                ],
                                [
                                    16.886160266441948,
                                    34.66439324899477
                                ],
                                [
                                    10.919305003812047,
                                    33.8987479870781
                                ],
                                [
                                    13.127884113799603,
                                    27.63721349547769
                                ],
                                [
                                    15.970466674692027,
                                    24.28816875553247
                                ],
                                [
                                    20.509610368765298,
                                    21.96036544535795
                                ]
                            ],
                            "closed": true,
                            "polygonlabels": [
                                "Upper Arms"
                            ]
                        },
                        "id": "ko9o4PiZKf",
                        "from_name": "label",
                        "to_name": "image",
                        "type": "polygonlabels",
                        "origin": "manual"
                    },
                    {
                        "original_width": 527,
                        "original_height": 1168,
                        "image_rotation": 0,
                        "value": {
                            "points": [
                                [
                                    28.839131656033068,
                                    64.31322207958921
                                ],
                                [
                                    36.035472091810114,
                                    64.06219887831665
                                ],
                                [
                                    41.992696922274384,
                                    59.32509546067738
                                ],
                                [
                                    48.228401749528494,
                                    53.78576304847017
                                ],
                                [
                                    49.65290317402993,
                                    60.213394219116964
                                ],
                                [
                                    53.34055615745756,
                                    64.44159178433888
                                ],
                                [
                                    60.80253601380361,
                                    63.56015247577147
                                ],
                                [
                                    65.06640985514225,
                                    59.846576971193564
                                ],
                                [
                                    70.13041210224307,
                                    56.09070152573762
                                ],
                                [
                                    71.26680309778904,
                                    53.49243990631951
                                ],
                                [
                                    71.83339352353435,
                                    47.58857672947964
                                ],
                                [
                                    67.32635127001323,
                                    40.81584990217117
                                ],
                                [
                                    27.686689940211075,
                                    40.693196405648266
                                ],
                                [
                                    24.299987961959797,
                                    44.182043266796654
                                ],
                                [
                                    21.460615545122582,
                                    48.67269644974473
                                ],
                                [
                                    22.052887123309667,
                                    53.55188847187789
                                ],
                                [
                                    24.328879258456727,
                                    57.54163849392611
                                ]
                            ],
                            "closed": true,
                            "polygonlabels": [
                                "Upper Legs"
                            ]
                        },
                        "id": "3mvFPuAkp7",
                        "from_name": "label",
                        "to_name": "image",
                        "type": "polygonlabels",
                        "origin": "manual"
                    },
                    {
                        "original_width": 527,
                        "original_height": 1168,
                        "image_rotation": 0,
                        "value": {
                            "points": [
                                [
                                    41.12676056338028,
                                    12.086513994910941
                                ],
                                [
                                    41.9718309859155,
                                    7.124681933842239
                                ],
                                [
                                    53.23943661971832,
                                    6.361323155216285
                                ],
                                [
                                    58.028169014084504,
                                    8.142493638676845
                                ],
                                [
                                    58.028169014084504,
                                    11.83206106870229
                                ],
                                [
                                    52.67605633802817,
                                    14.376590330788805
                                ],
                                [
                                    49.29577464788732,
                                    14.50381679389313
                                ]
                            ],
                            "closed": true,
                            "polygonlabels": [
                                "Head"
                            ]
                        },
                        "id": "ze3xqIlsy2",
                        "from_name": "label",
                        "to_name": "image",
                        "type": "polygonlabels",
                        "origin": "manual"
                    },
                    {
                        "original_width": 527,
                        "original_height": 1168,
                        "image_rotation": 0,
                        "value": {
                            "points": [
                                [
                                    77.50571806909832,
                                    34.66210676570406
                                ],
                                [
                                    87.76212832550858,
                                    32.99330060395824
                                ],
                                [
                                    86.0527266161069,
                                    40.952222298438336
                                ],
                                [
                                    86.0527266161069,
                                    46.600489307424226
                                ],
                                [
                                    84.62822519160545,
                                    48.52603487866941
                                ],
                                [
                                    78.64531920869949,
                                    47.755816650171326
                                ],
                                [
                                    78.93021949359976,
                                    43.13450727918288
                                ],
                                [
                                    79.78492034830063,
                                    39.15504643194283
                                ]
                            ],
                            "closed": true,
                            "polygonlabels": [
                                "Lower Arms"
                            ]
                        },
                        "id": "L2aZGZS6o0",
                        "from_name": "label",
                        "to_name": "image",
                        "type": "polygonlabels",
                        "origin": "manual"
                    },
                    {
                        "original_width": 527,
                        "original_height": 1168,
                        "image_rotation": 0,
                        "value": {
                            "points": [
                                [
                                    14.89506841619518,
                                    46.480122294192014
                                ],
                                [
                                    13.438465551141604,
                                    44.014803346104976
                                ],
                                [
                                    12.013964126640182,
                                    39.778603089365575
                                ],
                                [
                                    10.87436298703904,
                                    33.87359667088033
                                ],
                                [
                                    21.1307732434493,
                                    35.41403312787648
                                ],
                                [
                                    21.985474098150153,
                                    39.66852525094155
                                ],
                                [
                                    22.561694956061157,
                                    44.0456708705295
                                ],
                                [
                                    21.156454395891018,
                                    46.73686170369138
                                ]
                            ],
                            "closed": true,
                            "polygonlabels": [
                                "Lower Arms"
                            ]
                        },
                        "id": "vR4xgggWOW",
                        "from_name": "label",
                        "to_name": "image",
                        "type": "polygonlabels",
                        "origin": "manual"
                    },
                    {
                        "original_width": 527,
                        "original_height": 1168,
                        "image_rotation": 0,
                        "value": {
                            "points": [
                                [
                                    51.549295774647895,
                                    81.29770992366414
                                ],
                                [
                                    50.70422535211268,
                                    77.60814249363862
                                ],
                                [
                                    50.42253521126759,
                                    74.55470737913484
                                ],
                                [
                                    54.3661971830986,
                                    72.01017811704833
                                ],
                                [
                                    61.126760563380294,
                                    71.37404580152673
                                ],
                                [
                                    63.66197183098591,
                                    74.93638676844782
                                ],
                                [
                                    63.66197183098591,
                                    79.26208651399486
                                ],
                                [
                                    60.28169014084506,
                                    82.82442748091603
                                ],
                                [
                                    58.309859154929576,
                                    83.46055979643766
                                ]
                            ],
                            "closed": true,
                            "polygonlabels": [
                                "Lower Legs"
                            ]
                        },
                        "id": "65q1RciXqk",
                        "from_name": "label",
                        "to_name": "image",
                        "type": "polygonlabels",
                        "origin": "manual"
                    },
                    {
                        "original_width": 527,
                        "original_height": 1168,
                        "image_rotation": 0,
                        "value": {
                            "points": [
                                [
                                    34.64788732394365,
                                    76.33587786259542
                                ],
                                [
                                    35.2112676056338,
                                    72.7735368956743
                                ],
                                [
                                    31.267605633802823,
                                    69.21119592875316
                                ],
                                [
                                    25.070422535211268,
                                    69.21119592875316
                                ],
                                [
                                    21.126760563380277,
                                    71.37404580152678
                                ],
                                [
                                    20.56338028169014,
                                    74.55470737913484
                                ],
                                [
                                    21.690140845070417,
                                    78.88040712468191
                                ],
                                [
                                    25.633802816901408,
                                    81.2977099236641
                                ],
                                [
                                    29.577464788732396,
                                    82.44274809160305
                                ]
                            ],
                            "closed": true,
                            "polygonlabels": [
                                "Lower Legs"
                            ]
                        },
                        "id": "-na0BDqP0X",
                        "from_name": "label",
                        "to_name": "image",
                        "type": "polygonlabels",
                        "origin": "manual"
                    },
                    {
                        "original_width": 527,
                        "original_height": 1168,
                        "image_rotation": 0,
                        "value": {
                            "points": [
                                [
                                    55.774647887323944,
                                    87.40458015267176
                                ],
                                [
                                    55.774647887323944,
                                    91.0941475826972
                                ],
                                [
                                    50.14084507042252,
                                    91.6030534351145
                                ],
                                [
                                    48.45070422535211,
                                    88.67684478371501
                                ]
                            ],
                            "closed": true,
                            "polygonlabels": [
                                "Lower Legs"
                            ]
                        },
                        "id": "xjji4P94f1",
                        "from_name": "label",
                        "to_name": "image",
                        "type": "polygonlabels",
                        "origin": "manual"
                    },
                    {
                        "original_width": 527,
                        "original_height": 1168,
                        "image_rotation": 0,
                        "value": {
                            "points": [
                                [
                                    26.760563380281692,
                                    90.96692111959288
                                ],
                                [
                                    19.43661971830986,
                                    89.31297709923665
                                ],
                                [
                                    23.380281690140844,
                                    86.38676844783716
                                ],
                                [
                                    30.14084507042253,
                                    88.16793893129771
                                ]
                            ],
                            "closed": true,
                            "polygonlabels": [
                                "Lower Legs"
                            ]
                        },
                        "id": "XRSG1lKWhp",
                        "from_name": "label",
                        "to_name": "image",
                        "type": "polygonlabels",
                        "origin": "manual"
                    }
                ],
                "was_cancelled": false,
                "ground_truth": false,
                "created_at": "2023-05-31T14:37:37.742971Z",
                "updated_at": "2023-06-01T10:57:18.558482Z",
                "lead_time": 181.376,
                "prediction": {},
                "result_count": 0,
                "unique_id": "3c7a40aa-65d2-401e-9b93-1d55111d6073",
                "last_action": null,
                "task": 86,
                "project": 2,
                "updated_by": 1,
                "parent_prediction": null,
                "parent_annotation": null,
                "last_created_by": null
            }
        ],
        "file_upload": "supine6_tactilus_colorful.png",
        "drafts": [],
        "predictions": [],
        "data": {
            "image": "supine6_tactilus_colorful.png"
        },
        "meta": {},
        "created_at": "2023-05-31T13:38:31.335754Z",
        "updated_at": "2023-06-01T10:57:18.609233Z",
        "inner_id": 28,
        "total_annotations": 1,
        "cancelled_annotations": 0,
        "total_predictions": 0,
        "comment_count": 0,
        "unresolved_comment_count": 0,
        "last_comment_updated_at": null,
        "project": 2,
        "updated_by": 1,
        "comment_authors": []
    }
]