{"categories": [{"id": 0, "name": "body-parts", "supercategory": "none"}, {"id": 1, "name": "Head", "supercategory": "body-parts"}, {"id": 2, "name": "Lower_Arm", "supercategory": "body-parts"}, {"id": 3, "name": "Lower_Leg", "supercategory": "body-parts"}, {"id": 4, "name": "Torso", "supercategory": "body-parts"}, {"id": 5, "name": "Upper_Arm", "supercategory": "body-parts"}, {"id": 6, "name": "Upper_Leg", "supercategory": "body-parts"}], "images": [{"id": 493, "license": 1, "file_name": "14_left4.jpg", "height": 64, "width": 27, "date_captured": "2023-06-08T19:45:40+00:00"}], "annotations": [{"id": 2765, "image_id": 493, "category_id": 1, "bbox": [11, 1, 11, 5], "area": 55, "segmentation": [[19, 5.5, 22, 3.5, 19.5, 1, 14.5, 1, 13.5, 2, 11, 2.5, 11, 3.5, 12.5, 5, 14.5, 5, 15.5, 6]], "iscrowd": 0}, {"id": 2766, "image_id": 493, "category_id": 4, "bbox": [10, 8, 14, 19.5], "area": 273, "segmentation": [[13, 27.5, 13.5, 25, 18.5, 25, 19.5, 26, 21, 25.5, 21, 21.5, 22, 20.5, 22, 18.5, 24, 18.5, 24, 9.5, 22.5, 8, 18.5, 8, 17.5, 9, 11, 9.5, 11, 12.5, 10, 13.5, 10, 23.5, 12, 27.5]], "iscrowd": 0}, {"id": 2767, "image_id": 493, "category_id": 6, "bbox": [10, 24, 12, 22], "area": 264, "segmentation": [[20, 45.5, 21, 44.5, 21, 39.5, 22, 38.5, 22, 35.5, 21, 34.5, 21, 26.5, 19.5, 25, 15.5, 25, 14.5, 24, 13.5, 25, 11.5, 25, 10, 27.5, 10, 35.5, 11, 37.5, 15, 40.5, 16, 44.5, 17.5, 46]], "iscrowd": 0}, {"id": 2768, "image_id": 493, "category_id": 3, "bbox": [14, 52, 5, 11.5], "area": 57.5, "segmentation": [[17, 63.5, 19, 59.5, 18.5, 52, 17.5, 52, 14, 56.5, 14, 60.5, 15, 61.5, 15, 63.5]], "iscrowd": 0}]}