{"categories": [{"id": 0, "name": "body-parts", "supercategory": "none"}, {"id": 1, "name": "Head", "supercategory": "body-parts"}, {"id": 2, "name": "Lower_Arm", "supercategory": "body-parts"}, {"id": 3, "name": "Lower_Leg", "supercategory": "body-parts"}, {"id": 4, "name": "Torso", "supercategory": "body-parts"}, {"id": 5, "name": "Upper_Arm", "supercategory": "body-parts"}, {"id": 6, "name": "Upper_Leg", "supercategory": "body-parts"}], "images": [{"id": 558, "license": 1, "file_name": "14_left3.jpg", "height": 64, "width": 27, "date_captured": "2023-06-08T19:45:40+00:00"}], "annotations": [{"id": 3143, "image_id": 558, "category_id": 1, "bbox": [13, 0, 5.7, 5.6], "area": 31.92, "segmentation": [[19, 5.5, 18.7, 2.3, 16.5, 0.4, 13.3, 2.3, 13.7, 4, 14.5, 5, 15.5, 6]], "iscrowd": 0}, {"id": 3144, "image_id": 558, "category_id": 4, "bbox": [12, 8, 8.1, 15.7], "area": 127.17, "segmentation": [[19.5, 13.4, 19.8, 10.3, 19.6, 8.3, 17.5, 8, 13, 8.6, 12.4, 11.6, 12.1, 16.9, 13, 23.1, 19.1, 23.7, 20.2, 21.8, 19.6, 16.7]], "iscrowd": 0}, {"id": 3145, "image_id": 558, "category_id": 6, "bbox": [11, 24, 12, 13.7], "area": 164.4, "segmentation": [[22, 37.5, 23, 36.5, 23, 34.5, 22, 33.5, 22, 31.5, 21, 30.5, 20, 26.5, 18.5, 25, 15.9, 24.3, 13.2, 24.5, 11, 28.5, 11, 36.5, 13.5, 37, 14.5, 38]], "iscrowd": 0}, {"id": 3146, "image_id": 558, "category_id": 3, "bbox": [11, 46, 4.8, 10.6], "area": 50.88, "segmentation": [[11.8, 56.3, 12.8, 56.6, 14, 56.5, 13.8, 53.8, 14.6, 51, 15.8, 48.8, 15.8, 47.4, 14.9, 46.4, 12.5, 46, 11, 47.5, 11, 55.2]], "iscrowd": 0}, {"id": 3147, "image_id": 558, "category_id": 5, "bbox": [19, 9, 4, 8], "area": 32, "segmentation": [[22, 16.5, 23, 15.5, 23, 12.5, 20.5, 9, 19, 10.5, 19, 13.5, 20, 15.5, 21.5, 17]], "iscrowd": 0}]}