{"categories": [{"id": 0, "name": "body-parts", "supercategory": "none"}, {"id": 1, "name": "Head", "supercategory": "body-parts"}, {"id": 2, "name": "Lower_Arm", "supercategory": "body-parts"}, {"id": 3, "name": "Lower_Leg", "supercategory": "body-parts"}, {"id": 4, "name": "Torso", "supercategory": "body-parts"}, {"id": 5, "name": "Upper_Arm", "supercategory": "body-parts"}, {"id": 6, "name": "Upper_Leg", "supercategory": "body-parts"}], "images": [{"id": 882, "license": 1, "file_name": "14_left6.jpg", "height": 64, "width": 27, "date_captured": "2023-06-08T19:45:40+00:00"}], "annotations": [{"id": 4974, "image_id": 882, "category_id": 3, "bbox": [13, 51, 7, 12.4], "area": 86.8, "segmentation": [[16.4, 51.4, 19, 51.6, 19.7, 54.8, 18.3, 58.9, 16.5, 62, 15.4, 63.8, 12.7, 63.4, 13.6, 60.2, 14.3, 55.6]], "iscrowd": 0}, {"id": 4975, "image_id": 882, "category_id": 3, "bbox": [9, 26, 13.6, 18.2], "area": 247.52, "segmentation": [[19.9, 43.1, 21.6, 40.1, 22.8, 37.2, 22.6, 33.4, 22.6, 29.3, 21, 25.5, 17.8, 25.6, 13.1, 25.8, 10.5, 27.6, 9.2, 33.3, 10.4, 37.1, 13.7, 40.4, 16.2, 43.7, 18.8, 43.7]], "iscrowd": 0}, {"id": 4976, "image_id": 882, "category_id": 4, "bbox": [12, 12, 9.6, 13.8], "area": 132.48, "segmentation": [[11.5, 20.3, 12.2, 15.8, 13.2, 12.4, 15.6, 11.8, 18.4, 14.1, 20, 17.6, 21.1, 20.2, 20.6, 23.7, 19.8, 25.1, 11.9, 25.6, 11.5, 22.6]], "iscrowd": 0}, {"id": 4977, "image_id": 882, "category_id": 5, "bbox": [18, 8, 5.5, 8.8], "area": 48.4, "segmentation": [[23, 15.1, 21.6, 10.3, 20.6, 7.5, 17.5, 8, 17.5, 11.2, 19.4, 14, 21.1, 16.3]], "iscrowd": 0}, {"id": 4978, "image_id": 882, "category_id": 2, "bbox": [19, 3, 5.3, 5], "area": 26.5, "segmentation": [[18.8, 5.9, 20.9, 2.5, 24.1, 3, 22.9, 6.6, 21.6, 7.5]], "iscrowd": 0}]}