{"categories": [{"id": 0, "name": "body-parts", "supercategory": "none"}, {"id": 1, "name": "Head", "supercategory": "body-parts"}, {"id": 2, "name": "Lower_Arm", "supercategory": "body-parts"}, {"id": 3, "name": "Lower_Leg", "supercategory": "body-parts"}, {"id": 4, "name": "Torso", "supercategory": "body-parts"}, {"id": 5, "name": "Upper_Arm", "supercategory": "body-parts"}, {"id": 6, "name": "Upper_Leg", "supercategory": "body-parts"}], "images": [{"id": 475, "license": 1, "file_name": "14_prone7.jpg", "height": 64, "width": 27, "date_captured": "2023-06-08T19:45:40+00:00"}], "annotations": [{"id": 2648, "image_id": 475, "category_id": 3, "bbox": [9, 45, 5.3, 13.7], "area": 72.61, "segmentation": [[8.7, 57.6, 9.4, 45.4, 14, 44.5, 12, 53.3, 12.4, 56.3, 11.2, 58.2]], "iscrowd": 0}, {"id": 2649, "image_id": 475, "category_id": 3, "bbox": [19, 45, 4.6, 12.4], "area": 57.04, "segmentation": [[19, 45, 22.3, 44.9, 23.6, 49.3, 23.4, 52.8, 23.3, 55.3, 21.4, 57.3, 20.2, 54.1, 20.5, 51.3, 19.1, 49.3]], "iscrowd": 0}, {"id": 2650, "image_id": 475, "category_id": 6, "bbox": [7, 24, 17.2, 21.4], "area": 368.08, "segmentation": [[9.3, 45.4, 8.8, 39.1, 9.1, 36.1, 8.6, 33.1, 7.2, 29.9, 7.2, 25.7, 10.3, 24.2, 13.9, 24, 17.5, 24.6, 23.3, 25.3, 24.4, 27.2, 23.3, 29.2, 23.1, 32.2, 22.8, 35, 23.2, 41.1, 22.6, 44, 19.1, 44, 18.8, 40.9, 17, 37.5, 15.7, 35.4, 14.5, 37.8, 14.6, 41.2, 14.1, 43.8, 12.9, 44.3]], "iscrowd": 0}, {"id": 2651, "image_id": 475, "category_id": 4, "bbox": [7, 9, 17.4, 17.1], "area": 297.54, "segmentation": [[7.3, 25.5, 13.9, 24, 23.7, 25.7, 24.7, 24.5, 23.5, 20, 23.8, 17.4, 22.7, 13, 22.1, 11.5, 20.8, 8.8, 18.3, 8.6, 10.9, 8.7, 8.5, 12.1, 8.2, 13.5, 8.2, 17.9, 7.3, 20.4]], "iscrowd": 0}, {"id": 2652, "image_id": 475, "category_id": 1, "bbox": [12, 1, 9.3, 5.9], "area": 54.87, "segmentation": [[14, 7.1, 12.2, 4.8, 12.4, 2, 16.3, 1.2, 18.7, 2, 21.5, 3.8, 18.6, 5.9, 16.4, 6.9]], "iscrowd": 0}]}