{"categories": [{"id": 0, "name": "body-parts", "supercategory": "none"}, {"id": 1, "name": "Head", "supercategory": "body-parts"}, {"id": 2, "name": "Lower_Arm", "supercategory": "body-parts"}, {"id": 3, "name": "Lower_Leg", "supercategory": "body-parts"}, {"id": 4, "name": "Torso", "supercategory": "body-parts"}, {"id": 5, "name": "Upper_Arm", "supercategory": "body-parts"}, {"id": 6, "name": "Upper_Leg", "supercategory": "body-parts"}], "images": [{"id": 1653, "license": 1, "file_name": "14_prone5.jpg", "height": 64, "width": 27, "date_captured": "2023-06-08T19:45:40+00:00"}], "annotations": [{"id": 9324, "image_id": 1653, "category_id": 1, "bbox": [12, 0, 6.5, 7], "area": 45.5, "segmentation": [[14.5, 7.2, 12.7, 5.6, 12.3, 3.6, 12.6, 1.7, 14.4, 0.3, 16.4, 0.2, 18.3, 1.1, 18.8, 3.5, 18.1, 5.1, 17, 7.1]], "iscrowd": 0}, {"id": 9325, "image_id": 1653, "category_id": 6, "bbox": [7, 28, 19.8, 22.5], "area": 445.5, "segmentation": [[15.7, 36.9, 14.6, 39.9, 13.9, 44.2, 13.4, 47.5, 11.4, 50.3, 8.5, 50.9, 7, 49.8, 7.3, 47.1, 7.6, 44.3, 8, 40.9, 8, 38.5, 7.7, 35.4, 7.9, 33.3, 8, 31.7, 8.3, 29.2, 12.6, 28.4, 15.8, 28.8, 18.7, 29, 20.2, 29.5, 20.6, 32.1, 21.3, 34.7, 22.6, 36.4, 24.3, 38.7, 25.6, 41.4, 26.7, 44.4, 26.8, 47.8, 25.7, 49.4, 23.3, 50, 22, 48.3, 20.3, 45.5, 19, 42.9, 18.1, 40.3, 17, 38.3]], "iscrowd": 0}, {"id": 9326, "image_id": 1653, "category_id": 3, "bbox": [8, 51, 4, 11], "area": 44, "segmentation": [[7.6, 51.1, 10.2, 51.5, 10.6, 52.5, 10.9, 54.4, 11.6, 56.9, 11.4, 59.4, 10.7, 62.1, 9, 61.7, 8.4, 59.1, 8, 57.3, 7.7, 55.1]], "iscrowd": 0}, {"id": 9327, "image_id": 1653, "category_id": 4, "bbox": [8, 9, 14.4, 20.1], "area": 289.44, "segmentation": [[20.5, 29.2, 8.6, 29.4, 9.2, 26.1, 9.8, 22.8, 8.9, 19.8, 8.9, 16.5, 8.9, 14.7, 7.8, 10.4, 12.5, 9.6, 17.2, 9.3, 19.5, 9.3, 21.2, 10.1, 22.2, 13.9, 21.6, 16.7, 21.4, 20.5]], "iscrowd": 0}, {"id": 9328, "image_id": 1653, "category_id": 5, "bbox": [4, 10, 4.8, 14], "area": 67.2, "segmentation": [[7.7, 10.3, 5.8, 11.3, 4.9, 13.2, 4.4, 16.6, 4.6, 19.6, 4.7, 23.1, 6, 24.2, 6.9, 24.2, 7.9, 22.9, 8.5, 19.9, 9.2, 15.3, 7.9, 10.2]], "iscrowd": 0}, {"id": 9329, "image_id": 1653, "category_id": 5, "bbox": [20, 9, 6.3, 12.9], "area": 81.27, "segmentation": [[19.9, 9.3, 21.8, 9, 23.3, 9.8, 24.9, 11.3, 25.7, 13.4, 26, 14.8, 26.2, 17.9, 26.2, 19.9, 26.2, 21.3, 25.4, 21.9, 24.3, 21.9, 22.9, 21.9, 22.4, 21.2, 22.2, 19.2, 22.1, 17.2, 21.8, 14.3, 21.8, 14.2]], "iscrowd": 0}, {"id": 9330, "image_id": 1653, "category_id": 2, "bbox": [5, 23, 3.1, 12.6], "area": 39.06, "segmentation": [[7.8, 23.3, 7.6, 26.9, 7.7, 29.8, 7.4, 32.4, 7.3, 35.2, 5.9, 35.5, 5.2, 34.1, 5.1, 32.4, 4.7, 29.4, 4.7, 27.1, 4.7, 25.5, 4.7, 24, 5.5, 22.9]], "iscrowd": 0}, {"id": 9331, "image_id": 1653, "category_id": 2, "bbox": [23, 21, 3.3, 14.6], "area": 48.18, "segmentation": [[23.1, 21.7, 23.1, 24.6, 23.2, 28.2, 23.4, 31.9, 24, 35.3, 25.9, 35.8, 26.3, 33, 26.4, 29.2, 26.4, 26.4, 26.4, 23.2, 25.8, 21.2]], "iscrowd": 0}]}