{"categories": [{"id": 0, "name": "body-parts", "supercategory": "none"}, {"id": 1, "name": "Head", "supercategory": "body-parts"}, {"id": 2, "name": "Lower_Arm", "supercategory": "body-parts"}, {"id": 3, "name": "Lower_Leg", "supercategory": "body-parts"}, {"id": 4, "name": "Torso", "supercategory": "body-parts"}, {"id": 5, "name": "Upper_Arm", "supercategory": "body-parts"}, {"id": 6, "name": "Upper_Leg", "supercategory": "body-parts"}], "images": [{"id": 1323, "license": 1, "file_name": "14_prone4.jpg", "height": 64, "width": 27, "date_captured": "2023-06-08T19:45:40+00:00"}], "annotations": [{"id": 7484, "image_id": 1323, "category_id": 1, "bbox": [11, 2, 7, 4], "area": 28, "segmentation": [[18, 5.5, 18, 4.5, 15.5, 2, 13.5, 2, 11, 3.5, 11, 4.5, 12.5, 6]], "iscrowd": 0}, {"id": 7485, "image_id": 1323, "category_id": 4, "bbox": [10, 9, 12, 19.2], "area": 230.4, "segmentation": [[19, 27.5, 21, 26.5, 21, 22.5, 21.3, 21.1, 20.8, 19.3, 20.8, 16.7, 21.5, 13.6, 21.2, 10, 20.5, 9, 18.8, 8.8, 17, 8.8, 15.5, 9.3, 13.1, 9.7, 10.2, 10, 9.5, 11.4, 10, 13.5, 10, 15.5, 11, 16.5, 11, 26.5, 13.5, 28]], "iscrowd": 0}, {"id": 7486, "image_id": 1323, "category_id": 5, "bbox": [5, 10, 4.1, 15.4], "area": 63.14, "segmentation": [[6.4, 25.4, 6.8, 25, 7, 21.5, 8, 20.5, 8, 15.5, 8.3, 13.6, 8.8, 11.9, 8.9, 10.3, 7.5, 10, 5, 10.5, 4.8, 24.3]], "iscrowd": 0}, {"id": 7487, "image_id": 1323, "category_id": 2, "bbox": [24, 20, 3.2, 13.4], "area": 42.88, "segmentation": [[26, 33.5, 27, 32.5, 26.6, 22.7, 25.7, 21.2, 23.8, 20.1, 24, 29.5, 25, 30.5, 25, 33.5]], "iscrowd": 0}, {"id": 7488, "image_id": 1323, "category_id": 2, "bbox": [5, 25, 3, 12.5], "area": 37.5, "segmentation": [[7.6, 35.6, 8, 26.5, 7, 24.5, 5, 25.1, 5, 36.5, 6.6, 37]], "iscrowd": 0}, {"id": 7489, "image_id": 1323, "category_id": 6, "bbox": [7, 27, 17.5, 17.5], "area": 306.25, "segmentation": [[23, 42.5, 23, 40.5, 24, 39.5, 24, 31.5, 23, 30.5, 21.2, 27.2, 13.1, 28.4, 6.5, 41.1, 10.2, 44.7, 17.4, 36.8, 18, 39.5, 18, 42.5]], "iscrowd": 0}, {"id": 7490, "image_id": 1323, "category_id": 3, "bbox": [5, 42, 11.5, 7.8], "area": 89.7, "segmentation": [[13.4, 48.9, 15.5, 48.2, 16.5, 47, 13.5, 47, 10.5, 45, 8.9, 43.9, 6.1, 42.2, 5, 45.5, 5, 48.5, 6.5, 50]], "iscrowd": 0}, {"id": 7491, "image_id": 1323, "category_id": 3, "bbox": [18, 46, 3, 17], "area": 51, "segmentation": [[21, 62.5, 21, 50.5, 20, 49.5, 19.5, 46, 19, 48.5, 18, 49.5, 18, 52.5, 19, 53.5, 18, 55.5, 18, 60.5, 20.5, 63]], "iscrowd": 0}]}