{"categories": [{"id": 0, "name": "body-parts", "supercategory": "none"}, {"id": 1, "name": "Head", "supercategory": "body-parts"}, {"id": 2, "name": "Lower_Arm", "supercategory": "body-parts"}, {"id": 3, "name": "Lower_Leg", "supercategory": "body-parts"}, {"id": 4, "name": "Torso", "supercategory": "body-parts"}, {"id": 5, "name": "Upper_Arm", "supercategory": "body-parts"}, {"id": 6, "name": "Upper_Leg", "supercategory": "body-parts"}], "images": [{"id": 1664, "license": 1, "file_name": "14_prone6.jpg", "height": 64, "width": 27, "date_captured": "2023-06-08T19:45:40+00:00"}], "annotations": [{"id": 9389, "image_id": 1664, "category_id": 1, "bbox": [11, 4, 7.984, 6.786], "area": 54.178, "segmentation": [[15.221, 11.138, 14.643, 10.973, 13.1, 10.701, 11.558, 9.522, 11.014, 6.075, 12.102, 4.805, 14.915, 4.352, 17.364, 4.987, 18.997, 6.438, 18.634, 8.433, 17.909, 10.429]], "iscrowd": 0}, {"id": 9390, "image_id": 1664, "category_id": 4, "bbox": [9, 12, 11.989, 16.511], "area": 197.946, "segmentation": [[9.871, 12.581, 9.456, 22.665, 10.358, 28.082, 21.187, 27.437, 21.445, 13.119, 18.093, 11.571, 11.26, 12.474]], "iscrowd": 0}, {"id": 9391, "image_id": 1664, "category_id": 6, "bbox": [9, 29, 13.923, 18.058], "area": 251.422, "segmentation": [[10.355, 29.516, 9.069, 34.145, 8.94, 41.11, 9.456, 46.141, 13.065, 46.399, 14.741, 35.563, 18.48, 43.819, 18.737, 46.656, 22.863, 46.527, 20.671, 28.598, 11.26, 28.598]], "iscrowd": 0}, {"id": 9392, "image_id": 1664, "category_id": 3, "bbox": [10, 48, 2.707, 9.788], "area": 26.499, "segmentation": [[9.71, 48.387, 12.292, 48.501, 11.26, 58.176, 9.585, 58.047]], "iscrowd": 0}, {"id": 9393, "image_id": 1664, "category_id": 3, "bbox": [20, 49, 2.541, 8.384], "area": 21.303, "segmentation": [[19.548, 49.032, 22.089, 48.759, 21.96, 57.144, 21.316, 56.886]], "iscrowd": 0}, {"id": 9394, "image_id": 1664, "category_id": 2, "bbox": [5, 23, 3.07, 12.254], "area": 37.621, "segmentation": [[4.71, 23.71, 5.846, 35.176, 7.78, 34.145, 7.264, 22.923]], "iscrowd": 0}, {"id": 9395, "image_id": 1664, "category_id": 2, "bbox": [23, 28, 4.064, 7.352], "area": 29.884, "segmentation": [[22.935, 28.226, 25.054, 35.305, 27, 34.145, 26.472, 27.953]], "iscrowd": 0}, {"id": 9396, "image_id": 1664, "category_id": 5, "bbox": [5, 12, 3.6, 11.4], "area": 41.04, "segmentation": [[7.6, 22.1, 5.1, 22.9, 5.3, 14.6, 6.5, 12.2, 8.7, 11.5]], "iscrowd": 0}, {"id": 9397, "image_id": 1664, "category_id": 5, "bbox": [23, 13, 3.3, 14], "area": 46.2, "segmentation": [[22.8, 13.4, 25.8, 13.8, 26.1, 26.9, 23, 27.4]], "iscrowd": 0}]}