{"categories": [{"id": 0, "name": "body-parts", "supercategory": "none"}, {"id": 1, "name": "Head", "supercategory": "body-parts"}, {"id": 2, "name": "Lower_Arm", "supercategory": "body-parts"}, {"id": 3, "name": "Lower_Leg", "supercategory": "body-parts"}, {"id": 4, "name": "Torso", "supercategory": "body-parts"}, {"id": 5, "name": "Upper_Arm", "supercategory": "body-parts"}, {"id": 6, "name": "Upper_Leg", "supercategory": "body-parts"}], "images": [{"id": 424, "license": 1, "file_name": "14_right4.jpg", "height": 64, "width": 27, "date_captured": "2023-06-08T19:45:40+00:00"}], "annotations": [{"id": 2355, "image_id": 424, "category_id": 1, "bbox": [12, 0, 5, 4], "area": 20, "segmentation": [[17, 3.5, 16.8, 2.7, 16.9, 1.1, 16.4, 0, 12, 0.5, 12, 2.5, 13.5, 4]], "iscrowd": 0}, {"id": 2356, "image_id": 424, "category_id": 5, "bbox": [10, 6, 8.1, 8.8], "area": 71.28, "segmentation": [[13.1, 14.3, 14, 12.9, 16, 12.5, 18, 10.5, 18, 7.5, 16.5, 6, 12.5, 6, 11, 8.5, 9.9, 14.8]], "iscrowd": 0}, {"id": 2357, "image_id": 424, "category_id": 4, "bbox": [12, 6, 9.8, 18.8], "area": 184.24, "segmentation": [[19.3, 23.6, 22.3, 22.6, 22, 7.5, 19.5, 7, 18.5, 6, 12.5, 6, 13.4, 16.3, 16, 24.8]], "iscrowd": 0}, {"id": 2358, "image_id": 424, "category_id": 2, "bbox": [8, 15, 5.5, 10.3], "area": 56.65, "segmentation": [[10, 25.5, 13, 19.5, 13.5, 16.8, 12.8, 15.2, 11.1, 15.5, 10, 18.5, 9.3, 20.4, 8, 23.5, 8, 25.5]], "iscrowd": 0}, {"id": 2359, "image_id": 424, "category_id": 6, "bbox": [8, 24, 17, 15], "area": 255, "segmentation": [[15.9, 37.3, 20.4, 35.7, 22.1, 34.2, 23.8, 32.3, 25, 27.5, 21.5, 24, 19.3, 24.2, 16.5, 26, 15.8, 29.3, 12.9, 31.7, 9, 36.5, 8, 37.5, 8.5, 39]], "iscrowd": 0}, {"id": 2360, "image_id": 424, "category_id": 3, "bbox": [7, 40, 20, 11.5], "area": 230, "segmentation": [[26, 51.5, 27, 50.5, 26, 45.5, 24.5, 44, 22.5, 44, 21.5, 41, 10.9, 40.1, 8.5, 40, 7, 40.5, 7.5, 43, 9.5, 43, 13.5, 46, 18.5, 46, 19.5, 47, 21.5, 47, 23.5, 49, 24.5, 49, 25, 51.5]], "iscrowd": 0}]}