{"categories": [{"id": 0, "name": "body-parts", "supercategory": "none"}, {"id": 1, "name": "Head", "supercategory": "body-parts"}, {"id": 2, "name": "Lower_Arm", "supercategory": "body-parts"}, {"id": 3, "name": "Lower_Leg", "supercategory": "body-parts"}, {"id": 4, "name": "Torso", "supercategory": "body-parts"}, {"id": 5, "name": "Upper_Arm", "supercategory": "body-parts"}, {"id": 6, "name": "Upper_Leg", "supercategory": "body-parts"}], "images": [{"id": 1207, "license": 1, "file_name": "14_right7.jpg", "height": 64, "width": 27, "date_captured": "2023-06-08T19:45:40+00:00"}], "annotations": [{"id": 6799, "image_id": 1207, "category_id": 1, "bbox": [12, 3, 11, 7], "area": 77, "segmentation": [[22, 9.5, 23, 8.5, 23, 4.5, 21.5, 3, 13.5, 3, 12, 4.5, 12, 8.5, 13.5, 10]], "iscrowd": 0}, {"id": 6800, "image_id": 1207, "category_id": 4, "bbox": [13, 10, 10.3, 14.5], "area": 149.35, "segmentation": [[23, 24.5, 23, 17.5, 22, 16.5, 23, 15.5, 22, 14.5, 22, 10.5, 13.5, 10, 12.7, 12.3, 13, 16.3, 13, 18.5, 13, 20.5, 15, 22.5, 15, 24.5]], "iscrowd": 0}, {"id": 6801, "image_id": 1207, "category_id": 5, "bbox": [7, 14, 4.9, 8.4], "area": 41.16, "segmentation": [[10, 22.5, 12.1, 14.1, 9.4, 15.9, 7.2, 21.8]], "iscrowd": 0}, {"id": 6802, "image_id": 1207, "category_id": 6, "bbox": [12, 25, 13, 22], "area": 286, "segmentation": [[17, 46.5, 18, 43.5, 23, 38.5, 23, 36.5, 25, 34.5, 25, 27.5, 23.5, 25, 18.5, 25, 16, 26.5, 15.3, 27, 14.3, 27.5, 13, 28.5, 13, 33.5, 12, 34.5, 12, 37.5, 13, 38.5, 13, 44.5, 14.5, 47]], "iscrowd": 0}, {"id": 6803, "image_id": 1207, "category_id": 3, "bbox": [13, 49, 4, 13.5], "area": 54, "segmentation": [[14.8, 62.3, 16, 60.5, 16.5, 57.9, 17, 50.5, 15.5, 49, 13, 51.5, 13, 62.5]], "iscrowd": 0}]}