{"categories": [{"id": 0, "name": "body-parts", "supercategory": "none"}, {"id": 1, "name": "Head", "supercategory": "body-parts"}, {"id": 2, "name": "Lower_Arm", "supercategory": "body-parts"}, {"id": 3, "name": "Lower_Leg", "supercategory": "body-parts"}, {"id": 4, "name": "Torso", "supercategory": "body-parts"}, {"id": 5, "name": "Upper_Arm", "supercategory": "body-parts"}, {"id": 6, "name": "Upper_Leg", "supercategory": "body-parts"}], "images": [{"id": 919, "license": 1, "file_name": "14_right1.jpg", "height": 64, "width": 27, "date_captured": "2023-06-08T19:45:40+00:00"}], "annotations": [{"id": 5178, "image_id": 919, "category_id": 4, "bbox": [17, 14, 7, 16.5], "area": 115.5, "segmentation": [[18, 30.5, 24, 29.5, 24, 24.5, 23, 23.5, 24, 17.5, 23, 15.5, 20.5, 14, 19.5, 14, 17, 17.5, 17, 23.5, 18, 24.5, 17, 25.5, 17, 30.5]], "iscrowd": 0}, {"id": 5179, "image_id": 919, "category_id": 6, "bbox": [13, 30, 12, 18], "area": 216, "segmentation": [[15, 47.5, 16, 46.5, 16, 43.5, 18, 41.5, 18, 40.5, 21, 37.5, 21, 36.5, 25, 33.5, 23.5, 33, 23, 31.5, 20.5, 30, 16.5, 31, 14, 33.5, 14, 36.5, 13, 37.5, 13, 46.5, 14.5, 48]], "iscrowd": 0}, {"id": 5180, "image_id": 919, "category_id": 3, "bbox": [12, 48, 4, 13.5], "area": 54, "segmentation": [[15, 61.5, 16, 59.5, 16, 48.5, 13.5, 48, 12, 49.5, 12, 56.5, 13, 57.5, 13, 61.5]], "iscrowd": 0}]}