{"categories": [{"id": 0, "name": "body-parts", "supercategory": "none"}, {"id": 1, "name": "Head", "supercategory": "body-parts"}, {"id": 2, "name": "Lower_Arm", "supercategory": "body-parts"}, {"id": 3, "name": "Lower_Leg", "supercategory": "body-parts"}, {"id": 4, "name": "Torso", "supercategory": "body-parts"}, {"id": 5, "name": "Upper_Arm", "supercategory": "body-parts"}, {"id": 6, "name": "Upper_Leg", "supercategory": "body-parts"}], "images": [{"id": 763, "license": 1, "file_name": "14_right2.jpg", "height": 64, "width": 27, "date_captured": "2023-06-08T19:45:40+00:00"}], "annotations": [{"id": 4308, "image_id": 763, "category_id": 1, "bbox": [12, 0, 5.442, 3.897], "area": 21.209, "segmentation": [[14.611, 4.056, 11.737, 2.712, 11.737, 0.714, 12.737, 0.158, 15.624, 0.158, 17.179, 0.825, 16.513, 2.934]], "iscrowd": 0}, {"id": 4309, "image_id": 763, "category_id": 3, "bbox": [4, 38, 19.88, 16.768], "area": 333.34, "segmentation": [[22.177, 55.125, 23.621, 54.348, 23.621, 50.572, 22.177, 46.242, 11.293, 40.245, 9.849, 39.69, 3.741, 38.357, 4.74, 42.022, 7.184, 45.131, 15.957, 46.131, 21.51, 47.907]], "iscrowd": 0}, {"id": 4310, "image_id": 763, "category_id": 6, "bbox": [4, 29, 20.88, 10.327], "area": 215.625, "segmentation": [[5.167, 37.389, 8.738, 34.138, 14.847, 29.474, 24.731, 30.14, 24.953, 32.805, 21.066, 36.359, 13.958, 38.024, 10.515, 38.691, 10.071, 39.801, 4.074, 38.802]], "iscrowd": 0}, {"id": 4311, "image_id": 763, "category_id": 4, "bbox": [10, 5, 15.215, 24.43], "area": 371.708, "segmentation": [[15.861, 27.944, 25.175, 29.585, 24.509, 21.59, 23.287, 11.596, 22.621, 6.155, 13.847, 5.155, 9.96, 7.376, 11.182, 14.039, 14.847, 18.703, 16.179, 23.144]], "iscrowd": 0}, {"id": 4312, "image_id": 763, "category_id": 5, "bbox": [7, 15, 6.775, 10.865], "area": 73.609, "segmentation": [[11.417, 14.611, 13.847, 19.036, 10.404, 24.81, 7.072, 25.476]], "iscrowd": 0}]}