{"categories": [{"id": 0, "name": "body-parts", "supercategory": "none"}, {"id": 1, "name": "Head", "supercategory": "body-parts"}, {"id": 2, "name": "Lower_Arm", "supercategory": "body-parts"}, {"id": 3, "name": "Lower_Leg", "supercategory": "body-parts"}, {"id": 4, "name": "Torso", "supercategory": "body-parts"}, {"id": 5, "name": "Upper_Arm", "supercategory": "body-parts"}, {"id": 6, "name": "Upper_Leg", "supercategory": "body-parts"}], "images": [{"id": 219, "license": 1, "file_name": "14_supine7.jpg", "height": 64, "width": 27, "date_captured": "2023-06-08T19:45:40+00:00"}], "annotations": [{"id": 1239, "image_id": 219, "category_id": 1, "bbox": [9, 1, 13, 9], "area": 117, "segmentation": [[21, 9.5, 22, 8.5, 21.5, 2, 15.5, 2, 14.5, 1, 13.5, 2, 10, 2.5, 9, 4.5, 9, 7.5, 11.5, 10]], "iscrowd": 0}, {"id": 1240, "image_id": 219, "category_id": 4, "bbox": [8, 11, 15, 14], "area": 210, "segmentation": [[19, 24.5, 22, 21.5, 23, 13.5, 20.5, 11, 10.5, 11, 8, 13.5, 10, 21.5, 14.5, 25, 15.5, 24, 16.5, 25]], "iscrowd": 0}, {"id": 1241, "image_id": 219, "category_id": 2, "bbox": [3, 20, 5, 11], "area": 55, "segmentation": [[6, 30.5, 8, 26.5, 7.5, 20, 4.5, 20, 3, 21.5, 3, 29.5, 4.5, 31]], "iscrowd": 0}, {"id": 1242, "image_id": 219, "category_id": 6, "bbox": [8, 26, 15.3, 13.1], "area": 200.43, "segmentation": [[15, 38.5, 21.5, 38, 23, 36.5, 22, 29.5, 19.5, 27, 17.5, 27, 16.6, 25.9, 15.5, 27, 11.3, 27, 7.8, 31.5, 7.7, 33.4, 8, 35.5, 10.5, 38, 12.5, 39]], "iscrowd": 0}, {"id": 1243, "image_id": 219, "category_id": 3, "bbox": [7, 42, 18, 16], "area": 288, "segmentation": [[22, 57.5, 24, 56.5, 24, 52.5, 25, 51.5, 25, 49.5, 24, 48.5, 23, 44.5, 21.5, 43, 15.5, 43, 14.5, 42, 11.5, 43, 7, 48.5, 7, 51.5, 9, 55.5, 12.5, 58]], "iscrowd": 0}, {"id": 1244, "image_id": 219, "category_id": 2, "bbox": [24, 19, 3, 8], "area": 24, "segmentation": [[27, 26.5, 27, 19.5, 24.5, 19, 24, 25.5, 25.5, 27]], "iscrowd": 0}]}