{"categories": [{"id": 0, "name": "body-parts", "supercategory": "none"}, {"id": 1, "name": "Head", "supercategory": "body-parts"}, {"id": 2, "name": "Lower_Arm", "supercategory": "body-parts"}, {"id": 3, "name": "Lower_Leg", "supercategory": "body-parts"}, {"id": 4, "name": "Torso", "supercategory": "body-parts"}, {"id": 5, "name": "Upper_Arm", "supercategory": "body-parts"}, {"id": 6, "name": "Upper_Leg", "supercategory": "body-parts"}], "images": [{"id": 1704, "license": 1, "file_name": "14_supine5.jpg", "height": 64, "width": 27, "date_captured": "2023-06-08T19:45:40+00:00"}], "annotations": [{"id": 9616, "image_id": 1704, "category_id": 1, "bbox": [10, 0, 7.219, 5.161], "area": 37.257, "segmentation": [[10.626, 4.717, 10.182, 2.717, 10.404, 0.163, 13.181, 0, 17.068, 0, 17.401, 2.384, 15.957, 5.161, 10.737, 4.939]], "iscrowd": 0}, {"id": 9617, "image_id": 1704, "category_id": 4, "bbox": [8, 8, 13.994, 17.55], "area": 245.594, "segmentation": [[18.222, 8.5, 22.288, 12.381, 21.51, 16.38, 20.844, 19.49, 20.067, 21.934, 17.179, 24.933, 14.958, 25.488, 11.515, 25.488, 8.961, 22.822, 8.294, 19.268, 8.294, 16.491, 8.294, 11.937, 9.738, 8.827, 11.959, 7.938, 16.513, 7.938, 18.29, 8.382]], "iscrowd": 0}, {"id": 9618, "image_id": 1704, "category_id": 6, "bbox": [6, 25, 16.881, 10.441], "area": 176.263, "segmentation": [[19.067, 25.044, 22.843, 29.043, 21.066, 32.375, 17.068, 34.374, 8.183, 35.485, 5.962, 34.263, 9.183, 28.376, 13.181, 25.488, 17.512, 25.377]], "iscrowd": 0}, {"id": 9619, "image_id": 1704, "category_id": 3, "bbox": [17, 42, 4.331, 6.759], "area": 29.276, "segmentation": [[19.056, 41.833, 16.513, 44.149, 16.846, 46.26, 19.067, 48.592, 20.511, 47.815, 20.844, 44.816, 20.733, 43.594, 20.289, 43.038]], "iscrowd": 0}, {"id": 9620, "image_id": 1704, "category_id": 2, "bbox": [23, 19, 2.666, 13.561], "area": 36.147, "segmentation": [[25.306, 18.639, 23.065, 20.156, 23.71, 32.2, 25.31, 32.1, 25.731, 19.712]], "iscrowd": 0}, {"id": 9621, "image_id": 1704, "category_id": 2, "bbox": [5, 21, 3.035, 10.977], "area": 33.313, "segmentation": [[7.944, 21.694, 5.518, 20.823, 4.91, 31.8, 6.81, 31.8]], "iscrowd": 0}, {"id": 9622, "image_id": 1704, "category_id": 6, "bbox": [7, 34, 6.7, 12], "area": 80.4, "segmentation": [[13.5, 34.7, 12.9, 40.7, 13.2, 44.4, 10.8, 45.6, 7.6, 45.7, 7.5, 40.6, 6.8, 33.7]], "iscrowd": 0}, {"id": 9623, "image_id": 1704, "category_id": 6, "bbox": [14, 30, 8.5, 6.5], "area": 55.25, "segmentation": [[22.3, 30.3, 22.3, 34.3, 20.9, 36, 18, 36.8, 14.4, 36.3, 14.1, 33.9, 22.6, 30.4]], "iscrowd": 0}, {"id": 9624, "image_id": 1704, "category_id": 3, "bbox": [9, 51, 4.4, 12.9], "area": 56.76, "segmentation": [[9.51, 51.1, 12.01, 51, 13.01, 53.9, 11.91, 57.2, 11.71, 61.6, 11.81, 63.9, 9.51, 63.4, 9.91, 60.5, 8.81, 57.8, 8.61, 54.5, 9.01, 53.1]], "iscrowd": 0}, {"id": 9625, "image_id": 1704, "category_id": 5, "bbox": [19, 8, 6.6, 12.1], "area": 79.86, "segmentation": [[18.91, 8.1, 23.01, 9.5, 24.91, 11.3, 25.31, 16, 25.51, 18.7, 22.71, 20.2, 22.81, 17, 22.61, 13.8]], "iscrowd": 0}, {"id": 9626, "image_id": 1704, "category_id": 5, "bbox": [5, 8, 4.9, 13.4], "area": 65.66, "segmentation": [[9.81, 8.4, 8.81, 12.5, 8.21, 15.4, 7.81, 21.8, 5.11, 21.3, 4.91, 15.4, 6.21, 10.7]], "iscrowd": 0}]}