{"categories": [{"id": 0, "name": "body-parts", "supercategory": "none"}, {"id": 1, "name": "Head", "supercategory": "body-parts"}, {"id": 2, "name": "Lower_Arm", "supercategory": "body-parts"}, {"id": 3, "name": "Lower_Leg", "supercategory": "body-parts"}, {"id": 4, "name": "Torso", "supercategory": "body-parts"}, {"id": 5, "name": "Upper_Arm", "supercategory": "body-parts"}, {"id": 6, "name": "Upper_Leg", "supercategory": "body-parts"}], "images": [{"id": 1084, "license": 1, "file_name": "14_supine3.jpg", "height": 64, "width": 27, "date_captured": "2023-06-08T19:45:40+00:00"}], "annotations": [{"id": 6087, "image_id": 1084, "category_id": 4, "bbox": [5, 7, 18, 17.5], "area": 315, "segmentation": [[20, 24.5, 20, 22.5, 21, 21.5, 21, 16.5, 22, 15.5, 22, 9.5, 23, 8.5, 21.5, 7, 20.5, 7, 19.5, 8, 13.5, 9, 12.5, 8, 6.5, 7, 5, 8.5, 5, 9.5, 8, 13.5, 9, 20.5, 11, 24.5]], "iscrowd": 0}, {"id": 6088, "image_id": 1084, "category_id": 6, "bbox": [8, 25, 14.396, 22.352], "area": 321.785, "segmentation": [[19, 46.463, 22, 42.463, 22, 39.463, 21, 38.463, 22, 37.463, 22, 32.463, 21, 31.463, 21, 26.463, 19.5, 24.963, 16.5, 24.963, 9.228, 24.61, 7.604, 30.768, 7.621, 36.177, 9.329, 41.053, 10.257, 45.518, 14.039, 38.035, 17, 45.463, 18.5, 46.963]], "iscrowd": 0}, {"id": 6089, "image_id": 1084, "category_id": 3, "bbox": [9, 52, 4, 9.5], "area": 38, "segmentation": [[11, 61.5, 13, 58.5, 13, 53.5, 11.5, 52, 10.5, 52, 9, 53.5, 9, 61.5]], "iscrowd": 0}, {"id": 6090, "image_id": 1084, "category_id": 3, "bbox": [16, 50, 5, 13], "area": 65, "segmentation": [[20, 62.5, 21, 60.5, 21, 52.5, 20, 50.5, 18.5, 50, 17, 52.5, 16, 58.5, 17, 59.5, 17, 61.5, 18.5, 63]], "iscrowd": 0}, {"id": 6091, "image_id": 1084, "category_id": 1, "bbox": [9, 1, 11.784, 4.336], "area": 51.094, "segmentation": [[9, 0.857, 13.634, 5.193, 16.908, 3.408, 20.784, 1.221]], "iscrowd": 0}]}