{"categories": [{"id": 0, "name": "body-parts", "supercategory": "none"}, {"id": 1, "name": "Head", "supercategory": "body-parts"}, {"id": 2, "name": "Lower_Arm", "supercategory": "body-parts"}, {"id": 3, "name": "Lower_Leg", "supercategory": "body-parts"}, {"id": 4, "name": "Torso", "supercategory": "body-parts"}, {"id": 5, "name": "Upper_Arm", "supercategory": "body-parts"}, {"id": 6, "name": "Upper_Leg", "supercategory": "body-parts"}], "images": [{"id": 415, "license": 1, "file_name": "14_supine1.jpg", "height": 64, "width": 27, "date_captured": "2023-06-08T19:45:40+00:00"}], "annotations": [{"id": 2302, "image_id": 415, "category_id": 1, "bbox": [11, 0, 5.7, 5], "area": 28.5, "segmentation": [[16, 4.5, 17, 2.5, 14.5, 0, 11.3, 1.8, 12.5, 5]], "iscrowd": 0}, {"id": 2303, "image_id": 415, "category_id": 4, "bbox": [7, 10, 16, 17], "area": 272, "segmentation": [[22, 26.5, 23, 24.5, 23, 17.5, 22.8, 15, 23, 14.5, 20.5, 11, 18.5, 11, 17.5, 10, 11.5, 10, 7, 12.5, 7, 15.7, 8, 17.5, 8, 24.5, 10.5, 27, 12.5, 26, 15.5, 26, 16.5, 27]], "iscrowd": 0}, {"id": 2304, "image_id": 415, "category_id": 5, "bbox": [4, 13, 4.4, 10.5], "area": 46.2, "segmentation": [[6.8, 23.3, 8, 23.5, 8, 16.5, 7, 15.5, 6.5, 13, 6, 15.5, 5, 16.5, 4, 18.9, 3.6, 20.7, 4, 22.5, 5.5, 23.1]], "iscrowd": 0}, {"id": 2305, "image_id": 415, "category_id": 5, "bbox": [23, 14, 2.6, 9.1], "area": 23.66, "segmentation": [[25.6, 22.3, 24.9, 15.2, 23.5, 13.7, 23, 13.5, 23, 20.5, 23.6, 22.6]], "iscrowd": 0}, {"id": 2306, "image_id": 415, "category_id": 2, "bbox": [4, 22, 3, 5.7], "area": 17.1, "segmentation": [[6, 27.5, 7, 22.5, 5.8, 22.3, 4, 22.5, 4, 26.5, 5.5, 28]], "iscrowd": 0}, {"id": 2307, "image_id": 415, "category_id": 2, "bbox": [23, 23, 2.7, 4.1], "area": 11.07, "segmentation": [[25.1, 25.2, 26, 22.5, 23.7, 22.6, 23.3, 23.7, 23.3, 25.8, 24.3, 26.6]], "iscrowd": 0}, {"id": 2308, "image_id": 415, "category_id": 6, "bbox": [7, 27, 16, 18.4], "area": 294.4, "segmentation": [[21, 44.5, 22, 42.5, 22, 38.5, 23, 37.5, 23, 33.5, 22, 32.5, 22, 30.5, 18.5, 27, 15.7, 26.6, 13.5, 27, 11.3, 27.5, 9.7, 28.7, 8, 32.5, 8, 35.5, 7, 36.5, 9, 39.5, 9, 43.5, 10.5, 45, 13, 43.5, 14.5, 40, 16.5, 40, 17, 42.5, 19.5, 45]], "iscrowd": 0}, {"id": 2309, "image_id": 415, "category_id": 3, "bbox": [18, 52, 4, 10.5], "area": 42, "segmentation": [[20, 62.5, 22, 60.5, 22, 53.5, 20.5, 52, 18, 55.5, 19, 62.5]], "iscrowd": 0}, {"id": 2310, "image_id": 415, "category_id": 3, "bbox": [8, 53, 3.5, 9], "area": 31.5, "segmentation": [[10, 61.5, 11, 60.5, 11, 57.5, 11.3, 55, 11.5, 53, 8, 53.5, 8, 60.5, 9.5, 62]], "iscrowd": 0}]}