{"categories": [{"id": 0, "name": "body-parts", "supercategory": "none"}, {"id": 1, "name": "Head", "supercategory": "body-parts"}, {"id": 2, "name": "Lower_Arm", "supercategory": "body-parts"}, {"id": 3, "name": "Lower_Leg", "supercategory": "body-parts"}, {"id": 4, "name": "Torso", "supercategory": "body-parts"}, {"id": 5, "name": "Upper_Arm", "supercategory": "body-parts"}, {"id": 6, "name": "Upper_Leg", "supercategory": "body-parts"}], "images": [{"id": 491, "license": 1, "file_name": "14_supine6.jpg", "height": 64, "width": 27, "date_captured": "2023-06-08T19:45:40+00:00"}], "annotations": [{"id": 2754, "image_id": 491, "category_id": 4, "bbox": [8, 12, 15, 14], "area": 210, "segmentation": [[16, 25.5, 21, 24.5, 22, 22.5, 23, 12.5, 8.5, 12, 8, 24.5, 9.5, 26]], "iscrowd": 0}, {"id": 2755, "image_id": 491, "category_id": 6, "bbox": [8, 26, 15.089, 20.392], "area": 307.684, "segmentation": [[14.187, 42.325, 15.031, 37.308, 18.305, 46.758, 23.267, 41.017, 23, 31.5, 19.5, 27, 11.503, 26.366, 8.179, 30.049, 8.427, 41.075, 10.521, 45.752]], "iscrowd": 0}, {"id": 2756, "image_id": 491, "category_id": 3, "bbox": [8, 52, 5, 9], "area": 45, "segmentation": [[11, 60.5, 13, 56.5, 13, 54.5, 11.5, 52, 10.5, 52, 8, 54.5, 8, 58.5, 9.5, 61]], "iscrowd": 0}, {"id": 2757, "image_id": 491, "category_id": 3, "bbox": [17, 51, 4, 10.5], "area": 42, "segmentation": [[20, 61.5, 21, 53.5, 20, 51.5, 18.5, 51, 17, 52.5, 17, 61.5]], "iscrowd": 0}, {"id": 2758, "image_id": 491, "category_id": 2, "bbox": [24, 19, 3, 5.5], "area": 16.5, "segmentation": [[26, 24.5, 27, 23.5, 27, 20.5, 25.5, 19, 24, 20.5, 24, 24.5]], "iscrowd": 0}, {"id": 2759, "image_id": 491, "category_id": 2, "bbox": [5, 20, 3, 16.5], "area": 49.5, "segmentation": [[8, 36.5, 8, 20.5, 6.5, 20, 5, 21.5, 5, 33.5, 6, 34.5, 6, 36.5]], "iscrowd": 0}]}