{"categories": [{"id": 0, "name": "body-parts", "supercategory": "none"}, {"id": 1, "name": "Head", "supercategory": "body-parts"}, {"id": 2, "name": "Lower_Arm", "supercategory": "body-parts"}, {"id": 3, "name": "Lower_Leg", "supercategory": "body-parts"}, {"id": 4, "name": "Torso", "supercategory": "body-parts"}, {"id": 5, "name": "Upper_Arm", "supercategory": "body-parts"}, {"id": 6, "name": "Upper_Leg", "supercategory": "body-parts"}], "images": [{"id": 1002, "license": 1, "file_name": "1_empty1.jpg", "height": 64, "width": 27, "date_captured": "2023-06-08T19:45:40+00:00"}], "annotations": [{"id": 5656, "image_id": 1002, "category_id": 3, "bbox": [13, 3, 5.881, 2.422], "area": 14.242, "segmentation": [[13.184, 3.579, 18.96, 3.452, 19.065, 5.769, 13.697, 5.874]], "iscrowd": 0}]}