{"categories": [{"id": 0, "name": "body-parts", "supercategory": "none"}, {"id": 1, "name": "Head", "supercategory": "body-parts"}, {"id": 2, "name": "Lower_Arm", "supercategory": "body-parts"}, {"id": 3, "name": "Lower_Leg", "supercategory": "body-parts"}, {"id": 4, "name": "Torso", "supercategory": "body-parts"}, {"id": 5, "name": "Upper_Arm", "supercategory": "body-parts"}, {"id": 6, "name": "Upper_Leg", "supercategory": "body-parts"}], "images": [{"id": 734, "license": 1, "file_name": "1_left1.jpg", "height": 64, "width": 27, "date_captured": "2023-06-08T19:45:40+00:00"}], "annotations": [{"id": 4143, "image_id": 734, "category_id": 4, "bbox": [5, 12, 12.7, 15.9], "area": 201.93, "segmentation": [[17.5, 25.7, 16.1, 18.6, 16.5, 15.7, 17.5, 12.7, 14.4, 12.3, 4.8, 26.1, 7, 27.2, 9, 27.2, 11, 27.2, 15, 28.2]], "iscrowd": 0}, {"id": 4144, "image_id": 734, "category_id": 6, "bbox": [4, 28, 13.7, 15.6], "area": 213.72, "segmentation": [[4.2, 28, 17.3, 27.7, 17.4, 32.1, 15.9, 37.5, 14.8, 41.7, 13.4, 43.3, 9.2, 41.9, 7.2, 38.9, 3.7, 34.3]], "iscrowd": 0}, {"id": 4145, "image_id": 734, "category_id": 3, "bbox": [9, 43, 7.3, 19.6], "area": 143.08, "segmentation": [[14.1, 62.9, 11.8, 59.5, 12.5, 56.5, 14.8, 51.2, 15.9, 47.9, 16.4, 43.3, 9.1, 43.9, 9.3, 46.9, 9.3, 52.2, 10.6, 56.6, 10.7, 62.9]], "iscrowd": 0}, {"id": 4146, "image_id": 734, "category_id": 1, "bbox": [13, 6, 4.8, 4], "area": 19.2, "segmentation": [[16.5, 10.2, 15.1, 10.2, 13.4, 8.1, 15.3, 6.2, 17.2, 6.9, 18.2, 8.4]], "iscrowd": 0}, {"id": 4147, "image_id": 734, "category_id": 5, "bbox": [17, 13, 3.3, 8.1], "area": 26.73, "segmentation": [[18.2, 13.3, 17.2, 16, 17.1, 19.3, 18.9, 20.8, 20.1, 21.4, 20.4, 17.2, 19.9, 14.3]], "iscrowd": 0}, {"id": 4148, "image_id": 734, "category_id": 2, "bbox": [21, 18, 4.6, 3.5], "area": 16.1, "segmentation": [[21, 21.6, 20.8, 19.3, 21.9, 18.3, 25.4, 18.1, 23.5, 21.3]], "iscrowd": 0}]}