{"categories": [{"id": 0, "name": "body-parts", "supercategory": "none"}, {"id": 1, "name": "Head", "supercategory": "body-parts"}, {"id": 2, "name": "Lower_Arm", "supercategory": "body-parts"}, {"id": 3, "name": "Lower_Leg", "supercategory": "body-parts"}, {"id": 4, "name": "Torso", "supercategory": "body-parts"}, {"id": 5, "name": "Upper_Arm", "supercategory": "body-parts"}, {"id": 6, "name": "Upper_Leg", "supercategory": "body-parts"}], "images": [{"id": 1540, "license": 1, "file_name": "1_left7.jpg", "height": 64, "width": 27, "date_captured": "2023-06-08T19:45:40+00:00"}], "annotations": [{"id": 8726, "image_id": 1540, "category_id": 6, "bbox": [5, 26, 13.1, 17.9], "area": 234.49, "segmentation": [[6.8, 26.4, 11.4, 26.4, 15.2, 26.5, 17.7, 28.1, 18, 31.2, 17.7, 35.6, 16.3, 42.3, 16.1, 44.1, 11.5, 44.3, 9.2, 41, 6.7, 36.6, 5.8, 34.2, 4.9, 31.5, 5.3, 28.7]], "iscrowd": 0}, {"id": 8727, "image_id": 1540, "category_id": 3, "bbox": [9, 44, 7.5, 19.1], "area": 143.25, "segmentation": [[11.2, 45, 14.7, 44.7, 16.5, 44.3, 15.2, 49.9, 13.8, 53.4, 12.3, 56.8, 12, 61.4, 12.4, 63.4, 10.2, 63.4, 9.6, 59.9, 10.1, 55.3, 9.1, 52.1, 9, 49.1]], "iscrowd": 0}, {"id": 8728, "image_id": 1540, "category_id": 4, "bbox": [7, 13, 10.8, 14.1], "area": 152.28, "segmentation": [[17.7, 26.8, 13.8, 25.5, 11.4, 25.6, 7.5, 25.8, 7.3, 22.7, 8.6, 20.2, 9.3, 18.5, 11.1, 15.9, 12.7, 12.7, 16.3, 15.3, 18.1, 19.6, 18.1, 23]], "iscrowd": 0}, {"id": 8729, "image_id": 1540, "category_id": 5, "bbox": [15, 13, 9.9, 6], "area": 59.4, "segmentation": [[18.8, 18.7, 17.4, 16, 16.2, 14.4, 14.6, 13, 17.9, 12.8, 22.1, 14.3, 24.1, 15.7, 24.5, 17.7, 22.6, 18.8]], "iscrowd": 0}]}