{"categories": [{"id": 0, "name": "body-parts", "supercategory": "none"}, {"id": 1, "name": "Head", "supercategory": "body-parts"}, {"id": 2, "name": "Lower_Arm", "supercategory": "body-parts"}, {"id": 3, "name": "Lower_Leg", "supercategory": "body-parts"}, {"id": 4, "name": "Torso", "supercategory": "body-parts"}, {"id": 5, "name": "Upper_Arm", "supercategory": "body-parts"}, {"id": 6, "name": "Upper_Leg", "supercategory": "body-parts"}], "images": [{"id": 810, "license": 1, "file_name": "1_prone5.jpg", "height": 64, "width": 27, "date_captured": "2023-06-08T19:45:40+00:00"}], "annotations": [{"id": 4580, "image_id": 810, "category_id": 2, "bbox": [6, 12, 14.3, 17.6], "area": 251.68, "segmentation": [[20.6, 28.3, 6.7, 29.1, 7.2, 23.7, 6.3, 17.4, 6.5, 13.1, 9.6, 12, 13.3, 12.9, 17.1, 11.5, 19.6, 13.5, 20.2, 17.4, 20.2, 22.5, 20.1, 24.8]], "iscrowd": 0}]}