{"categories": [{"id": 0, "name": "body-parts", "supercategory": "none"}, {"id": 1, "name": "Head", "supercategory": "body-parts"}, {"id": 2, "name": "Lower_Arm", "supercategory": "body-parts"}, {"id": 3, "name": "Lower_Leg", "supercategory": "body-parts"}, {"id": 4, "name": "Torso", "supercategory": "body-parts"}, {"id": 5, "name": "Upper_Arm", "supercategory": "body-parts"}, {"id": 6, "name": "Upper_Leg", "supercategory": "body-parts"}], "images": [{"id": 1467, "license": 1, "file_name": "1_prone2.jpg", "height": 64, "width": 27, "date_captured": "2023-06-08T19:45:40+00:00"}], "annotations": [{"id": 8301, "image_id": 1467, "category_id": 1, "bbox": [11, 5, 5, 4], "area": 20, "segmentation": [[16, 8.5, 16, 6.5, 14.5, 5, 12.5, 5, 11, 6.5, 11.5, 9]], "iscrowd": 0}, {"id": 8302, "image_id": 1467, "category_id": 4, "bbox": [7, 12, 13, 19], "area": 247, "segmentation": [[19.477, 30.013, 20.477, 29.013, 20.477, 21.013, 19.477, 20.013, 20.477, 18.013, 19.477, 16.013, 20.477, 15.013, 19.477, 13.013, 16.977, 11.513, 8.977, 12.513, 7.477, 14.013, 7.477, 28.013, 9.977, 30.513]], "iscrowd": 0}, {"id": 8303, "image_id": 1467, "category_id": 3, "bbox": [15, 57, 4, 5.5], "area": 22, "segmentation": [[19.27, 62.701, 19.27, 59.701, 17.77, 59.201, 16.77, 57.201, 15.77, 57.201, 15.27, 59.701, 16.27, 60.701, 16.27, 62.701]], "iscrowd": 0}, {"id": 8304, "image_id": 1467, "category_id": 2, "bbox": [23, 22, 3, 9], "area": 27, "segmentation": [[26, 30.5, 26, 23.5, 24.5, 22, 23, 24.5, 23, 29.5, 24.5, 31]], "iscrowd": 0}, {"id": 8305, "image_id": 1467, "category_id": 2, "bbox": [3, 23, 3, 9], "area": 27, "segmentation": [[6, 31.5, 6, 24.5, 4.5, 23, 3, 24.5, 3, 30.5, 4.5, 32]], "iscrowd": 0}, {"id": 8306, "image_id": 1467, "category_id": 5, "bbox": [22, 14, 4, 8], "area": 32, "segmentation": [[26, 21.5, 26, 15.5, 24.5, 14, 22.5, 14, 22, 19.5, 23.5, 22]], "iscrowd": 0}, {"id": 8307, "image_id": 1467, "category_id": 5, "bbox": [3, 13, 3, 11], "area": 33, "segmentation": [[5, 23.5, 6, 22.5, 6, 13.5, 3.5, 13, 3, 22.5, 4.5, 24]], "iscrowd": 0}, {"id": 8308, "image_id": 1467, "category_id": 6, "bbox": [8, 29, 13, 17], "area": 221, "segmentation": [[19.604, 45.663, 20.604, 44.663, 20.604, 31.663, 18.104, 31.163, 17.104, 30.163, 12.104, 31.163, 8.104, 29.163, 7.604, 37.663, 8.604, 38.663, 9.604, 42.663, 7.604, 44.663, 10.104, 45.163, 11.104, 46.163, 13.604, 45.663, 14.104, 35.163, 15.604, 36.663, 15.604, 43.663, 14.604, 44.663, 16.104, 46.163, 17.104, 46.163, 18.104, 44.163, 18.604, 45.663]], "iscrowd": 0}]}