{"categories": [{"id": 0, "name": "body-parts", "supercategory": "none"}, {"id": 1, "name": "Head", "supercategory": "body-parts"}, {"id": 2, "name": "Lower_Arm", "supercategory": "body-parts"}, {"id": 3, "name": "Lower_Leg", "supercategory": "body-parts"}, {"id": 4, "name": "Torso", "supercategory": "body-parts"}, {"id": 5, "name": "Upper_Arm", "supercategory": "body-parts"}, {"id": 6, "name": "Upper_Leg", "supercategory": "body-parts"}], "images": [{"id": 779, "license": 1, "file_name": "1_prone6.jpg", "height": 64, "width": 27, "date_captured": "2023-06-08T19:45:40+00:00"}], "annotations": [{"id": 4398, "image_id": 779, "category_id": 1, "bbox": [7, 4, 14, 7], "area": 98, "segmentation": [[18, 10.5, 19.5, 10, 21, 7.5, 21, 6.5, 18.5, 4, 17.5, 5, 14.5, 4, 13.5, 5, 7, 5.5, 7, 8.5, 9.5, 11]], "iscrowd": 0}, {"id": 4399, "image_id": 779, "category_id": 5, "bbox": [0, 14, 3, 4.5], "area": 13.5, "segmentation": [[1, 18.5, 3, 17.5, 2.5, 14, 0, 14.5, 0, 18.5]], "iscrowd": 0}, {"id": 4400, "image_id": 779, "category_id": 5, "bbox": [25, 14, 2, 5], "area": 10, "segmentation": [[27, 18.5, 26.5, 14, 25, 15.5, 25, 17.5, 26.5, 19]], "iscrowd": 0}, {"id": 4401, "image_id": 779, "category_id": 4, "bbox": [7, 12, 14, 19], "area": 266, "segmentation": [[17.934, 30.254, 20.934, 29.254, 20.934, 13.254, 19.434, 11.754, 8.434, 11.754, 7.934, 15.254, 6.934, 16.254, 7.934, 17.254, 7.934, 27.254, 6.934, 29.254, 8.434, 30.754, 9.434, 29.754, 11.434, 29.754, 12.434, 30.754]], "iscrowd": 0}, {"id": 4402, "image_id": 779, "category_id": 3, "bbox": [14, 60, 6, 4], "area": 24, "segmentation": [[20, 63.5, 20, 61.5, 18.5, 60, 17.5, 62, 15.5, 60, 14, 60.5, 14.5, 64]], "iscrowd": 0}, {"id": 4403, "image_id": 779, "category_id": 6, "bbox": [7, 29, 15, 18], "area": 270, "segmentation": [[19.631, 46.426, 20.631, 44.426, 20.631, 40.426, 21.631, 39.426, 21.631, 29.426, 21.131, 28.926, 17.131, 31.926, 12.131, 31.926, 11.131, 30.926, 8.131, 31.926, 6.631, 33.426, 7.631, 34.426, 7.631, 38.426, 9.631, 42.426, 9.631, 45.426, 11.131, 46.926, 13.631, 46.426, 14.631, 44.426, 12.631, 42.426, 12.631, 36.426, 15.131, 35.926, 15.631, 39.426, 16.631, 40.426, 16.631, 43.426, 15.631, 45.426, 17.131, 46.926]], "iscrowd": 0}]}