{"categories": [{"id": 0, "name": "body-parts", "supercategory": "none"}, {"id": 1, "name": "Head", "supercategory": "body-parts"}, {"id": 2, "name": "Lower_Arm", "supercategory": "body-parts"}, {"id": 3, "name": "Lower_Leg", "supercategory": "body-parts"}, {"id": 4, "name": "Torso", "supercategory": "body-parts"}, {"id": 5, "name": "Upper_Arm", "supercategory": "body-parts"}, {"id": 6, "name": "Upper_Leg", "supercategory": "body-parts"}], "images": [{"id": 1165, "license": 1, "file_name": "1_prone1.jpg", "height": 64, "width": 27, "date_captured": "2023-06-08T19:45:40+00:00"}], "annotations": [{"id": 6560, "image_id": 1165, "category_id": 1, "bbox": [10, 5, 5, 4.5], "area": 22.5, "segmentation": [[14, 9.5, 15, 8.5, 15, 6.5, 13.5, 5, 11.5, 5, 10, 6.5, 10, 9.5]], "iscrowd": 0}, {"id": 6561, "image_id": 1165, "category_id": 4, "bbox": [7, 12, 14, 16.5], "area": 231, "segmentation": [[13.96, 27.507, 20.843, 28.074, 21, 15.5, 17.5, 12, 15.5, 12, 14.5, 13, 8.5, 13, 7, 14.5, 7, 19.5, 8, 20.5, 8, 28.5, 10.031, 27.701, 11.489, 28.081]], "iscrowd": 0}, {"id": 6562, "image_id": 1165, "category_id": 5, "bbox": [4, 14, 3, 10.5], "area": 31.5, "segmentation": [[5, 24.5, 6, 23.5, 6, 19.5, 7, 18.5, 7, 15.5, 5.5, 14, 4, 15.5, 4, 24.5]], "iscrowd": 0}, {"id": 6563, "image_id": 1165, "category_id": 5, "bbox": [21, 14, 5, 10.5], "area": 52.5, "segmentation": [[24, 24.5, 26, 23.5, 26, 17.5, 25, 16.5, 24.5, 14, 23.5, 15, 21.5, 14, 21, 19.5, 23, 22.5, 23, 24.5]], "iscrowd": 0}, {"id": 6564, "image_id": 1165, "category_id": 2, "bbox": [4, 22, 2, 10.5], "area": 21, "segmentation": [[6, 32.5, 6, 24.5, 4.5, 22, 4, 32.5]], "iscrowd": 0}, {"id": 6565, "image_id": 1165, "category_id": 2, "bbox": [23, 22, 4, 11], "area": 44, "segmentation": [[26, 32.5, 27, 31.5, 26, 30.5, 26, 23.5, 24.5, 22, 23.5, 22, 23, 30.5, 24.5, 33]], "iscrowd": 0}, {"id": 6566, "image_id": 1165, "category_id": 6, "bbox": [7, 28, 15.194, 19.108], "area": 290.326, "segmentation": [[16.872, 45.904, 20.955, 45.978, 21.67, 42.483, 21.67, 36.483, 22.042, 34.364, 20.925, 27.993, 6.848, 29.381, 7.626, 39.396, 12.762, 47.1, 14.11, 32.84]], "iscrowd": 0}, {"id": 6567, "image_id": 1165, "category_id": 3, "bbox": [11, 46, 5, 17.5], "area": 87.5, "segmentation": [[15, 63.5, 16, 62.5, 16, 60.5, 13, 56.5, 13, 54.5, 14, 53.5, 14, 48.5, 13, 46.5, 11.5, 46, 11, 52.5, 12, 53.5, 12, 58.5, 14, 60.5, 14, 63.5]], "iscrowd": 0}, {"id": 6568, "image_id": 1165, "category_id": 3, "bbox": [16, 48, 6, 16], "area": 96, "segmentation": [[22, 63.5, 21, 61.5, 21, 48.5, 18.5, 48, 18, 49.5, 19, 50.5, 19, 61.5, 16, 62.5, 18.5, 64]], "iscrowd": 0}]}