{"categories": [{"id": 0, "name": "body-parts", "supercategory": "none"}, {"id": 1, "name": "Head", "supercategory": "body-parts"}, {"id": 2, "name": "Lower_Arm", "supercategory": "body-parts"}, {"id": 3, "name": "Lower_Leg", "supercategory": "body-parts"}, {"id": 4, "name": "Torso", "supercategory": "body-parts"}, {"id": 5, "name": "Upper_Arm", "supercategory": "body-parts"}, {"id": 6, "name": "Upper_Leg", "supercategory": "body-parts"}], "images": [{"id": 818, "license": 1, "file_name": "1_prone4.jpg", "height": 64, "width": 27, "date_captured": "2023-06-08T19:45:40+00:00"}], "annotations": [{"id": 4625, "image_id": 818, "category_id": 1, "bbox": [9, 5, 6, 6], "area": 36, "segmentation": [[13, 10.5, 15, 9.5, 15, 6.5, 13.5, 5, 11.5, 5, 9, 7.5, 9, 9.5, 10.5, 11]], "iscrowd": 0}, {"id": 4626, "image_id": 818, "category_id": 4, "bbox": [6, 12, 14, 19], "area": 266, "segmentation": [[16.494, 30.806, 18.494, 29.806, 20.494, 25.806, 20.494, 18.806, 19.494, 17.806, 20.494, 14.806, 17.994, 12.306, 8.994, 12.306, 6.494, 14.806, 7.494, 16.806, 6.494, 17.806, 6.494, 19.806, 7.494, 20.806, 7.494, 23.806, 8.494, 24.806, 8.494, 28.806, 9.994, 30.306, 12.994, 30.306, 13.994, 31.306]], "iscrowd": 0}, {"id": 4627, "image_id": 818, "category_id": 5, "bbox": [2, 15, 5, 9], "area": 45, "segmentation": [[6, 23.5, 6, 19.5, 7, 18.5, 6.5, 15, 3, 17.5, 3, 20.5, 2, 21.5, 2.5, 24]], "iscrowd": 0}, {"id": 4628, "image_id": 818, "category_id": 5, "bbox": [22, 13, 4, 9], "area": 36, "segmentation": [[26.252, 21.928, 26.252, 19.928, 25.252, 18.928, 25.252, 14.928, 23.752, 13.428, 22.752, 13.428, 22.252, 20.928, 23.752, 22.428]], "iscrowd": 0}, {"id": 4629, "image_id": 818, "category_id": 3, "bbox": [19, 60, 3, 3.5], "area": 10.5, "segmentation": [[22, 63.5, 22, 61.5, 20.5, 60, 19.5, 60, 19, 63.5]], "iscrowd": 0}, {"id": 4630, "image_id": 818, "category_id": 2, "bbox": [23, 24, 2.819, 7], "area": 19.73, "segmentation": [[26.035, 30.5, 26.035, 23.5, 23.934, 23.87, 23.216, 29.874]], "iscrowd": 0}, {"id": 4631, "image_id": 818, "category_id": 2, "bbox": [2, 21, 4, 8.5], "area": 34, "segmentation": [[5, 29.5, 6, 28.5, 5, 27.5, 5, 23.5, 3.5, 21, 2, 23.5, 2, 26.5, 3, 27.5, 3, 29.5]], "iscrowd": 0}, {"id": 4632, "image_id": 818, "category_id": 6, "bbox": [6, 28, 16, 19], "area": 304, "segmentation": [[21, 46.5, 22, 44.5, 21, 43.5, 20, 32.5, 18.5, 31, 16.5, 32, 11.5, 32, 9, 29.5, 8.5, 28, 7, 29.5, 7, 40.5, 6, 41.5, 6, 45.5, 7.5, 47, 9.5, 47, 10.5, 46, 13, 45.5, 11, 39.5, 13, 38.5, 12, 35.5, 14.5, 35, 15, 36.5, 14, 38.5, 16, 41.5, 15, 45.5, 17.5, 46, 18.5, 47]], "iscrowd": 0}]}