{"categories": [{"id": 0, "name": "body-parts", "supercategory": "none"}, {"id": 1, "name": "Head", "supercategory": "body-parts"}, {"id": 2, "name": "Lower_Arm", "supercategory": "body-parts"}, {"id": 3, "name": "Lower_Leg", "supercategory": "body-parts"}, {"id": 4, "name": "Torso", "supercategory": "body-parts"}, {"id": 5, "name": "Upper_Arm", "supercategory": "body-parts"}, {"id": 6, "name": "Upper_Leg", "supercategory": "body-parts"}], "images": [{"id": 1490, "license": 1, "file_name": "1_prone7.jpg", "height": 64, "width": 27, "date_captured": "2023-06-08T19:45:40+00:00"}], "annotations": [{"id": 8437, "image_id": 1490, "category_id": 6, "bbox": [6, 24, 19.1, 24.4], "area": 466.04, "segmentation": [[21, 46.5, 21, 41.5, 22, 40.5, 22, 35.5, 25, 31.5, 25.1, 24.5, 21.9, 23.6, 6, 24, 6, 29.5, 8, 33.5, 9, 39.5, 10, 40.5, 10, 45.5, 11.5, 48, 18.5, 48]], "iscrowd": 0}, {"id": 8438, "image_id": 1490, "category_id": 3, "bbox": [18, 48, 3.1, 4.8], "area": 14.88, "segmentation": [[19.9, 53.2, 18.3, 51.8, 17.5, 49.4, 17.7, 48.6, 19.9, 48.4, 20.6, 51.3]], "iscrowd": 0}, {"id": 8439, "image_id": 1490, "category_id": 3, "bbox": [11, 49, 2.2, 4.4], "area": 9.68, "segmentation": [[10.8, 52.9, 10.6, 48.7, 12.8, 48.5, 12.5, 52]], "iscrowd": 0}, {"id": 8440, "image_id": 1490, "category_id": 3, "bbox": [13, 58, 7, 5.9], "area": 41.3, "segmentation": [[13.9, 58.1, 15.4, 61.1, 17.1, 61.6, 18.8, 59.8, 19.5, 63.8, 12.5, 64, 12.9, 60.5]], "iscrowd": 0}, {"id": 8441, "image_id": 1490, "category_id": 4, "bbox": [6, 15, 19.3, 8.6], "area": 165.98, "segmentation": [[24.7, 23.2, 5.8, 23.1, 6, 16.9, 12, 14.8, 19.1, 14.6, 22.9, 17.7, 25.1, 20.2]], "iscrowd": 0}, {"id": 8442, "image_id": 1490, "category_id": 4, "bbox": [7, 4, 15.2, 6.8], "area": 103.36, "segmentation": [[11.2, 11.1, 6.5, 7.5, 10, 4.3, 15.5, 4.4, 20.6, 5.2, 21.7, 8.2, 17.6, 11]], "iscrowd": 0}, {"id": 8443, "image_id": 1490, "category_id": 2, "bbox": [1, 10, 4.2, 10.8], "area": 45.36, "segmentation": [[0.9, 20.8, 1.2, 15.4, 2.2, 10, 3.6, 11.5, 4.2, 16.3, 5.1, 19.5]], "iscrowd": 0}, {"id": 8444, "image_id": 1490, "category_id": 2, "bbox": [24, 10, 3, 8], "area": 24, "segmentation": [[25.6, 17.9, 24, 9.9, 27, 10.1, 27, 17.9]], "iscrowd": 0}]}