{"categories": [{"id": 0, "name": "body-parts", "supercategory": "none"}, {"id": 1, "name": "Head", "supercategory": "body-parts"}, {"id": 2, "name": "Lower_Arm", "supercategory": "body-parts"}, {"id": 3, "name": "Lower_Leg", "supercategory": "body-parts"}, {"id": 4, "name": "Torso", "supercategory": "body-parts"}, {"id": 5, "name": "Upper_Arm", "supercategory": "body-parts"}, {"id": 6, "name": "Upper_Leg", "supercategory": "body-parts"}], "images": [{"id": 443, "license": 1, "file_name": "1_right2.jpg", "height": 64, "width": 27, "date_captured": "2023-06-08T19:45:40+00:00"}], "annotations": [{"id": 2466, "image_id": 443, "category_id": 1, "bbox": [11, 4, 5, 4], "area": 20, "segmentation": [[15, 7.5, 16, 5.5, 14.5, 4, 12.5, 4, 11, 5.5, 11, 6.5, 12.5, 8]], "iscrowd": 0}, {"id": 2467, "image_id": 443, "category_id": 4, "bbox": [9, 10, 12, 13.209], "area": 158.504, "segmentation": [[15, 22.536, 19.5, 22.036, 21, 20.536, 20, 18.536, 17, 16.536, 18, 15.536, 18, 11.536, 16.5, 10.036, 12.721, 9.931, 11.478, 9.828, 13.525, 13.807, 13.502, 15.36, 13.974, 16.011, 13.5, 16.036, 13.5, 17.036, 9.5, 17.036, 9, 20.536, 10.5, 23.036]], "iscrowd": 0}, {"id": 2468, "image_id": 443, "category_id": 6, "bbox": [10, 21, 14, 19], "area": 266, "segmentation": [[13, 39.5, 14.5, 38, 17.5, 38, 19.5, 37, 24, 32.5, 24, 26.5, 20.5, 21, 12.5, 22, 10, 24.5, 11, 25.5, 11, 27.5, 13, 29.5, 12, 30.5, 12, 33.5, 10, 36.5, 10, 38.5, 11.5, 40]], "iscrowd": 0}, {"id": 2469, "image_id": 443, "category_id": 3, "bbox": [8, 40, 17, 12.5], "area": 212.5, "segmentation": [[24, 52.5, 25, 51.5, 25, 49.5, 21.5, 45, 16.5, 43, 13.5, 40, 9.5, 40, 8, 41.5, 8.5, 43, 12.5, 45, 20.5, 47, 22, 48.5, 22, 52.5]], "iscrowd": 0}, {"id": 2470, "image_id": 443, "category_id": 5, "bbox": [3, 10, 10.543, 5.158], "area": 54.382, "segmentation": [[11.429, 10.429, 7.445, 13.082, 4.025, 13.262, 3.435, 15.071, 7.426, 14.97, 11.186, 15.586, 13.979, 15.335, 13.699, 13.791, 12.441, 11.965]], "iscrowd": 0}, {"id": 2471, "image_id": 443, "category_id": 2, "bbox": [1, 7, 3.333, 7.801], "area": 25.999, "segmentation": [[1, 6.714, 3.914, 12.902, 3.028, 14.516, 1.145, 11.967, 0.581, 9.891]], "iscrowd": 0}]}