{"categories": [{"id": 0, "name": "body-parts", "supercategory": "none"}, {"id": 1, "name": "Head", "supercategory": "body-parts"}, {"id": 2, "name": "Lower_Arm", "supercategory": "body-parts"}, {"id": 3, "name": "Lower_Leg", "supercategory": "body-parts"}, {"id": 4, "name": "Torso", "supercategory": "body-parts"}, {"id": 5, "name": "Upper_Arm", "supercategory": "body-parts"}, {"id": 6, "name": "Upper_Leg", "supercategory": "body-parts"}], "images": [{"id": 553, "license": 1, "file_name": "1_right1.jpg", "height": 64, "width": 27, "date_captured": "2023-06-08T19:45:40+00:00"}], "annotations": [{"id": 3113, "image_id": 553, "category_id": 1, "bbox": [9, 4, 6, 5], "area": 30, "segmentation": [[13, 8.5, 15, 6.5, 15, 5.5, 13.5, 4, 11.5, 4, 9, 6.5, 10.5, 9]], "iscrowd": 0}, {"id": 3114, "image_id": 553, "category_id": 4, "bbox": [7, 10, 15, 17], "area": 255, "segmentation": [[16, 26.5, 17.5, 26, 19.5, 23, 20, 24.5, 21.5, 25, 22, 22.5, 21, 21.5, 21, 19.5, 17, 16.5, 18, 15.5, 17, 14.5, 17, 11.5, 15.5, 10, 11.5, 10, 7, 13.5, 7, 15.5, 8, 16.5, 8, 20.5, 9, 21.5, 9, 24.5, 10.5, 27]], "iscrowd": 0}, {"id": 3115, "image_id": 553, "category_id": 5, "bbox": [2, 11, 5, 5], "area": 25, "segmentation": [[7, 15.5, 7, 14.5, 5.5, 13, 4.5, 13, 2.5, 11, 2, 11.5, 2, 14.5, 3.5, 16]], "iscrowd": 0}, {"id": 3116, "image_id": 553, "category_id": 6, "bbox": [9, 22, 15, 24.259], "area": 363.892, "segmentation": [[15.303, 46.243, 13, 39.648, 14.5, 38.148, 16.5, 40.148, 20.5, 37.148, 21.5, 37.148, 24, 33.648, 24, 27.648, 20.5, 23.148, 19.5, 23.148, 16.5, 26.148, 15.5, 25.148, 14.5, 26.148, 13, 24.648, 13, 23.648, 10.5, 22.148, 9, 24.648, 9, 34.648, 11, 38.648, 11.305, 46.408]], "iscrowd": 0}, {"id": 3117, "image_id": 553, "category_id": 3, "bbox": [14, 48, 7, 12.5], "area": 87.5, "segmentation": [[19, 60.5, 21, 54.5, 19, 52.5, 18, 49.5, 16.5, 48, 14.5, 48, 14, 49.5, 18, 53.5, 18, 55.5, 17, 56.5, 17, 60.5]], "iscrowd": 0}]}