{"categories": [{"id": 0, "name": "body-parts", "supercategory": "none"}, {"id": 1, "name": "Head", "supercategory": "body-parts"}, {"id": 2, "name": "Lower_Arm", "supercategory": "body-parts"}, {"id": 3, "name": "Lower_Leg", "supercategory": "body-parts"}, {"id": 4, "name": "Torso", "supercategory": "body-parts"}, {"id": 5, "name": "Upper_Arm", "supercategory": "body-parts"}, {"id": 6, "name": "Upper_Leg", "supercategory": "body-parts"}], "images": [{"id": 120, "license": 1, "file_name": "1_right7.jpg", "height": 64, "width": 27, "date_captured": "2023-06-08T19:45:40+00:00"}], "annotations": [{"id": 681, "image_id": 120, "category_id": 4, "bbox": [9, 16, 12.7, 10.4], "area": 132.08, "segmentation": [[10.4, 26.4, 21.5, 24.9, 17.9, 16, 11, 16.9, 8.8, 21.7]], "iscrowd": 0}, {"id": 682, "image_id": 120, "category_id": 6, "bbox": [10, 25, 13.5, 15.2], "area": 205.2, "segmentation": [[22, 25.3, 23.2, 29.9, 22.6, 34.2, 18.1, 40.3, 11.6, 40.5, 11.8, 36.4, 9.7, 33, 10, 25.9]], "iscrowd": 0}, {"id": 683, "image_id": 120, "category_id": 3, "bbox": [12, 42, 7.9, 20.1], "area": 158.79, "segmentation": [[12.3, 41.8, 19, 42.4, 20, 46.7, 19.4, 49.4, 19.4, 54.4, 18.3, 60.6, 16.5, 61.9, 15, 60.4, 16.4, 58, 17.7, 55.3, 15, 50.8, 13.5, 47.3, 12.1, 44]], "iscrowd": 0}, {"id": 684, "image_id": 120, "category_id": 2, "bbox": [3, 6, 4, 12.2], "area": 48.8, "segmentation": [[3, 6.3, 4, 5.7, 4.7, 6.9, 4.6, 9.7, 4.7, 11.7, 6.1, 14.6, 7, 17.1, 6.3, 17.9, 4.2, 16, 3.3, 13.8]], "iscrowd": 0}, {"id": 685, "image_id": 120, "category_id": 5, "bbox": [6, 10, 11.2, 8.2], "area": 91.84, "segmentation": [[6.9, 17.8, 10.7, 16.7, 15.4, 15.8, 17.5, 13.6, 16.1, 11.1, 12.4, 9.6, 9.4, 10.9, 6.5, 13.6, 6.3, 14.6]], "iscrowd": 0}]}