{"categories": [{"id": 0, "name": "body-parts", "supercategory": "none"}, {"id": 1, "name": "Head", "supercategory": "body-parts"}, {"id": 2, "name": "Lower_Arm", "supercategory": "body-parts"}, {"id": 3, "name": "Lower_Leg", "supercategory": "body-parts"}, {"id": 4, "name": "Torso", "supercategory": "body-parts"}, {"id": 5, "name": "Upper_Arm", "supercategory": "body-parts"}, {"id": 6, "name": "Upper_Leg", "supercategory": "body-parts"}], "images": [{"id": 792, "license": 1, "file_name": "1_right5.jpg", "height": 64, "width": 27, "date_captured": "2023-06-08T19:45:40+00:00"}], "annotations": [{"id": 4475, "image_id": 792, "category_id": 2, "bbox": [4, 5, 9, 10], "area": 90, "segmentation": [[8, 12.5, 11, 9.5, 13, 7.5, 13, 6.5, 11.5, 5, 10, 6.5, 10, 7.5, 4, 12.5, 4, 13.5, 5.5, 15]], "iscrowd": 0}, {"id": 4476, "image_id": 792, "category_id": 5, "bbox": [6, 10, 12.5, 5], "area": 62.5, "segmentation": [[17, 14.5, 18, 13.5, 18, 11.5, 16.5, 10, 10.5, 10, 9.5, 11, 9.8, 11, 8.6, 12.2, 7.8, 12.6, 5.5, 15]], "iscrowd": 0}, {"id": 4477, "image_id": 792, "category_id": 4, "bbox": [9, 9, 14, 17.8], "area": 249.2, "segmentation": [[16.1, 26.6, 22.4, 25, 23, 21.5, 22, 20.5, 20.2, 9.6, 13, 9.3, 9.5, 18, 9, 19.5, 10, 20.5, 10, 22.5, 9, 24.5, 10, 25.5, 10.1, 26.9, 11.2, 27.1]], "iscrowd": 0}, {"id": 4478, "image_id": 792, "category_id": 6, "bbox": [10, 25, 12.1, 14], "area": 169.4, "segmentation": [[18, 38.5, 21, 35.5, 22, 33.5, 22, 30.5, 22.2, 28.8, 20.5, 25, 17.5, 25, 10.6, 28, 10.1, 33.1, 11.8, 38.5, 16.5, 39]], "iscrowd": 0}, {"id": 4479, "image_id": 792, "category_id": 3, "bbox": [13, 39, 8.5, 14.4], "area": 122.4, "segmentation": [[20, 53.5, 20, 51.5, 21, 50.5, 18.5, 44.7, 17.4, 42.3, 16.7, 41, 17.5, 40, 16.2, 39.2, 14.8, 39.2, 12.5, 39.1, 13, 45.5, 15, 47.5, 17, 53.5]], "iscrowd": 0}]}