{"categories": [{"id": 0, "name": "body-parts", "supercategory": "none"}, {"id": 1, "name": "Head", "supercategory": "body-parts"}, {"id": 2, "name": "Lower_Arm", "supercategory": "body-parts"}, {"id": 3, "name": "Lower_Leg", "supercategory": "body-parts"}, {"id": 4, "name": "Torso", "supercategory": "body-parts"}, {"id": 5, "name": "Upper_Arm", "supercategory": "body-parts"}, {"id": 6, "name": "Upper_Leg", "supercategory": "body-parts"}], "images": [{"id": 1086, "license": 1, "file_name": "1_right6.jpg", "height": 64, "width": 27, "date_captured": "2023-06-08T19:45:40+00:00"}], "annotations": [{"id": 6098, "image_id": 1086, "category_id": 4, "bbox": [10, 10, 13.791, 19], "area": 262.029, "segmentation": [[15.83, 9.748, 17.83, 9.748, 17.83, 10.748, 22.687, 10.569, 23.012, 19.966, 23.252, 22.481, 23.5, 25.045, 20.366, 27.538, 16.488, 27.236, 13.089, 27.134, 11.36, 28.509, 11.83, 28.748, 9.709, 27.899, 10.83, 20.748, 10.464, 20.907, 10.165, 20.142, 10.175, 19.339, 9.989, 16.25, 10.848, 10.66, 15.83, 10.748]], "iscrowd": 0}, {"id": 6099, "image_id": 1086, "category_id": 6, "bbox": [9, 26, 14.91, 21.207], "area": 316.204, "segmentation": [[10.741, 29.364, 14.272, 27.405, 18.95, 27.966, 22.359, 25.945, 23.927, 25.907, 24.296, 31.881, 21.43, 37.846, 17.088, 40.041, 18.098, 46.248, 13.989, 47.114, 12.442, 42.242, 11.797, 38.081, 9.386, 34.136]], "iscrowd": 0}, {"id": 6100, "image_id": 1086, "category_id": 3, "bbox": [14, 46, 8.114, 15.905], "area": 129.044, "segmentation": [[13.77, 47.541, 18.833, 46.409, 19.577, 54.698, 21.884, 57.175, 18.175, 62.314, 17.277, 60.004, 17.876, 55.407]], "iscrowd": 0}, {"id": 6101, "image_id": 1086, "category_id": 5, "bbox": [4, 11, 6.395, 7.906], "area": 50.558, "segmentation": [[10.143, 11.429, 6.932, 14.273, 5.054, 13.554, 3.901, 16.253, 8.318, 19.037, 10.296, 19.334]], "iscrowd": 0}, {"id": 6102, "image_id": 1086, "category_id": 2, "bbox": [2, 6, 2.994, 10.53], "area": 31.525, "segmentation": [[2.429, 6.286, 5.422, 7.129, 4.935, 14.4, 3.552, 16.815]], "iscrowd": 0}, {"id": 6103, "image_id": 1086, "category_id": 1, "bbox": [9, 3, 13, 6.607], "area": 85.886, "segmentation": [[11.143, 3, 18.903, 3.967, 22.136, 5.852, 19.595, 9.579, 12.713, 9.607, 9.136, 6.575]], "iscrowd": 0}]}