{"categories": [{"id": 0, "name": "body-parts", "supercategory": "none"}, {"id": 1, "name": "Head", "supercategory": "body-parts"}, {"id": 2, "name": "Lower_Arm", "supercategory": "body-parts"}, {"id": 3, "name": "Lower_Leg", "supercategory": "body-parts"}, {"id": 4, "name": "Torso", "supercategory": "body-parts"}, {"id": 5, "name": "Upper_Arm", "supercategory": "body-parts"}, {"id": 6, "name": "Upper_Leg", "supercategory": "body-parts"}], "images": [{"id": 409, "license": 1, "file_name": "1_supine5.jpg", "height": 64, "width": 27, "date_captured": "2023-06-08T19:45:40+00:00"}], "annotations": [{"id": 2267, "image_id": 409, "category_id": 1, "bbox": [11, 4, 4.7, 3.6], "area": 16.92, "segmentation": [[15.3, 7.3, 15.5, 4, 11.5, 4, 10.8, 5.8, 11.4, 7.6]], "iscrowd": 0}, {"id": 2268, "image_id": 409, "category_id": 4, "bbox": [8, 12, 12.6, 15], "area": 189, "segmentation": [[20, 26.5, 20, 18.5, 20.1, 16.4, 20, 14.5, 17.5, 12, 7.5, 13, 7.6, 14.6, 7.6, 15.8, 8, 17.5, 8.5, 27, 9.5, 26, 18.5, 26, 19.5, 27]], "iscrowd": 0}, {"id": 2269, "image_id": 409, "category_id": 5, "bbox": [4, 13, 4, 11.5], "area": 46, "segmentation": [[8, 24.5, 8, 13.5, 6.5, 13, 5, 14.5, 4.2, 20.8, 4, 22.5, 4, 24.5]], "iscrowd": 0}, {"id": 2270, "image_id": 409, "category_id": 5, "bbox": [20, 13, 4.1, 11.5], "area": 47.15, "segmentation": [[24, 23.5, 24, 14.5, 19.9, 12.5, 20, 18.5, 20.4, 20.4, 21, 22.5, 22.5, 24]], "iscrowd": 0}, {"id": 2271, "image_id": 409, "category_id": 6, "bbox": [6, 26, 16.1, 16.4], "area": 264.04, "segmentation": [[18.2, 40.6, 19.5, 35, 22.1, 30.7, 21.7, 28.4, 19.8, 26.2, 12, 26.6, 10.5, 26, 8.5, 26, 6, 28.5, 6, 34.5, 8.5, 37, 8.8, 41.8, 12.5, 42.4, 16.7, 42.1]], "iscrowd": 0}, {"id": 2272, "image_id": 409, "category_id": 3, "bbox": [14, 42, 4, 8.5], "area": 34, "segmentation": [[17, 50.5, 18, 49.5, 18, 43.5, 16.5, 42, 15.5, 42, 14, 43.5, 14, 50.5]], "iscrowd": 0}, {"id": 2273, "image_id": 409, "category_id": 3, "bbox": [8, 42, 6.1, 18.4], "area": 112.24, "segmentation": [[12.2, 60, 12, 56.5, 12, 52.5, 14, 48.5, 14, 44.5, 11.5, 42, 10.5, 42, 8, 44.5, 7.9, 46.1, 8, 47.5, 8, 51.5, 9, 52.5, 9, 55.5, 8.1, 60.4]], "iscrowd": 0}]}