{"categories": [{"id": 0, "name": "body-parts", "supercategory": "none"}, {"id": 1, "name": "Head", "supercategory": "body-parts"}, {"id": 2, "name": "Lower_Arm", "supercategory": "body-parts"}, {"id": 3, "name": "Lower_Leg", "supercategory": "body-parts"}, {"id": 4, "name": "Torso", "supercategory": "body-parts"}, {"id": 5, "name": "Upper_Arm", "supercategory": "body-parts"}, {"id": 6, "name": "Upper_Leg", "supercategory": "body-parts"}], "images": [{"id": 162, "license": 1, "file_name": "1_supine6.jpg", "height": 64, "width": 27, "date_captured": "2023-06-08T19:45:40+00:00"}], "annotations": [{"id": 916, "image_id": 162, "category_id": 4, "bbox": [8, 11, 12.279, 15.417], "area": 189.304, "segmentation": [[9.286, 10.714, 19.414, 10.8, 20.37, 21.834, 20.022, 26.131, 8.616, 25.01, 8.091, 18.519]], "iscrowd": 0}, {"id": 917, "image_id": 162, "category_id": 5, "bbox": [3, 13, 4.944, 14.072], "area": 69.577, "segmentation": [[8.245, 12.502, 8.198, 17.689, 4.092, 26.574, 3.301, 22.141]], "iscrowd": 0}, {"id": 918, "image_id": 162, "category_id": 5, "bbox": [20, 11, 4.513, 16.731], "area": 75.504, "segmentation": [[20.143, 11.429, 23.033, 15.431, 24.139, 23.825, 23.825, 28.16, 21.083, 22.184, 19.626, 12.325]], "iscrowd": 0}, {"id": 919, "image_id": 162, "category_id": 1, "bbox": [8, 1, 12.275, 8.486], "area": 104.156, "segmentation": [[10.857, 1.429, 18.679, 1.369, 20.265, 4.985, 20.552, 8.646, 15.65, 9.855, 11.472, 9.451, 8.854, 6.854, 8.278, 3.843]], "iscrowd": 0}, {"id": 920, "image_id": 162, "category_id": 3, "bbox": [8, 45, 6.138, 16.258], "area": 99.791, "segmentation": [[10, 45.286, 12.932, 45.105, 13.823, 50.374, 12.338, 54.954, 11.979, 58.617, 14.61, 59.795, 14.269, 60.535, 11.486, 61.363, 8.472, 59.737, 10.751, 58.702, 11.383, 54.31, 9.617, 51.049]], "iscrowd": 0}, {"id": 921, "image_id": 162, "category_id": 3, "bbox": [15, 45, 5.029, 17.029], "area": 85.63, "segmentation": [[16.143, 44.857, 18.884, 44.575, 19.518, 50.634, 18.16, 54.97, 17.379, 58.038, 19.783, 59.745, 17.113, 61.604, 14.754, 60.114, 16.403, 58.126, 16.653, 52.275, 15.905, 45.861]], "iscrowd": 0}, {"id": 922, "image_id": 162, "category_id": 4, "bbox": [6, 23, 17, 25], "area": 425, "segmentation": [[19, 47.5, 19, 42.5, 20, 41.5, 20, 38.5, 23, 33.5, 23, 27.5, 20.5, 24, 18.5, 25, 15.5, 25, 14.5, 24, 10.5, 24, 8.5, 23, 6, 27.5, 6, 34.5, 10, 39.5, 11, 44.5, 13, 44.5, 13, 41.5, 14, 39.5, 15.5, 39, 16, 42.5, 17, 43.5, 17, 46.5, 18.5, 48]], "iscrowd": 0}]}