{"categories": [{"id": 0, "name": "body-parts", "supercategory": "none"}, {"id": 1, "name": "Head", "supercategory": "body-parts"}, {"id": 2, "name": "Lower_Arm", "supercategory": "body-parts"}, {"id": 3, "name": "Lower_Leg", "supercategory": "body-parts"}, {"id": 4, "name": "Torso", "supercategory": "body-parts"}, {"id": 5, "name": "Upper_Arm", "supercategory": "body-parts"}, {"id": 6, "name": "Upper_Leg", "supercategory": "body-parts"}], "images": [{"id": 1090, "license": 1, "file_name": "1_supine7.jpg", "height": 64, "width": 27, "date_captured": "2023-06-08T19:45:40+00:00"}], "annotations": [{"id": 6120, "image_id": 1090, "category_id": 1, "bbox": [11, 3, 7, 5.4], "area": 37.8, "segmentation": [[14.5, 8.2, 11.2, 6.3, 12.2, 4.4, 16, 2.8, 18.2, 5.4, 17, 7.8]], "iscrowd": 0}, {"id": 6121, "image_id": 1090, "category_id": 4, "bbox": [7, 11, 15.5, 15], "area": 232.5, "segmentation": [[15.3, 10.9, 20.6, 12.7, 22.2, 17.7, 21.5, 24.7, 17.2, 25.9, 9.6, 25.5, 7.5, 25.2, 7.2, 20.5, 6.7, 14.7, 10.7, 11.3]], "iscrowd": 0}, {"id": 6122, "image_id": 1090, "category_id": 6, "bbox": [6, 25, 17.2, 21.6], "area": 371.52, "segmentation": [[6, 31.5, 9, 35.7, 8.4, 41.2, 7.3, 45.7, 9.5, 47.1, 14.2, 46.8, 19.8, 46.8, 22.3, 47, 21.9, 43.6, 19.6, 39.9, 19.8, 37.3, 22.3, 33.6, 22.9, 29.9, 22, 26.8, 20.9, 25.5, 7.1, 25.7, 5.7, 29.4, 5.9, 31.3]], "iscrowd": 0}, {"id": 6123, "image_id": 1090, "category_id": 3, "bbox": [7, 48, 15, 11.7], "area": 175.5, "segmentation": [[7.8, 48.4, 22.2, 48.4, 16.6, 55.4, 16.3, 60, 14.2, 59, 11.9, 60.1, 11.7, 54.5, 7.2, 51.4]], "iscrowd": 0}]}