{"categories": [{"id": 0, "name": "body-parts", "supercategory": "none"}, {"id": 1, "name": "Head", "supercategory": "body-parts"}, {"id": 2, "name": "Lower_Arm", "supercategory": "body-parts"}, {"id": 3, "name": "Lower_Leg", "supercategory": "body-parts"}, {"id": 4, "name": "Torso", "supercategory": "body-parts"}, {"id": 5, "name": "Upper_Arm", "supercategory": "body-parts"}, {"id": 6, "name": "Upper_Leg", "supercategory": "body-parts"}], "images": [{"id": 499, "license": 1, "file_name": "1_supine2.jpg", "height": 64, "width": 27, "date_captured": "2023-06-08T19:45:40+00:00"}], "annotations": [{"id": 2796, "image_id": 499, "category_id": 1, "bbox": [12, 4, 7, 5.3], "area": 37.1, "segmentation": [[14.1, 9, 11.7, 8.3, 11.8, 5.5, 14.3, 4, 16.9, 4, 18.7, 5.5, 17.9, 8, 16.4, 9.3]], "iscrowd": 0}, {"id": 2797, "image_id": 499, "category_id": 2, "bbox": [1, 22, 6.6, 9.9], "area": 65.34, "segmentation": [[7.1, 24.2, 5.3, 29.6, 3, 31.8, 1.3, 32.2, 1.2, 30.7, 2.8, 28, 3.8, 24.9, 4.5, 23.1, 6.5, 22.3, 7.8, 23.5]], "iscrowd": 0}, {"id": 2798, "image_id": 499, "category_id": 2, "bbox": [21, 24, 3.8, 10.8], "area": 41.04, "segmentation": [[20.8, 24.9, 21.1, 27.9, 21.9, 30.4, 22.3, 34.5, 24.4, 32.7, 24.4, 30, 24.6, 27.3, 24.3, 25, 23.5, 23.7, 21.5, 24]], "iscrowd": 0}, {"id": 2799, "image_id": 499, "category_id": 5, "bbox": [5, 13, 3.7, 10.6], "area": 39.22, "segmentation": [[8.4, 12.9, 8.1, 16.2, 8.3, 20, 7.8, 23.5, 4.7, 23.1, 4.8, 20.2, 5.2, 16.1, 5.9, 13.5]], "iscrowd": 0}, {"id": 2800, "image_id": 499, "category_id": 5, "bbox": [19, 12, 4.7, 12.4], "area": 58.28, "segmentation": [[23.5, 23.7, 21, 24.8, 21, 22, 21.2, 18.8, 20.6, 17.1, 19.6, 15.7, 19.1, 13.7, 19.3, 12.4, 22.2, 14.1, 22.9, 15.8, 23.2, 18.5, 23.8, 21.1]], "iscrowd": 0}, {"id": 2801, "image_id": 499, "category_id": 4, "bbox": [8, 11, 12.8, 14.3], "area": 183.04, "segmentation": [[8.1, 13.1, 11.9, 11.8, 15.2, 11.2, 18.2, 11.7, 19.5, 12.7, 20.3, 16.3, 20.4, 19.1, 20.2, 22, 19.9, 25.5, 7.6, 25.2, 8.5, 23.4, 8.7, 19.6, 7.9, 15.8]], "iscrowd": 0}, {"id": 2802, "image_id": 499, "category_id": 6, "bbox": [5, 25, 16, 22.7], "area": 363.2, "segmentation": [[8.1, 24.8, 6.8, 27.8, 6.1, 30.6, 5.1, 33.6, 6.3, 37.7, 9.4, 39.5, 11.4, 39.4, 13.4, 38.2, 13.6, 40.8, 13.6, 43.3, 13.5, 46, 13.9, 47.2, 17, 47.4, 18.4, 46.9, 18.4, 43.3, 19.1, 39.8, 20.2, 36.8, 20.7, 33.8, 21.1, 31, 20.4, 28.1, 19.5, 24.7]], "iscrowd": 0}, {"id": 2803, "image_id": 499, "category_id": 3, "bbox": [11, 48, 7.7, 13.9], "area": 107.03, "segmentation": [[14, 48.1, 16.4, 48.1, 18.2, 47.9, 18.3, 50.4, 17.3, 52.6, 16.2, 55.4, 15.6, 57.6, 16.1, 60.4, 14.4, 61.8, 11.8, 61.1, 10.6, 59.5, 12.5, 57.3, 13.4, 55.6, 13.9, 51.4]], "iscrowd": 0}]}