{"categories": [{"id": 0, "name": "body-parts", "supercategory": "none"}, {"id": 1, "name": "Head", "supercategory": "body-parts"}, {"id": 2, "name": "Lower_Arm", "supercategory": "body-parts"}, {"id": 3, "name": "Lower_Leg", "supercategory": "body-parts"}, {"id": 4, "name": "Torso", "supercategory": "body-parts"}, {"id": 5, "name": "Upper_Arm", "supercategory": "body-parts"}, {"id": 6, "name": "Upper_Leg", "supercategory": "body-parts"}], "images": [{"id": 1081, "license": 1, "file_name": "1_supine4.jpg", "height": 64, "width": 27, "date_captured": "2023-06-08T19:45:40+00:00"}], "annotations": [{"id": 6072, "image_id": 1081, "category_id": 1, "bbox": [11, 2, 7.4, 8.1], "area": 59.94, "segmentation": [[13.2, 9.6, 11.3, 6.9, 10.8, 4.7, 13, 2.5, 15.5, 2.1, 18.2, 3.9, 17.9, 6.4, 17.2, 8.7, 14.9, 10.2]], "iscrowd": 0}, {"id": 6073, "image_id": 1081, "category_id": 2, "bbox": [3, 22, 3.6, 9.5], "area": 34.2, "segmentation": [[4.3, 22.4, 7, 23.3, 6.5, 24.8, 5.4, 27.4, 5, 31.9, 3.5, 29.7, 3.4, 26.3]], "iscrowd": 0}, {"id": 6074, "image_id": 1081, "category_id": 2, "bbox": [21, 23, 2.9, 8.6], "area": 24.94, "segmentation": [[21, 23.1, 22.6, 23.1, 23.9, 23.1, 23.6, 25.4, 23.6, 27.6, 23.9, 30.5, 23.1, 31.7, 22.4, 28.6, 21, 25.6]], "iscrowd": 0}, {"id": 6075, "image_id": 1081, "category_id": 5, "bbox": [4, 13, 3.9, 10.9], "area": 42.51, "segmentation": [[7, 23.5, 4.3, 22.7, 5.2, 19.4, 5.3, 16.1, 5.5, 13.5, 7.9, 12.6, 8.2, 14.9, 7.9, 17.6, 7.4, 20.5]], "iscrowd": 0}, {"id": 6076, "image_id": 1081, "category_id": 5, "bbox": [20, 13, 3.8, 10.7], "area": 40.66, "segmentation": [[20, 12.8, 22, 13.8, 23, 15.1, 22.9, 17.8, 23.3, 19.5, 23.5, 23.5, 21.2, 23.4, 21.2, 22.1, 20.8, 20.4, 20.6, 18.4, 19.7, 16.9]], "iscrowd": 0}, {"id": 6077, "image_id": 1081, "category_id": 4, "bbox": [8, 11, 12.7, 13.8], "area": 175.26, "segmentation": [[7.5, 12.9, 10.2, 12.2, 13.3, 11.5, 17.3, 11.6, 20.2, 13.1, 19.9, 17.2, 19.9, 20.1, 20, 23.8, 20, 25.3, 17.2, 24.3, 15.3, 24.4, 10.5, 24.3, 8.4, 25, 7.6, 24.6, 7.9, 22.7, 8.1, 19.7, 7.8, 16.5]], "iscrowd": 0}, {"id": 6078, "image_id": 1081, "category_id": 6, "bbox": [7, 24, 14.5, 22.6], "area": 327.7, "segmentation": [[13.2, 38.7, 12.3, 40.1, 11.1, 40.1, 10, 39.3, 7.9, 37.6, 7, 35.2, 7, 32.9, 7, 29.5, 7.4, 26.7, 8.5, 24.4, 11.4, 24.1, 17.3, 24.2, 20.6, 25.4, 20.6, 27, 21.5, 29.3, 21.5, 31.8, 21, 33.9, 20, 36.5, 18.7, 39.9, 18.6, 41.3, 18.6, 42.7, 18.2, 44.7, 17.3, 46.6, 15.9, 46.7, 15.2, 46.1, 15.1, 43.6, 15.4, 41.8, 15.5, 40.3, 15.1, 38.6, 14, 37.3]], "iscrowd": 0}, {"id": 6079, "image_id": 1081, "category_id": 3, "bbox": [13, 48, 5.1, 13.5], "area": 68.85, "segmentation": [[17.6, 48.2, 15.7, 48, 14.4, 48.7, 14.2, 50.8, 14.4, 52.9, 14.7, 54.5, 14.4, 56.2, 13.7, 58.5, 13.1, 59.8, 13.7, 61.3, 15, 61.5, 16.2, 60.8, 16.6, 59.3, 15.9, 57.6, 16.2, 55.7, 17.2, 53.9, 18, 52.2, 18.2, 50.1]], "iscrowd": 0}, {"id": 6080, "image_id": 1081, "category_id": 3, "bbox": [9, 41, 4.6, 9.9], "area": 45.54, "segmentation": [[13, 40.9, 10.6, 41, 9.2, 42, 8.8, 44.2, 9.2, 46.2, 9.1, 48.7, 10.2, 50.5, 11.7, 50.8, 12.7, 48.6, 13, 45.9, 13.4, 43.1]], "iscrowd": 0}]}