{"categories": [{"id": 0, "name": "body-parts", "supercategory": "none"}, {"id": 1, "name": "Head", "supercategory": "body-parts"}, {"id": 2, "name": "Lower_Arm", "supercategory": "body-parts"}, {"id": 3, "name": "Lower_Leg", "supercategory": "body-parts"}, {"id": 4, "name": "Torso", "supercategory": "body-parts"}, {"id": 5, "name": "Upper_Arm", "supercategory": "body-parts"}, {"id": 6, "name": "Upper_Leg", "supercategory": "body-parts"}], "images": [{"id": 1021, "license": 1, "file_name": "16_left2.jpg", "height": 64, "width": 27, "date_captured": "2023-06-08T19:45:40+00:00"}], "annotations": [{"id": 5755, "image_id": 1021, "category_id": 3, "bbox": [0, 43, 21.5, 7.1], "area": 152.65, "segmentation": [[2.9, 50.4, 6, 47.4, 20.5, 48, 21.5, 45.3, 20.4, 43.4, 16.6, 44.2, 2.5, 45, 0, 47, 0, 50.5]], "iscrowd": 0}, {"id": 5756, "image_id": 1021, "category_id": 6, "bbox": [7, 28, 14.4, 15.6], "area": 224.64, "segmentation": [[20, 43.5, 20, 32.5, 21, 31.5, 21, 28.5, 6.6, 28.4, 6.6, 32.5, 7, 36.8, 12.5, 40, 15.5, 40, 16, 42.5, 17.5, 44]], "iscrowd": 0}, {"id": 5757, "image_id": 1021, "category_id": 4, "bbox": [8, 11, 13, 16.5], "area": 214.5, "segmentation": [[16, 27.5, 20, 26.5, 20, 21.5, 21, 20.5, 20, 19.5, 19.5, 11, 14.5, 11, 13.5, 12, 10.5, 12, 9, 13.5, 9, 15.5, 8, 16.5, 8, 27.5]], "iscrowd": 0}, {"id": 5758, "image_id": 1021, "category_id": 4, "bbox": [19, 10, 7.8, 11], "area": 85.8, "segmentation": [[26, 20.6, 27, 19.6, 26, 16.6, 19.2, 10.1, 19.5, 18.1, 20.5, 20.1, 23.1, 18.8, 24.5, 21.1]], "iscrowd": 0}, {"id": 5759, "image_id": 1021, "category_id": 1, "bbox": [13, 4, 5.4, 4.3], "area": 23.22, "segmentation": [[15.2, 7.8, 12.6, 5.8, 15.1, 3.5, 18, 5.4]], "iscrowd": 0}]}