{"categories": [{"id": 0, "name": "body-parts", "supercategory": "none"}, {"id": 1, "name": "Head", "supercategory": "body-parts"}, {"id": 2, "name": "Lower_Arm", "supercategory": "body-parts"}, {"id": 3, "name": "Lower_Leg", "supercategory": "body-parts"}, {"id": 4, "name": "Torso", "supercategory": "body-parts"}, {"id": 5, "name": "Upper_Arm", "supercategory": "body-parts"}, {"id": 6, "name": "Upper_Leg", "supercategory": "body-parts"}], "images": [{"id": 1496, "license": 1, "file_name": "16_left6.jpg", "height": 64, "width": 27, "date_captured": "2023-06-08T19:45:40+00:00"}], "annotations": [{"id": 8476, "image_id": 1496, "category_id": 3, "bbox": [7, 49, 7.8, 15.5], "area": 120.9, "segmentation": [[7.7, 63.8, 7.4, 55.3, 8.2, 51.9, 10.1, 49.9, 12, 48.5, 13.8, 49, 15.2, 50.5, 15.1, 52.5, 14, 55.9, 12.5, 60.4, 10.5, 63.4, 9.7, 64]], "iscrowd": 0}, {"id": 8477, "image_id": 1496, "category_id": 6, "bbox": [4, 31, 16.7, 16.5], "area": 275.55, "segmentation": [[15.4, 47.8, 18.6, 42.8, 20.3, 38.2, 20.8, 34.9, 19.9, 32.8, 16.2, 32.2, 10.6, 31.3, 7.1, 31.3, 5.2, 32.2, 4.1, 34.7, 4.5, 36.7, 6.6, 39.7, 8.1, 41.7, 9.4, 43.1, 10.2, 45.1, 11.6, 46.9, 12.6, 47.6]], "iscrowd": 0}, {"id": 8478, "image_id": 1496, "category_id": 4, "bbox": [5, 11, 16.3, 22], "area": 358.6, "segmentation": [[6.4, 17.2, 6.2, 23, 6, 27.2, 5.5, 29.7, 5.3, 31.4, 6.2, 31.5, 20, 33.2, 20.7, 30.4, 21.6, 23.8, 20.7, 20, 20.3, 17.2, 16, 16.5, 12.1, 15.3, 10.5, 11.2, 8.1, 12.1, 7.2, 15]], "iscrowd": 0}, {"id": 8479, "image_id": 1496, "category_id": 5, "bbox": [11, 11, 14.2, 11.9], "area": 168.98, "segmentation": [[11.3, 13.3, 14.5, 11.1, 17.4, 11, 20.5, 12.4, 22.6, 14.2, 24.2, 16.1, 25.4, 18, 25.5, 20.4, 25.2, 22.1, 24.3, 22.9, 22.2, 21.4, 21.1, 19.9, 19.3, 16.7, 16.7, 16.1, 14.9, 16.1, 11.8, 15]], "iscrowd": 0}]}