{"categories": [{"id": 0, "name": "body-parts", "supercategory": "none"}, {"id": 1, "name": "Head", "supercategory": "body-parts"}, {"id": 2, "name": "Lower_Arm", "supercategory": "body-parts"}, {"id": 3, "name": "Lower_Leg", "supercategory": "body-parts"}, {"id": 4, "name": "Torso", "supercategory": "body-parts"}, {"id": 5, "name": "Upper_Arm", "supercategory": "body-parts"}, {"id": 6, "name": "Upper_Leg", "supercategory": "body-parts"}], "images": [{"id": 202, "license": 1, "file_name": "16_left1.jpg", "height": 64, "width": 27, "date_captured": "2023-06-08T19:45:40+00:00"}], "annotations": [{"id": 1130, "image_id": 202, "category_id": 1, "bbox": [10, 5, 11, 3], "area": 33, "segmentation": [[20, 7.5, 21, 6.5, 19.5, 5, 10, 5.5, 10, 6.5, 12.5, 8]], "iscrowd": 0}, {"id": 1131, "image_id": 202, "category_id": 4, "bbox": [8, 10, 13, 18.5], "area": 240.5, "segmentation": [[19, 28.5, 21, 26.5, 21, 20.5, 20, 19.5, 21, 17.5, 21, 11.5, 18.5, 11, 17.5, 10, 15.5, 11, 14.5, 10, 12.5, 11, 9.5, 11, 9, 17.5, 8, 18.5, 8, 21.5, 9, 22.5, 9, 28.5]], "iscrowd": 0}, {"id": 1132, "image_id": 202, "category_id": 5, "bbox": [18, 11, 8, 11], "area": 88, "segmentation": [[26, 21.5, 26, 18.5, 25, 16.5, 23, 14.5, 23, 13.5, 20.5, 11, 19.5, 11, 19, 13.5, 20, 14.5, 19.5, 15, 18.5, 14, 18, 15.5, 20.5, 18, 21.5, 18, 24.5, 22]], "iscrowd": 0}, {"id": 1133, "image_id": 202, "category_id": 6, "bbox": [7, 27, 12, 20], "area": 240, "segmentation": [[16, 46.5, 17, 45.5, 17, 41.5, 18, 40.5, 18, 32.5, 19, 31.5, 19, 28.5, 17.5, 27, 15.5, 27, 14.5, 28, 10.5, 28, 9.5, 27, 8, 29.5, 8, 33.5, 7, 34.5, 7, 36.5, 12, 40.5, 12, 43.5, 13, 45.5, 14.5, 47]], "iscrowd": 0}, {"id": 1134, "image_id": 202, "category_id": 3, "bbox": [11, 48, 6, 15.5], "area": 93, "segmentation": [[15, 63.5, 15, 59.5, 17, 55.5, 16.5, 48, 14.5, 48, 13, 49.5, 13, 51.5, 11, 55.5, 11, 57.5, 12, 58.5, 12, 63.5]], "iscrowd": 0}]}