{"categories": [{"id": 0, "name": "body-parts", "supercategory": "none"}, {"id": 1, "name": "Head", "supercategory": "body-parts"}, {"id": 2, "name": "Lower_Arm", "supercategory": "body-parts"}, {"id": 3, "name": "Lower_Leg", "supercategory": "body-parts"}, {"id": 4, "name": "Torso", "supercategory": "body-parts"}, {"id": 5, "name": "Upper_Arm", "supercategory": "body-parts"}, {"id": 6, "name": "Upper_Leg", "supercategory": "body-parts"}], "images": [{"id": 1417, "license": 1, "file_name": "16_left7.jpg", "height": 64, "width": 27, "date_captured": "2023-06-08T19:45:40+00:00"}], "annotations": [{"id": 8009, "image_id": 1417, "category_id": 1, "bbox": [16, 12, 7.923, 5.546], "area": 43.944, "segmentation": [[16.1, 15.7, 17.964, 16.731, 21.702, 17.118, 23.765, 17.118, 24.023, 14.28, 21.574, 11.571, 18.093, 11.958, 16.7, 13.1]], "iscrowd": 0}, {"id": 8010, "image_id": 1417, "category_id": 4, "bbox": [8, 17, 14.181, 12.77], "area": 181.084, "segmentation": [[9.871, 16.645, 16.288, 16.602, 20.413, 17.892, 22.347, 21.633, 22.347, 26.405, 21.058, 29.372, 12.807, 28.985, 8.167, 28.598]], "iscrowd": 0}, {"id": 8011, "image_id": 1417, "category_id": 6, "bbox": [8, 29, 12.188, 17.8], "area": 216.958, "segmentation": [[20.355, 30.355, 17.706, 35.692, 16.933, 38.659, 17.319, 44.98, 15.257, 46.656, 11.003, 46.656, 8.167, 36.595, 8.811, 28.856]], "iscrowd": 0}, {"id": 8012, "image_id": 1417, "category_id": 3, "bbox": [8, 49, 7.477, 13.135], "area": 98.212, "segmentation": [[11.645, 48.742, 15.515, 49.236, 13.323, 54.654, 11.647, 59.426, 10.229, 61.877, 8.038, 55.815]], "iscrowd": 0}, {"id": 8013, "image_id": 1417, "category_id": 2, "bbox": [24, 15, 3, 7.6], "area": 22.8, "segmentation": [[24.065, 19.548, 23.9, 14.8, 26.9, 18.7, 25.6, 22.4]], "iscrowd": 0}]}