{"categories": [{"id": 0, "name": "body-parts", "supercategory": "none"}, {"id": 1, "name": "Head", "supercategory": "body-parts"}, {"id": 2, "name": "Lower_Arm", "supercategory": "body-parts"}, {"id": 3, "name": "Lower_Leg", "supercategory": "body-parts"}, {"id": 4, "name": "Torso", "supercategory": "body-parts"}, {"id": 5, "name": "Upper_Arm", "supercategory": "body-parts"}, {"id": 6, "name": "Upper_Leg", "supercategory": "body-parts"}], "images": [{"id": 62, "license": 1, "file_name": "16_left5.jpg", "height": 64, "width": 27, "date_captured": "2023-06-08T19:45:40+00:00"}], "annotations": [{"id": 330, "image_id": 62, "category_id": 3, "bbox": [8, 50, 5.9, 14.5], "area": 85.55, "segmentation": [[8.2, 63.5, 7.8, 54.1, 8.9, 52, 10.3, 50.3, 11.9, 49.5, 13.7, 51.5, 13.4, 54.4, 13, 57.2, 10.3, 64]], "iscrowd": 0}, {"id": 331, "image_id": 62, "category_id": 6, "bbox": [5, 31, 15.2, 17.5], "area": 266, "segmentation": [[13.2, 48.5, 17.1, 43.6, 19.2, 40.5, 19.4, 35.3, 20.6, 31.8, 5.9, 31, 5.4, 35.2, 7.3, 39.9, 9.2, 43.1]], "iscrowd": 0}, {"id": 332, "image_id": 62, "category_id": 4, "bbox": [6, 11, 16.1, 21.7], "area": 349.37, "segmentation": [[20.9, 30.3, 21.9, 25.6, 21.3, 21.9, 21.4, 18.9, 20.1, 16.7, 16.2, 16.6, 13.1, 16, 11.9, 12.8, 10.1, 10.7, 8.1, 11.6, 8, 16.2, 7.4, 19, 7.4, 22.2, 7.7, 26.3, 6.6, 29, 6, 30.9, 5.8, 31.6, 20.8, 32.4]], "iscrowd": 0}, {"id": 333, "image_id": 62, "category_id": 5, "bbox": [9, 9, 17.6, 7.8], "area": 137.28, "segmentation": [[21.6, 15.8, 24.8, 13.9, 26.9, 12.6, 27, 11, 26.6, 9.2, 25.4, 10.4, 23.1, 10.1, 21.3, 9, 16.6, 9.5, 12.7, 9.9, 11.2, 10.1, 9.4, 10.9, 12.9, 15.6, 15.3, 16.8, 19.3, 16.2]], "iscrowd": 0}]}