{"categories": [{"id": 0, "name": "body-parts", "supercategory": "none"}, {"id": 1, "name": "Head", "supercategory": "body-parts"}, {"id": 2, "name": "Lower_Arm", "supercategory": "body-parts"}, {"id": 3, "name": "Lower_Leg", "supercategory": "body-parts"}, {"id": 4, "name": "Torso", "supercategory": "body-parts"}, {"id": 5, "name": "Upper_Arm", "supercategory": "body-parts"}, {"id": 6, "name": "Upper_Leg", "supercategory": "body-parts"}], "images": [{"id": 674, "license": 1, "file_name": "16_prone6.jpg", "height": 64, "width": 27, "date_captured": "2023-06-08T19:45:40+00:00"}], "annotations": [{"id": 3783, "image_id": 674, "category_id": 4, "bbox": [7, 13, 17.4, 18.5], "area": 321.9, "segmentation": [[8.4, 13.3, 12.1, 13.7, 14.5, 14.2, 18.3, 13, 22.1, 13.1, 23.5, 16.2, 23.7, 19.8, 24.2, 22.6, 23.6, 27.3, 23.1, 29.4, 20.2, 31.3, 14.7, 31.5, 10.1, 31.5, 8.3, 28.9, 7.7, 25.7, 7.7, 22.5, 7.1, 18.8, 6.8, 16.3]], "iscrowd": 0}, {"id": 3784, "image_id": 674, "category_id": 5, "bbox": [3, 16, 4.4, 10.8], "area": 47.52, "segmentation": [[4.5, 16.1, 7, 17.1, 7.8, 21.3, 7, 25, 6.5, 26.9, 3.4, 26.9, 3.4, 22.2, 3.4, 19.3]], "iscrowd": 0}, {"id": 3785, "image_id": 674, "category_id": 5, "bbox": [24, 14, 3.5, 11.5], "area": 40.25, "segmentation": [[24.2, 24, 24, 19.7, 23.5, 14.9, 23.9, 13.8, 27, 16.7, 27, 20.6, 27, 23.3, 27, 24.8, 24.1, 25.3]], "iscrowd": 0}, {"id": 3786, "image_id": 674, "category_id": 2, "bbox": [3, 27, 4.3, 9.5], "area": 40.85, "segmentation": [[6.7, 36, 5.3, 33.4, 4.3, 30.8, 3.4, 26.5, 6.4, 26.8, 7.4, 29.6, 7.7, 32.9, 7.6, 34.5]], "iscrowd": 0}, {"id": 3787, "image_id": 674, "category_id": 2, "bbox": [24, 25, 2.8, 10.8], "area": 30.24, "segmentation": [[25.3, 35.3, 24.2, 30.5, 24.4, 26.7, 24.4, 25.5, 24.7, 24.8, 27, 24.5, 27, 27.8, 27, 32.8, 27, 34.3]], "iscrowd": 0}, {"id": 3788, "image_id": 674, "category_id": 6, "bbox": [9, 31, 17.4, 20], "area": 348, "segmentation": [[9.2, 49.5, 12.8, 50.5, 14.7, 47.4, 17.2, 43.2, 20.2, 45.5, 21.7, 48.4, 24.3, 50.7, 26.1, 49.2, 25.2, 43.6, 25, 37.9, 24.6, 35.2, 22.7, 31.1, 18.5, 30.7, 12.4, 31.4, 9, 32.9, 8.7, 36.9, 9, 41.1, 9.3, 44.2, 9.5, 46.5]], "iscrowd": 0}, {"id": 3789, "image_id": 674, "category_id": 3, "bbox": [10, 50, 4, 4.4], "area": 17.6, "segmentation": [[10.5, 54, 9.6, 50.5, 10.6, 49.6, 13.6, 50.4, 12.9, 52.6]], "iscrowd": 0}]}