{"categories": [{"id": 0, "name": "body-parts", "supercategory": "none"}, {"id": 1, "name": "Head", "supercategory": "body-parts"}, {"id": 2, "name": "Lower_Arm", "supercategory": "body-parts"}, {"id": 3, "name": "Lower_Leg", "supercategory": "body-parts"}, {"id": 4, "name": "Torso", "supercategory": "body-parts"}, {"id": 5, "name": "Upper_Arm", "supercategory": "body-parts"}, {"id": 6, "name": "Upper_Leg", "supercategory": "body-parts"}], "images": [{"id": 393, "license": 1, "file_name": "16_prone4.jpg", "height": 64, "width": 27, "date_captured": "2023-06-08T19:45:40+00:00"}], "annotations": [{"id": 2181, "image_id": 393, "category_id": 4, "bbox": [8, 17, 16, 14], "area": 224, "segmentation": [[22, 30.5, 23, 29.5, 23, 22.5, 24, 21.5, 23, 20.5, 22.5, 18, 20.5, 17, 11.5, 17, 8, 19.5, 8, 26.5, 11.5, 30, 13.5, 31]], "iscrowd": 0}, {"id": 2182, "image_id": 393, "category_id": 6, "bbox": [16, 31, 8, 13], "area": 104, "segmentation": [[21, 43.5, 24, 41.5, 24, 32.5, 22.5, 31, 19.5, 31, 18.5, 32, 16, 32.5, 16, 38.5, 18, 40.5, 18, 41.5, 20.5, 44]], "iscrowd": 0}, {"id": 2183, "image_id": 393, "category_id": 3, "bbox": [7, 43, 4, 7], "area": 28, "segmentation": [[10, 49.5, 11, 45.5, 9.5, 43, 7, 45.5, 7, 47.5, 8.5, 50]], "iscrowd": 0}, {"id": 2184, "image_id": 393, "category_id": 3, "bbox": [19, 47, 4, 8.5], "area": 34, "segmentation": [[23, 55.5, 23, 48.5, 21.5, 47, 19.5, 48, 19, 49.5, 20.2, 51.1, 21, 55.5]], "iscrowd": 0}, {"id": 2185, "image_id": 393, "category_id": 2, "bbox": [1, 1, 7, 4], "area": 28, "segmentation": [[6, 4.5, 8, 2.5, 6.5, 1, 1, 2.5, 1.5, 5]], "iscrowd": 0}, {"id": 2186, "image_id": 393, "category_id": 2, "bbox": [19, 1, 8, 2], "area": 16, "segmentation": [[27, 2.5, 26.5, 1, 19, 1.5, 20.5, 3]], "iscrowd": 0}]}