{"categories": [{"id": 0, "name": "body-parts", "supercategory": "none"}, {"id": 1, "name": "Head", "supercategory": "body-parts"}, {"id": 2, "name": "Lower_Arm", "supercategory": "body-parts"}, {"id": 3, "name": "Lower_Leg", "supercategory": "body-parts"}, {"id": 4, "name": "Torso", "supercategory": "body-parts"}, {"id": 5, "name": "Upper_Arm", "supercategory": "body-parts"}, {"id": 6, "name": "Upper_Leg", "supercategory": "body-parts"}], "images": [{"id": 1391, "license": 1, "file_name": "16_prone5.jpg", "height": 64, "width": 27, "date_captured": "2023-06-08T19:45:40+00:00"}], "annotations": [{"id": 7862, "image_id": 1391, "category_id": 4, "bbox": [7, 16, 13.994, 16.217], "area": 226.94, "segmentation": [[13.222, 16.833, 8.627, 16.269, 6.961, 20.268, 7.739, 24.711, 9.849, 31.597, 15.18, 32.264, 18.512, 30.598, 20.289, 25.71, 20.955, 20.823, 17.401, 16.824, 14.847, 16.047]], "iscrowd": 0}, {"id": 7863, "image_id": 1391, "category_id": 3, "bbox": [22, 42, 4.553, 4.554], "area": 20.738, "segmentation": [[26.286, 43.594, 26.508, 46.26, 22.732, 45.704, 22.177, 43.705, 22.288, 41.928, 24.398, 41.706, 26.73, 43.816]], "iscrowd": 0}, {"id": 7864, "image_id": 1391, "category_id": 2, "bbox": [1, 0, 7.897, 5.221], "area": 41.227, "segmentation": [[8.639, 1.972, 4.518, 4.717, 2.852, 5.605, 0.742, 3.162, 2.075, 0.718, 4.074, 0.385, 7.295, 1.162]], "iscrowd": 0}, {"id": 7865, "image_id": 1391, "category_id": 2, "bbox": [22, 1, 4.998, 3.666], "area": 18.32, "segmentation": [[26.278, 2.389, 23.843, 1.607, 22.288, 1.384, 21.733, 2.939, 23.51, 5.05, 26.286, 4.383, 26.73, 3.495]], "iscrowd": 0}, {"id": 7866, "image_id": 1391, "category_id": 1, "bbox": [11, 0, 7, 3.2], "area": 22.4, "segmentation": [[18.3, 0, 16.6, 3, 14.1, 3.2, 11.3, 0]], "iscrowd": 0}, {"id": 7867, "image_id": 1391, "category_id": 6, "bbox": [8, 32, 12.5, 15.3], "area": 191.25, "segmentation": [[8.8, 32.3, 20.5, 32.3, 20.9, 36.9, 19.7, 39.3, 16.3, 39.3, 16, 43, 15.2, 46.8, 13.4, 47.6, 10, 46.5, 8.8, 42.3, 8.4, 37]], "iscrowd": 0}, {"id": 7868, "image_id": 1391, "category_id": 3, "bbox": [11, 48, 4.1, 9], "area": 36.9, "segmentation": [[10.7, 47.8, 14.7, 48, 13.2, 51.8, 12.9, 56.8, 10.6, 56.8]], "iscrowd": 0}, {"id": 7869, "image_id": 1391, "category_id": 5, "bbox": [1, 5, 5.3, 6.4], "area": 33.92, "segmentation": [[1.4, 4.7, 5.7, 4.8, 6.5, 9, 6.7, 11.1, 3.7, 9.2]], "iscrowd": 0}, {"id": 7870, "image_id": 1391, "category_id": 5, "bbox": [22, 4, 4.8, 5.8], "area": 27.84, "segmentation": [[23.4, 4.7, 26.3, 4.3, 26.4, 8.1, 22.4, 10.1, 21.6, 8.4]], "iscrowd": 0}]}