{"categories": [{"id": 0, "name": "body-parts", "supercategory": "none"}, {"id": 1, "name": "Head", "supercategory": "body-parts"}, {"id": 2, "name": "Lower_Arm", "supercategory": "body-parts"}, {"id": 3, "name": "Lower_Leg", "supercategory": "body-parts"}, {"id": 4, "name": "Torso", "supercategory": "body-parts"}, {"id": 5, "name": "Upper_Arm", "supercategory": "body-parts"}, {"id": 6, "name": "Upper_Leg", "supercategory": "body-parts"}], "images": [{"id": 1606, "license": 1, "file_name": "16_prone7.jpg", "height": 64, "width": 27, "date_captured": "2023-06-08T19:45:40+00:00"}], "annotations": [{"id": 9065, "image_id": 1606, "category_id": 4, "bbox": [6, 18, 19.2, 11.3], "area": 216.96, "segmentation": [[11.8, 29.3, 14.5, 29.2, 16.2, 29.2, 17.3, 28.9, 18.4, 29.1, 22.5, 28, 24.5, 27, 25, 20.5, 22.5, 20, 21.5, 19, 19.5, 19, 18.5, 18, 15.5, 18, 14.5, 19, 9.8, 18.9, 6.4, 22.2, 5.8, 26.4, 8.7, 28.3, 10.3, 28.4]], "iscrowd": 0}, {"id": 9066, "image_id": 1606, "category_id": 6, "bbox": [7, 28, 19, 16], "area": 304, "segmentation": [[24, 43.5, 25, 42.5, 25, 31.5, 26, 30.5, 26, 29.5, 24.5, 28, 20.5, 29, 19.5, 30, 16.5, 28, 15.5, 29, 13.5, 29, 12.5, 28, 10.5, 30, 8.5, 29, 7, 30.5, 8, 35.5, 9.6, 37.8, 10.5, 41.8, 12.6, 42.3, 15.5, 42, 17.5, 40, 18.5, 38.9, 22.5, 44]], "iscrowd": 0}, {"id": 9067, "image_id": 1606, "category_id": 3, "bbox": [10, 43, 4, 8], "area": 32, "segmentation": [[14, 50.5, 14, 43.5, 11.5, 43, 10.4, 44.8, 10, 46.5, 10, 49.5, 11.5, 51]], "iscrowd": 0}, {"id": 9068, "image_id": 1606, "category_id": 3, "bbox": [22, 44, 5.2, 7], "area": 36.4, "segmentation": [[26, 50.5, 27, 48.5, 26.1, 46.9, 26.3, 45.1, 24, 44.1, 21.8, 44.2, 23, 50.5, 24.8, 51.1]], "iscrowd": 0}, {"id": 9069, "image_id": 1606, "category_id": 2, "bbox": [2, 28, 3.1, 7.4], "area": 22.94, "segmentation": [[5, 35.5, 4.8, 29.1, 2.9, 28.1, 2, 31.5, 2, 32.5, 1.9, 33.8, 3, 35.5]], "iscrowd": 0}]}