{"categories": [{"id": 0, "name": "body-parts", "supercategory": "none"}, {"id": 1, "name": "Head", "supercategory": "body-parts"}, {"id": 2, "name": "Lower_Arm", "supercategory": "body-parts"}, {"id": 3, "name": "Lower_Leg", "supercategory": "body-parts"}, {"id": 4, "name": "Torso", "supercategory": "body-parts"}, {"id": 5, "name": "Upper_Arm", "supercategory": "body-parts"}, {"id": 6, "name": "Upper_Leg", "supercategory": "body-parts"}], "images": [{"id": 1235, "license": 1, "file_name": "16_prone3.jpg", "height": 64, "width": 27, "date_captured": "2023-06-08T19:45:40+00:00"}], "annotations": [{"id": 6970, "image_id": 1235, "category_id": 6, "bbox": [9, 28, 14, 23.5], "area": 329, "segmentation": [[12, 51.5, 13.5, 50, 14.5, 50, 16, 47.5, 15, 46.5, 15.5, 38, 16.5, 38, 18, 39.5, 18, 47.5, 19, 49.5, 21.5, 51, 23, 50.5, 23, 33.5, 22, 32.5, 21.5, 28, 15.5, 28, 14.5, 29, 13.5, 28, 10, 28.5, 10, 38.5, 9, 39.5, 10, 40.5, 11, 51.5]], "iscrowd": 0}, {"id": 6971, "image_id": 1235, "category_id": 4, "bbox": [8, 12, 15, 16], "area": 240, "segmentation": [[22, 27.5, 23, 26.5, 23, 18.5, 22, 17.5, 23, 15.5, 22, 14.5, 22, 12.5, 18.5, 12, 17.5, 13, 14.5, 13, 13.5, 12, 9.5, 12, 8, 13.5, 8, 16.5, 9, 17.5, 8, 19.5, 8, 26.5, 9.5, 28]], "iscrowd": 0}, {"id": 6972, "image_id": 1235, "category_id": 5, "bbox": [21, 1, 6, 7.5], "area": 45, "segmentation": [[25, 8.5, 27, 6.5, 27, 2.5, 25.5, 1, 21.5, 1, 21, 2.5, 22.5, 3, 24, 5.5, 23, 8.5]], "iscrowd": 0}, {"id": 6973, "image_id": 1235, "category_id": 5, "bbox": [1, 2, 6, 6], "area": 36, "segmentation": [[5, 7.5, 6, 6.5, 7, 2.5, 2.5, 2, 1, 3.5, 1, 6.5, 2.5, 8]], "iscrowd": 0}, {"id": 6974, "image_id": 1235, "category_id": 2, "bbox": [8, 1, 13.9, 2.859], "area": 39.745, "segmentation": [[7.857, 1, 20.23, 1.024, 21.757, 3.062, 17.206, 3.859, 9.402, 3.393]], "iscrowd": 0}]}