{"categories": [{"id": 0, "name": "body-parts", "supercategory": "none"}, {"id": 1, "name": "Head", "supercategory": "body-parts"}, {"id": 2, "name": "Lower_Arm", "supercategory": "body-parts"}, {"id": 3, "name": "Lower_Leg", "supercategory": "body-parts"}, {"id": 4, "name": "Torso", "supercategory": "body-parts"}, {"id": 5, "name": "Upper_Arm", "supercategory": "body-parts"}, {"id": 6, "name": "Upper_Leg", "supercategory": "body-parts"}], "images": [{"id": 851, "license": 1, "file_name": "16_right7.jpg", "height": 64, "width": 27, "date_captured": "2023-06-08T19:45:40+00:00"}], "annotations": [{"id": 4819, "image_id": 851, "category_id": 4, "bbox": [8, 7, 14, 20], "area": 280, "segmentation": [[17, 26.5, 19.5, 25, 21.5, 26, 22, 25.5, 22, 12.5, 21, 11.5, 21, 9.5, 19.5, 8, 17.5, 7, 11.5, 7, 11, 8.5, 8, 11.5, 8, 12.5, 9.4, 15.3, 10, 24.5, 13.5, 27]], "iscrowd": 0}, {"id": 4820, "image_id": 851, "category_id": 6, "bbox": [11, 25, 13, 23], "area": 299, "segmentation": [[16, 47.5, 16.1, 45.9, 16.6, 43.7, 17.3, 39.9, 19.2, 38.3, 20.4, 37.3, 21.9, 36, 24, 34.5, 24, 29.5, 23, 28.5, 23, 26.5, 21.5, 25, 19.5, 25, 18.5, 26, 15.5, 26, 14.4, 27.1, 13, 26.5, 11, 27.5, 12, 43.5, 11.9, 45.4, 13, 46.5, 14.5, 48]], "iscrowd": 0}, {"id": 4821, "image_id": 851, "category_id": 3, "bbox": [14, 48, 7, 15.5], "area": 108.5, "segmentation": [[20, 63.5, 21, 61.5, 20, 60.5, 20, 57.5, 19, 56.5, 19, 49.5, 17.5, 48, 15.5, 48, 14, 49.5, 14, 51.5, 17, 57.5, 17, 63.5]], "iscrowd": 0}]}