{"categories": [{"id": 0, "name": "body-parts", "supercategory": "none"}, {"id": 1, "name": "Head", "supercategory": "body-parts"}, {"id": 2, "name": "Lower_Arm", "supercategory": "body-parts"}, {"id": 3, "name": "Lower_Leg", "supercategory": "body-parts"}, {"id": 4, "name": "Torso", "supercategory": "body-parts"}, {"id": 5, "name": "Upper_Arm", "supercategory": "body-parts"}, {"id": 6, "name": "Upper_Leg", "supercategory": "body-parts"}], "images": [{"id": 915, "license": 1, "file_name": "16_right1.jpg", "height": 64, "width": 27, "date_captured": "2023-06-08T19:45:40+00:00"}], "annotations": [{"id": 5154, "image_id": 915, "category_id": 5, "bbox": [8, 8, 5.7, 8.9], "area": 50.73, "segmentation": [[9.7, 16.4, 11.7, 15.4, 11.7, 12.4, 12.3, 10.7, 13.4, 8.2, 13.2, 7.9, 10.2, 7.9, 8.7, 10.4, 7.9, 12.7, 7.7, 16.6, 8.5, 16.8]], "iscrowd": 0}, {"id": 5155, "image_id": 915, "category_id": 2, "bbox": [4, 17, 6, 7.5], "area": 45, "segmentation": [[6, 24.5, 10, 20.5, 9.5, 17, 7.5, 17, 7, 18.7, 6.4, 20.2, 5, 21.5, 4.5, 23.1, 4, 24.5]], "iscrowd": 0}, {"id": 5156, "image_id": 915, "category_id": 4, "bbox": [11, 8, 10.6, 21], "area": 222.6, "segmentation": [[21.6, 27.8, 20, 15.5, 20, 9.5, 18.5, 8, 12.8, 8.4, 11.9, 9.6, 11, 11.5, 11.5, 17, 12.2, 29]], "iscrowd": 0}, {"id": 5157, "image_id": 915, "category_id": 6, "bbox": [12, 27, 11, 21], "area": 231, "segmentation": [[15, 47.5, 17, 45.5, 18, 39.5, 20.5, 37, 21.5, 37, 23, 34.5, 23, 28.5, 22.5, 28, 21.5, 29, 20.5, 27, 19.5, 28, 13.5, 28, 12, 29.5, 12, 45.5, 14.5, 48]], "iscrowd": 0}, {"id": 5158, "image_id": 915, "category_id": 3, "bbox": [13, 48, 6, 15.5], "area": 93, "segmentation": [[19, 63.5, 19, 59.5, 18, 58.5, 18, 49.5, 16.5, 48, 14.5, 48, 13, 52.5, 15, 56.5, 15, 63.5]], "iscrowd": 0}]}