{"categories": [{"id": 0, "name": "body-parts", "supercategory": "none"}, {"id": 1, "name": "Head", "supercategory": "body-parts"}, {"id": 2, "name": "Lower_Arm", "supercategory": "body-parts"}, {"id": 3, "name": "Lower_Leg", "supercategory": "body-parts"}, {"id": 4, "name": "Torso", "supercategory": "body-parts"}, {"id": 5, "name": "Upper_Arm", "supercategory": "body-parts"}, {"id": 6, "name": "Upper_Leg", "supercategory": "body-parts"}], "images": [{"id": 305, "license": 1, "file_name": "16_right3.jpg", "height": 64, "width": 27, "date_captured": "2023-06-08T19:45:40+00:00"}], "annotations": [{"id": 1715, "image_id": 305, "category_id": 1, "bbox": [15, 1, 5, 5.5], "area": 27.5, "segmentation": [[16.7, 6, 15.2, 2.3, 15.6, 0.6, 19.9, 0.5, 20.2, 2.1, 18.7, 5.2]], "iscrowd": 0}, {"id": 1716, "image_id": 305, "category_id": 5, "bbox": [6, 6, 11.7, 15.8], "area": 184.86, "segmentation": [[14.8, 12.8, 10.7, 16.4, 9.9, 19.1, 8.7, 21, 6.5, 21.4, 5.9, 18.1, 7.6, 14.1, 9.3, 10.6, 10.8, 7.2, 13.4, 5.6, 17.2, 6.4, 17.6, 9.3]], "iscrowd": 0}, {"id": 1717, "image_id": 305, "category_id": 4, "bbox": [11, 6, 13.4, 22], "area": 294.8, "segmentation": [[17.5, 6.4, 21.6, 6.7, 24, 8.1, 23.8, 13.8, 23.9, 19, 23.7, 22.4, 23.5, 25.5, 22.6, 28.4, 18.4, 28.2, 13.3, 27.8, 11.6, 27.4, 10.6, 23, 11.3, 18.7, 12.2, 15, 14.8, 12.1, 16.2, 10.1]], "iscrowd": 0}, {"id": 1718, "image_id": 305, "category_id": 6, "bbox": [11, 27, 12.1, 20.1], "area": 243.21, "segmentation": [[12.1, 27.4, 22.8, 27.9, 23.4, 30.3, 23.4, 33.1, 22.2, 35.4, 19.9, 38.4, 18, 40.2, 17.3, 41.7, 17.6, 44.1, 16.4, 47.5, 13.6, 47.4, 12.3, 45.6, 12.4, 42.1, 12.4, 39, 11.8, 35.2, 11.3, 32.6]], "iscrowd": 0}, {"id": 1719, "image_id": 305, "category_id": 3, "bbox": [12, 47, 5.9, 13.9], "area": 82.01, "segmentation": [[12.5, 47.1, 16.8, 47.8, 17.6, 51.8, 16.9, 56.8, 15.3, 61, 13.1, 59.4, 12.6, 55.4, 11.7, 50.4]], "iscrowd": 0}, {"id": 1720, "image_id": 305, "category_id": 3, "bbox": [24, 46, 3.1, 3.6], "area": 11.16, "segmentation": [[25.3, 46.4, 27, 47.8, 27, 49.9, 25.3, 50, 23.9, 48.3]], "iscrowd": 0}]}