{"categories": [{"id": 0, "name": "body-parts", "supercategory": "none"}, {"id": 1, "name": "Head", "supercategory": "body-parts"}, {"id": 2, "name": "Lower_Arm", "supercategory": "body-parts"}, {"id": 3, "name": "Lower_Leg", "supercategory": "body-parts"}, {"id": 4, "name": "Torso", "supercategory": "body-parts"}, {"id": 5, "name": "Upper_Arm", "supercategory": "body-parts"}, {"id": 6, "name": "Upper_Leg", "supercategory": "body-parts"}], "images": [{"id": 740, "license": 1, "file_name": "16_right5.jpg", "height": 64, "width": 27, "date_captured": "2023-06-08T19:45:40+00:00"}], "annotations": [{"id": 4176, "image_id": 740, "category_id": 3, "bbox": [13, 46, 8.3, 17.6], "area": 146.08, "segmentation": [[20.4, 58.1, 20, 56.9, 19.8, 50.5, 19, 47.7, 17.5, 46.7, 14.3, 46.3, 12.6, 47.7, 12.6, 51.3, 14.4, 55.1, 17, 59.5, 17.2, 62.7, 17.5, 63.9, 20, 63.8, 20.9, 62.5]], "iscrowd": 0}, {"id": 4177, "image_id": 740, "category_id": 6, "bbox": [8, 27, 15.5, 20], "area": 310, "segmentation": [[11.8, 45.9, 12.1, 41.3, 12.2, 38.3, 9.5, 34.9, 9, 31, 8.3, 28.8, 8.2, 27.4, 23.3, 27.3, 23.7, 30, 22.8, 34.4, 21.2, 36.6, 19.5, 38.3, 18, 40.1, 17.5, 43.2, 17.4, 46.2, 16.6, 46.7, 13.2, 47.3]], "iscrowd": 0}, {"id": 4178, "image_id": 740, "category_id": 4, "bbox": [8, 12, 15.6, 15.2], "area": 237.12, "segmentation": [[23.4, 27.2, 8.6, 27.4, 7.8, 24.6, 8.6, 21.1, 9.5, 17.7, 10.5, 15.5, 11.3, 13.9, 13.6, 12.2, 16.9, 12.5, 19.7, 13.5, 21.2, 15.8, 22.2, 19.3, 22.5, 22.7, 23, 25]], "iscrowd": 0}, {"id": 4179, "image_id": 740, "category_id": 5, "bbox": [3, 6, 19.1, 6.5], "area": 124.15, "segmentation": [[9.3, 6, 15.5, 6, 18.5, 6.4, 21.2, 7.3, 22.2, 8.5, 20.1, 11, 17.9, 12.5, 15.1, 12.2, 11.2, 11.5, 8.7, 11.1, 5.5, 10.1, 3.6, 9.1, 3.1, 7.2, 8.2, 6]], "iscrowd": 0}, {"id": 4180, "image_id": 740, "category_id": 2, "bbox": [3, 5, 4.6, 2.8], "area": 12.88, "segmentation": [[4.1, 4.8, 6.4, 4.6, 8, 6.6, 3.4, 7.4]], "iscrowd": 0}]}