{"categories": [{"id": 0, "name": "body-parts", "supercategory": "none"}, {"id": 1, "name": "Head", "supercategory": "body-parts"}, {"id": 2, "name": "Lower_Arm", "supercategory": "body-parts"}, {"id": 3, "name": "Lower_Leg", "supercategory": "body-parts"}, {"id": 4, "name": "Torso", "supercategory": "body-parts"}, {"id": 5, "name": "Upper_Arm", "supercategory": "body-parts"}, {"id": 6, "name": "Upper_Leg", "supercategory": "body-parts"}], "images": [{"id": 1472, "license": 1, "file_name": "16_right6.jpg", "height": 64, "width": 27, "date_captured": "2023-06-08T19:45:40+00:00"}], "annotations": [{"id": 8333, "image_id": 1472, "category_id": 2, "bbox": [5, 10, 6, 8.5], "area": 51, "segmentation": [[7, 18.5, 11, 15.5, 11, 11.5, 9.5, 10, 7, 12.5, 5, 16.5, 5, 18.5]], "iscrowd": 0}, {"id": 8334, "image_id": 1472, "category_id": 4, "bbox": [9, 7, 13, 23], "area": 299, "segmentation": [[17, 29.5, 22, 28.5, 22, 18.5, 21, 17.5, 22, 15.5, 21, 14.5, 20, 9.5, 18.5, 8, 12.5, 7, 9, 10.5, 9, 13.5, 10, 14.5, 9, 16.5, 9.2, 17.6, 9, 19.5, 9, 25.5, 10.5, 28, 14.5, 29, 15.5, 30]], "iscrowd": 0}, {"id": 8335, "image_id": 1472, "category_id": 6, "bbox": [11, 28, 13.5, 20], "area": 270, "segmentation": [[15.7, 44.9, 16.4, 40, 19.9, 37.5, 21.5, 36.1, 23, 35.5, 24, 34.5, 24, 29.5, 22.5, 28, 21.4, 28.5, 20, 28.9, 18.3, 29.3, 15.5, 29, 12, 28.4, 10.5, 29, 10.7, 31.9, 11.3, 33.8, 11, 35.5, 11, 44.5, 12, 46.5, 13.5, 48]], "iscrowd": 0}, {"id": 8336, "image_id": 1472, "category_id": 3, "bbox": [14, 48, 7, 16], "area": 112, "segmentation": [[20, 63.5, 21, 62.5, 21, 60.5, 19, 56.5, 19, 51.5, 18, 49.5, 16.5, 48, 15.5, 48, 14, 49.5, 14, 51.5, 17, 57.5, 17, 62.5, 18.5, 64]], "iscrowd": 0}]}