{"categories": [{"id": 0, "name": "body-parts", "supercategory": "none"}, {"id": 1, "name": "Head", "supercategory": "body-parts"}, {"id": 2, "name": "Lower_Arm", "supercategory": "body-parts"}, {"id": 3, "name": "Lower_Leg", "supercategory": "body-parts"}, {"id": 4, "name": "Torso", "supercategory": "body-parts"}, {"id": 5, "name": "Upper_Arm", "supercategory": "body-parts"}, {"id": 6, "name": "Upper_Leg", "supercategory": "body-parts"}], "images": [{"id": 1598, "license": 1, "file_name": "16_supine4.jpg", "height": 64, "width": 27, "date_captured": "2023-06-08T19:45:40+00:00"}], "annotations": [{"id": 9019, "image_id": 1598, "category_id": 1, "bbox": [12, 1, 6, 6], "area": 36, "segmentation": [[17, 6.5, 18, 4.5, 18, 1.5, 13.5, 1, 12, 2.5, 12, 4.5, 15.5, 7]], "iscrowd": 0}, {"id": 9020, "image_id": 1598, "category_id": 4, "bbox": [7, 9, 17, 16], "area": 272, "segmentation": [[21, 24.5, 21, 21.5, 22, 20.5, 22, 18.5, 24, 14.5, 20.5, 10, 13.5, 9, 12.5, 10, 8.5, 11, 7, 12.5, 8, 20.5, 9, 21.5, 9.5, 25]], "iscrowd": 0}, {"id": 9021, "image_id": 1598, "category_id": 6, "bbox": [8, 25, 14, 15], "area": 210, "segmentation": [[19, 39.5, 21, 36.5, 21, 32.5, 22, 31.5, 21, 25.5, 8.5, 25, 8, 33.5, 11.5, 37, 13.5, 38, 16.5, 38, 18.5, 40]], "iscrowd": 0}, {"id": 9022, "image_id": 1598, "category_id": 3, "bbox": [13, 49, 7, 14.5], "area": 101.5, "segmentation": [[17, 63.5, 17, 58.5, 20, 52.5, 20, 50.5, 18.5, 49, 16.5, 49, 14, 51.5, 14, 53.5, 15, 54.5, 15, 61.5, 13.5, 62, 13, 63.5]], "iscrowd": 0}, {"id": 9023, "image_id": 1598, "category_id": 3, "bbox": [8, 43, 6, 12], "area": 72, "segmentation": [[12, 54.5, 14, 52.5, 14, 50.5, 12, 48.5, 14, 47.5, 14, 45.5, 12.5, 43, 9, 45.5, 9, 49.5, 8, 50.5, 8, 53.5, 9.5, 55]], "iscrowd": 0}, {"id": 9024, "image_id": 1598, "category_id": 2, "bbox": [0, 17, 3, 3.5], "area": 10.5, "segmentation": [[3, 20.5, 3, 17.5, 0.5, 17, 0, 20.5]], "iscrowd": 0}, {"id": 9025, "image_id": 1598, "category_id": 5, "bbox": [3, 9, 6.5, 7], "area": 45.5, "segmentation": [[5, 15.5, 6, 14.5, 6, 12.5, 8.5, 10, 9.5, 10, 9.5, 9, 6.5, 9, 5, 10.5, 3, 14.5, 3.5, 16]], "iscrowd": 0}, {"id": 9026, "image_id": 1598, "category_id": 5, "bbox": [20, 7, 7, 10], "area": 70, "segmentation": [[26, 16.5, 27, 15.5, 27, 10.5, 24.5, 7, 21.5, 7, 20, 8.5, 23, 11.5, 24, 15.5, 25.5, 17]], "iscrowd": 0}, {"id": 9027, "image_id": 1598, "category_id": 2, "bbox": [25, 15, 2, 6.5], "area": 13, "segmentation": [[27, 21.5, 27, 15.5, 25.5, 15, 25, 18.5, 26, 19.5, 26, 21.5]], "iscrowd": 0}]}