{"categories": [{"id": 0, "name": "body-parts", "supercategory": "none"}, {"id": 1, "name": "Head", "supercategory": "body-parts"}, {"id": 2, "name": "Lower_Arm", "supercategory": "body-parts"}, {"id": 3, "name": "Lower_Leg", "supercategory": "body-parts"}, {"id": 4, "name": "Torso", "supercategory": "body-parts"}, {"id": 5, "name": "Upper_Arm", "supercategory": "body-parts"}, {"id": 6, "name": "Upper_Leg", "supercategory": "body-parts"}], "images": [{"id": 1685, "license": 1, "file_name": "16_supine1.jpg", "height": 64, "width": 27, "date_captured": "2023-06-08T19:45:40+00:00"}], "annotations": [{"id": 9509, "image_id": 1685, "category_id": 1, "bbox": [13, 1, 4.3, 4], "area": 17.2, "segmentation": [[17, 4.5, 17.3, 2.2, 15.5, 1, 14.5, 1, 13, 2.5, 13.5, 5]], "iscrowd": 0}, {"id": 9510, "image_id": 1685, "category_id": 4, "bbox": [7, 8, 17, 18], "area": 306, "segmentation": [[21.1, 25.4, 21, 20.5, 24, 14.5, 23, 13.5, 24, 11.5, 19.5, 8, 12.5, 8, 8.5, 10, 7, 11.5, 7, 16.5, 8, 17.5, 9, 25.5, 9.5, 26, 10.5, 25, 18.5, 25, 20.1, 25]], "iscrowd": 0}, {"id": 9511, "image_id": 1685, "category_id": 6, "bbox": [7, 25, 15, 14], "area": 210, "segmentation": [[20, 38.5, 22, 35.5, 22, 29.5, 20, 27.5, 20, 26.5, 18.5, 25, 11.5, 25, 9.5, 26, 7, 30.5, 7, 34.5, 9, 38.5, 10.5, 39, 12.5, 37, 16.5, 37, 18.5, 39]], "iscrowd": 0}, {"id": 9512, "image_id": 1685, "category_id": 3, "bbox": [17, 49, 5.3, 14.5], "area": 76.85, "segmentation": [[21, 63.5, 19.7, 59.2, 19.7, 56.7, 20.8, 54.9, 22, 50.5, 20.5, 49, 19.5, 49, 17, 51.5, 17, 54.5, 17.4, 56.1, 17.3, 60.8, 16.7, 62.1, 17, 63.5]], "iscrowd": 0}, {"id": 9513, "image_id": 1685, "category_id": 3, "bbox": [7, 49, 5, 14.5], "area": 72.5, "segmentation": [[12, 63.5, 12, 62.5, 10, 60.5, 10, 57.5, 11, 56.5, 11, 49.5, 8.5, 49, 7, 50.5, 7, 54.5, 7.8, 56.8, 8, 63.5]], "iscrowd": 0}, {"id": 9514, "image_id": 1685, "category_id": 2, "bbox": [2, 17, 3, 5.5], "area": 16.5, "segmentation": [[4, 22.5, 4, 19.5, 5, 18.5, 3.5, 17, 2.5, 17, 2, 22.5]], "iscrowd": 0}, {"id": 9515, "image_id": 1685, "category_id": 5, "bbox": [24, 12, 2.8, 10.5], "area": 29.4, "segmentation": [[27, 22.5, 27, 19.5, 27, 16.6, 27, 14.5, 25.5, 12, 24.2, 12.2, 24.7, 19.2, 25.3, 19.9, 26.1, 21.4]], "iscrowd": 0}]}