{"categories": [{"id": 0, "name": "body-parts", "supercategory": "none"}, {"id": 1, "name": "Head", "supercategory": "body-parts"}, {"id": 2, "name": "Lower_Arm", "supercategory": "body-parts"}, {"id": 3, "name": "Lower_Leg", "supercategory": "body-parts"}, {"id": 4, "name": "Torso", "supercategory": "body-parts"}, {"id": 5, "name": "Upper_Arm", "supercategory": "body-parts"}, {"id": 6, "name": "Upper_Leg", "supercategory": "body-parts"}], "images": [{"id": 72, "license": 1, "file_name": "16_supine5.jpg", "height": 64, "width": 27, "date_captured": "2023-06-08T19:45:40+00:00"}], "annotations": [{"id": 398, "image_id": 72, "category_id": 6, "bbox": [6, 24, 16.7, 12.4], "area": 207.08, "segmentation": [[9.6, 35.7, 13.7, 36.4, 18.1, 34.9, 21.1, 32.4, 22.9, 29.5, 22.6, 25.4, 21.1, 24, 16.2, 24.6, 10.3, 24.6, 7.5, 26.2, 6.2, 30.9, 7.1, 34.3]], "iscrowd": 0}, {"id": 399, "image_id": 72, "category_id": 3, "bbox": [6, 48, 4.7, 9.6], "area": 45.12, "segmentation": [[9.8, 57, 11, 51.7, 10.4, 48.6, 7.9, 47.9, 6.5, 50.7, 6.3, 54.3, 8.5, 57.5]], "iscrowd": 0}, {"id": 400, "image_id": 72, "category_id": 3, "bbox": [13, 42, 5.1, 9.8], "area": 49.98, "segmentation": [[13, 44.9, 14.1, 42.9, 16.4, 42.2, 18.1, 43.3, 18.1, 45.9, 17.6, 47.5, 17.4, 49.6, 16.9, 51.6, 15.2, 52, 13.4, 51.3, 13, 48.9, 13.6, 46.9]], "iscrowd": 0}, {"id": 401, "image_id": 72, "category_id": 3, "bbox": [8, 60, 3, 3], "area": 9, "segmentation": [[9.1, 59.8, 10.7, 61, 10.7, 62.5, 10.5, 62.8, 8, 62.8, 7.7, 61.5]], "iscrowd": 0}, {"id": 402, "image_id": 72, "category_id": 4, "bbox": [7, 7, 17.8, 17.8], "area": 316.84, "segmentation": [[7.1, 19.3, 6.8, 14.7, 6.5, 10.8, 8.7, 7.6, 13.5, 7.4, 18.2, 7.9, 22.2, 8.8, 24.3, 11.3, 23.7, 15.6, 22.5, 19.8, 21.8, 22.4, 21.4, 24.7, 13.5, 25.2, 10.6, 24.6, 8.4, 24.8]], "iscrowd": 0}, {"id": 403, "image_id": 72, "category_id": 1, "bbox": [12, 1, 4.7, 4.6], "area": 21.62, "segmentation": [[14, 5.2, 11.5, 3.7, 11.6, 2, 12.8, 0.6, 14.6, 0.7, 16.2, 2.1, 15.7, 4.4]], "iscrowd": 0}, {"id": 404, "image_id": 72, "category_id": 5, "bbox": [24, 10, 2.9, 11.6], "area": 33.64, "segmentation": [[24.2, 13, 25.1, 15.6, 25.3, 18.3, 25.9, 20.6, 27, 21.4, 27, 17, 27, 13.8, 26.3, 11.2, 24.1, 9.8]], "iscrowd": 0}, {"id": 405, "image_id": 72, "category_id": 5, "bbox": [0, 10, 6.4, 10.6], "area": 67.84, "segmentation": [[5.5, 9.6, 1.8, 15, 0.4, 17.8, 1.1, 20.2, 3, 19.9, 4.9, 16.3, 5.5, 14.4, 6.4, 13.6, 6.8, 10.1]], "iscrowd": 0}, {"id": 406, "image_id": 72, "category_id": 2, "bbox": [0, 21, 3.1, 12.5], "area": 38.75, "segmentation": [[3.1, 30.7, 2.7, 21.6, 1.6, 20.6, 0, 21.6, 0, 26.2, 0, 30.5, 1.2, 33.1, 2.8, 32.7]], "iscrowd": 0}]}