{"categories": [{"id": 0, "name": "body-parts", "supercategory": "none"}, {"id": 1, "name": "Head", "supercategory": "body-parts"}, {"id": 2, "name": "Lower_Arm", "supercategory": "body-parts"}, {"id": 3, "name": "Lower_Leg", "supercategory": "body-parts"}, {"id": 4, "name": "Torso", "supercategory": "body-parts"}, {"id": 5, "name": "Upper_Arm", "supercategory": "body-parts"}, {"id": 6, "name": "Upper_Leg", "supercategory": "body-parts"}], "images": [{"id": 1147, "license": 1, "file_name": "16_supine7.jpg", "height": 64, "width": 27, "date_captured": "2023-06-08T19:45:40+00:00"}], "annotations": [{"id": 6460, "image_id": 1147, "category_id": 3, "bbox": [10, 61, 6.9, 2.9], "area": 20.01, "segmentation": [[11.1, 61.1, 13.5, 61.2, 13.9, 62, 15.7, 61.6, 17, 61.5, 17.2, 63.3, 16.8, 64, 14.8, 64, 13, 63.8, 11.3, 64, 10.3, 63.4]], "iscrowd": 0}, {"id": 6461, "image_id": 1147, "category_id": 6, "bbox": [6, 26, 16.5, 11.4], "area": 188.1, "segmentation": [[20.4, 36.1, 22.4, 33.5, 22.7, 30.2, 21.9, 27.1, 19.4, 26.3, 16.7, 26.5, 11.6, 26.4, 8.6, 26.2, 6.7, 28.4, 6.2, 31.7, 7.6, 35.1, 10.9, 37.4, 15.5, 37.6]], "iscrowd": 0}, {"id": 6462, "image_id": 1147, "category_id": 4, "bbox": [6, 8, 17.9, 18.6], "area": 332.94, "segmentation": [[7.6, 24.3, 7.6, 19.6, 7.5, 16.2, 6, 13.7, 6.9, 10.9, 10.5, 9.2, 14.3, 8.3, 18.2, 8.4, 21.5, 10, 23.4, 12.2, 23.9, 14.5, 23.5, 16.7, 22.3, 19.8, 21.5, 25, 20.8, 26.9, 17, 26.9, 10.1, 26.4, 7.3, 25.9]], "iscrowd": 0}]}