{"categories": [{"id": 0, "name": "body-parts", "supercategory": "none"}, {"id": 1, "name": "Head", "supercategory": "body-parts"}, {"id": 2, "name": "Lower_Arm", "supercategory": "body-parts"}, {"id": 3, "name": "Lower_Leg", "supercategory": "body-parts"}, {"id": 4, "name": "Torso", "supercategory": "body-parts"}, {"id": 5, "name": "Upper_Arm", "supercategory": "body-parts"}, {"id": 6, "name": "Upper_Leg", "supercategory": "body-parts"}], "images": [{"id": 1038, "license": 1, "file_name": "16_supine3.jpg", "height": 64, "width": 27, "date_captured": "2023-06-08T19:45:40+00:00"}], "annotations": [{"id": 5845, "image_id": 1038, "category_id": 6, "bbox": [7, 24, 15.438, 18.328], "area": 282.935, "segmentation": [[9.056, 24.056, 20.622, 24.044, 21.844, 27.71, 22.066, 32.264, 21.733, 35.707, 20.622, 38.262, 19.178, 38.929, 15.957, 42.372, 14.291, 37.818, 8.849, 40.039, 6.628, 34.263]], "iscrowd": 0}, {"id": 5846, "image_id": 1038, "category_id": 4, "bbox": [8, 8, 16.326, 16.106], "area": 262.951, "segmentation": [[8.405, 9.16, 7.739, 14.714, 8.294, 19.157, 8.405, 22.6, 9.405, 24.155, 20.844, 24.044, 23.287, 13.714, 24.065, 11.381, 22.843, 8.715, 17.068, 8.049]], "iscrowd": 0}, {"id": 5847, "image_id": 1038, "category_id": 5, "bbox": [22, 7, 3.037, 3.777], "area": 11.468, "segmentation": [[22.25, 8.5, 22.399, 6.716, 25.287, 6.716, 25.175, 9.271, 25.175, 10.493]], "iscrowd": 0}, {"id": 5848, "image_id": 1038, "category_id": 5, "bbox": [6, 7, 4.109, 4.332], "area": 17.801, "segmentation": [[8.778, 8.639, 7.961, 10.937, 6.184, 8.382, 5.629, 6.605, 7.628, 6.605, 9.738, 8.827, 8.849, 8.604]], "iscrowd": 0}, {"id": 5849, "image_id": 1038, "category_id": 1, "bbox": [12, 1, 6.219, 4.665], "area": 29.015, "segmentation": [[14.333, 1.556, 12.626, 1.94, 12.181, 2.939, 13.181, 5.716, 15.624, 5.383, 18.179, 3.384, 18.401, 1.051, 15.735, 1.051, 14.514, 1.607]], "iscrowd": 0}, {"id": 5850, "image_id": 1038, "category_id": 3, "bbox": [7, 49, 3.887, 15.074], "area": 58.596, "segmentation": [[6.85, 50.703, 7.406, 54.146, 8.183, 56.257, 8.183, 58.7, 7.184, 63.032, 7.628, 64, 9.96, 63.477, 10.071, 60.811, 10.293, 54.813, 10.737, 50.703, 9.516, 48.926, 7.628, 50.147]], "iscrowd": 0}, {"id": 5851, "image_id": 1038, "category_id": 3, "bbox": [13, 51, 5.109, 13.107], "area": 66.962, "segmentation": [[15.18, 50.592, 13.736, 55.368, 14.291, 58.7, 12.514, 62.921, 13.514, 63.699, 15.735, 61.144, 16.624, 56.59, 17.623, 53.702]], "iscrowd": 0}]}