{"categories": [{"id": 0, "name": "body-parts", "supercategory": "none"}, {"id": 1, "name": "Head", "supercategory": "body-parts"}, {"id": 2, "name": "Lower_Arm", "supercategory": "body-parts"}, {"id": 3, "name": "Lower_Leg", "supercategory": "body-parts"}, {"id": 4, "name": "Torso", "supercategory": "body-parts"}, {"id": 5, "name": "Upper_Arm", "supercategory": "body-parts"}, {"id": 6, "name": "Upper_Leg", "supercategory": "body-parts"}], "images": [{"id": 1418, "license": 1, "file_name": "16_supine6.jpg", "height": 64, "width": 27, "date_captured": "2023-06-08T19:45:40+00:00"}], "annotations": [{"id": 8014, "image_id": 1418, "category_id": 4, "bbox": [6, 11, 17, 14.5], "area": 246.5, "segmentation": [[19.6, 24.1, 20, 24.5, 20, 22.5, 22, 21.5, 23, 13.5, 21.5, 12, 18.5, 12, 17.5, 11, 7.5, 11, 6, 13.5, 8, 17.5, 8, 23.5, 9.5, 25, 11.8, 25, 15.3, 24.9, 18, 25.5]], "iscrowd": 0}, {"id": 8015, "image_id": 1418, "category_id": 6, "bbox": [7, 24, 16, 17], "area": 272, "segmentation": [[19, 40.5, 21, 38.5, 23, 34.5, 23, 31.5, 22, 30.5, 22, 25.5, 20, 24.5, 20.7, 25.9, 19.6, 25.7, 18.3, 25.7, 15.5, 25, 13.5, 25, 12.5, 24, 8.5, 25, 8, 27.5, 7, 28.5, 7, 35.5, 7.6, 37.3, 9, 39.5, 10.5, 40, 11.5, 39, 15.5, 39, 17.5, 41]], "iscrowd": 0}, {"id": 8016, "image_id": 1418, "category_id": 3, "bbox": [15, 49, 5, 15], "area": 75, "segmentation": [[17, 63.5, 18, 62.5, 18, 57.5, 20, 53.5, 20, 50.5, 18.5, 49, 17.5, 49, 15, 52.5, 15, 62.5, 16.5, 64]], "iscrowd": 0}, {"id": 8017, "image_id": 1418, "category_id": 3, "bbox": [6, 49, 4.6, 14.5], "area": 66.7, "segmentation": [[11, 63.5, 10, 61.5, 10, 55.5, 11, 54.5, 11, 51.5, 9.5, 49, 6.4, 49.2, 7, 63.5]], "iscrowd": 0}, {"id": 8018, "image_id": 1418, "category_id": 5, "bbox": [0, 14, 5.3, 9], "area": 47.7, "segmentation": [[3, 22.5, 4, 18.5, 5.3, 15.9, 4.1, 14, 0, 18.5, 0, 21.5, 1.5, 23]], "iscrowd": 0}, {"id": 8019, "image_id": 1418, "category_id": 5, "bbox": [23, 13, 3.8, 10.5], "area": 39.9, "segmentation": [[26, 23.5, 27, 23.2, 27, 22.5, 27, 18.9, 27, 17.8, 27, 16.5, 26, 15.5, 25.5, 13, 23.2, 13.8, 24, 16.5, 24, 19.5, 25, 20.5, 25, 23.5]], "iscrowd": 0}, {"id": 8020, "image_id": 1418, "category_id": 1, "bbox": [8, 1, 13, 9], "area": 117, "segmentation": [[21, 9.5, 21, 2.5, 19.5, 1, 9, 1.5, 8.1, 4.2, 8, 5.5, 8.5, 10]], "iscrowd": 0}]}