{"categories": [{"id": 0, "name": "body-parts", "supercategory": "none"}, {"id": 1, "name": "Head", "supercategory": "body-parts"}, {"id": 2, "name": "Lower_Arm", "supercategory": "body-parts"}, {"id": 3, "name": "Lower_Leg", "supercategory": "body-parts"}, {"id": 4, "name": "Torso", "supercategory": "body-parts"}, {"id": 5, "name": "Upper_Arm", "supercategory": "body-parts"}, {"id": 6, "name": "Upper_Leg", "supercategory": "body-parts"}], "images": [{"id": 1597, "license": 1, "file_name": "10_empty1.jpg", "height": 64, "width": 27, "date_captured": "2023-06-08T19:45:40+00:00"}], "annotations": [{"id": 9018, "image_id": 1597, "category_id": 3, "bbox": [9, 5, 8.565, 7.929], "area": 67.91, "segmentation": [[9.237, 5.421, 17.802, 5.453, 16.855, 13.35, 13.066, 12.507, 9.593, 5.558]], "iscrowd": 0}]}