{"categories": [{"id": 0, "name": "body-parts", "supercategory": "none"}, {"id": 1, "name": "Head", "supercategory": "body-parts"}, {"id": 2, "name": "Lower_Arm", "supercategory": "body-parts"}, {"id": 3, "name": "Lower_Leg", "supercategory": "body-parts"}, {"id": 4, "name": "Torso", "supercategory": "body-parts"}, {"id": 5, "name": "Upper_Arm", "supercategory": "body-parts"}, {"id": 6, "name": "Upper_Leg", "supercategory": "body-parts"}], "images": [{"id": 897, "license": 1, "file_name": "10_left3.jpg", "height": 64, "width": 27, "date_captured": "2023-06-08T19:45:40+00:00"}], "annotations": [{"id": 5053, "image_id": 897, "category_id": 1, "bbox": [18, 3, 5.1, 5], "area": 25.5, "segmentation": [[21, 7.5, 23, 5.5, 21.5, 3, 19.5, 3, 17.9, 5.6, 20.5, 8]], "iscrowd": 0}, {"id": 5054, "image_id": 897, "category_id": 4, "bbox": [13, 9, 8, 18.5], "area": 148, "segmentation": [[17, 27.5, 17, 26.5, 17.9, 24.5, 19, 19.5, 21, 16.5, 21, 12.5, 20, 10.5, 17.5, 9, 13, 10.5, 13, 27.5]], "iscrowd": 0}, {"id": 5055, "image_id": 897, "category_id": 5, "bbox": [14, 9, 7.37, 8.504], "area": 62.668, "segmentation": [[21.37, 17.504, 21, 11.5, 19.5, 10, 17.5, 9, 15.249, 9.128, 14, 10.5, 15.893, 16.108]], "iscrowd": 0}, {"id": 5056, "image_id": 897, "category_id": 6, "bbox": [12, 28, 12, 15], "area": 180, "segmentation": [[24, 42.5, 24, 38.5, 22, 36.5, 20, 32.5, 15.5, 28, 13.5, 28, 12, 30.5, 12, 36.5, 14.5, 39, 20.5, 40, 22.5, 43]], "iscrowd": 0}, {"id": 5057, "image_id": 897, "category_id": 3, "bbox": [10, 43, 15, 15.5], "area": 232.5, "segmentation": [[12, 58.5, 14, 56.5, 14, 55.5, 23, 47.5, 25, 43.5, 24.5, 43, 21.5, 43, 20.5, 44, 17.718, 45.638, 16.645, 47.571, 14.497, 48.43, 13, 51.5, 10, 53.5, 10, 58.5]], "iscrowd": 0}]}