{"categories": [{"id": 0, "name": "body-parts", "supercategory": "none"}, {"id": 1, "name": "Head", "supercategory": "body-parts"}, {"id": 2, "name": "Lower_Arm", "supercategory": "body-parts"}, {"id": 3, "name": "Lower_Leg", "supercategory": "body-parts"}, {"id": 4, "name": "Torso", "supercategory": "body-parts"}, {"id": 5, "name": "Upper_Arm", "supercategory": "body-parts"}, {"id": 6, "name": "Upper_Leg", "supercategory": "body-parts"}], "images": [{"id": 278, "license": 1, "file_name": "10_left7.jpg", "height": 64, "width": 27, "date_captured": "2023-06-08T19:45:40+00:00"}], "annotations": [{"id": 1580, "image_id": 278, "category_id": 3, "bbox": [14, 48, 8, 15.5], "area": 124, "segmentation": [[16, 63.5, 16, 59.5, 18, 57.5, 18, 55.5, 20, 53.5, 22, 49.5, 20.5, 48, 16.5, 49, 14, 51.5, 14, 63.5]], "iscrowd": 0}, {"id": 1581, "image_id": 278, "category_id": 6, "bbox": [12, 25, 11, 22.5], "area": 247.5, "segmentation": [[22, 47.5, 22, 44.5, 23, 43.5, 23, 38.5, 22, 37.5, 22, 34.5, 20, 30.5, 20, 27.5, 18.5, 25, 13.5, 25, 12, 26.5, 12, 35.5, 15, 39.5, 15, 40.5, 18, 43.5, 19, 47.5]], "iscrowd": 0}, {"id": 1582, "image_id": 278, "category_id": 4, "bbox": [13, 9, 7, 15.5], "area": 108.5, "segmentation": [[18, 24.5, 19, 22.5, 18, 14.5, 20, 13.5, 19, 12.5, 20, 10.5, 18.5, 9, 16.5, 9, 14.5, 10, 13, 12.5, 13, 24.5]], "iscrowd": 0}, {"id": 1583, "image_id": 278, "category_id": 5, "bbox": [18, 12, 8, 11], "area": 88, "segmentation": [[25, 22.5, 26, 21.5, 24, 19.5, 22, 13.5, 20.5, 12, 18.5, 12, 18, 14.5, 21, 17.5, 22, 20.5, 24.5, 23]], "iscrowd": 0}]}