{"categories": [{"id": 0, "name": "body-parts", "supercategory": "none"}, {"id": 1, "name": "Head", "supercategory": "body-parts"}, {"id": 2, "name": "Lower_Arm", "supercategory": "body-parts"}, {"id": 3, "name": "Lower_Leg", "supercategory": "body-parts"}, {"id": 4, "name": "Torso", "supercategory": "body-parts"}, {"id": 5, "name": "Upper_Arm", "supercategory": "body-parts"}, {"id": 6, "name": "Upper_Leg", "supercategory": "body-parts"}], "images": [{"id": 1070, "license": 1, "file_name": "10_left1.jpg", "height": 64, "width": 27, "date_captured": "2023-06-08T19:45:40+00:00"}], "annotations": [{"id": 6017, "image_id": 1070, "category_id": 1, "bbox": [13, 2, 6.774, 2.864], "area": 19.403, "segmentation": [[14, 2.286, 17.132, 2.136, 20.189, 3.5, 15.616, 5, 13.415, 3.586]], "iscrowd": 0}, {"id": 6018, "image_id": 1070, "category_id": 4, "bbox": [12, 8, 8.905, 15.916], "area": 141.731, "segmentation": [[12, 8.429, 20.78, 8.749, 20.905, 14.949, 19.554, 23.334, 14.966, 24.344, 12.604, 21.364]], "iscrowd": 0}, {"id": 6019, "image_id": 1070, "category_id": 6, "bbox": [11, 24, 11.374, 21.604], "area": 245.726, "segmentation": [[13.143, 24, 19.327, 24.117, 19.901, 30.004, 22.619, 35.096, 22.296, 41.645, 22.004, 45.604, 18.016, 45.382, 13.068, 37.492, 11.246, 33.845]], "iscrowd": 0}, {"id": 6020, "image_id": 1070, "category_id": 2, "bbox": [20, 18, 4.781, 8.684], "area": 41.521, "segmentation": [[21, 17.714, 23.728, 21.188, 24.491, 23.648, 24.224, 26.398, 20.891, 22.051, 19.709, 20.48]], "iscrowd": 0}, {"id": 6021, "image_id": 1070, "category_id": 3, "bbox": [16, 46, 5.983, 18.286], "area": 109.409, "segmentation": [[17.571, 45.714, 22.397, 46.082, 22.084, 52.513, 20.043, 58.811, 19.172, 62.008, 20.746, 63.92, 18.592, 64, 16.875, 61.994, 17.478, 59.52, 16.414, 55.358, 17.686, 50.339, 18.119, 47.111, 18.119, 46.752]], "iscrowd": 0}]}