{"categories": [{"id": 0, "name": "body-parts", "supercategory": "none"}, {"id": 1, "name": "Head", "supercategory": "body-parts"}, {"id": 2, "name": "Lower_Arm", "supercategory": "body-parts"}, {"id": 3, "name": "Lower_Leg", "supercategory": "body-parts"}, {"id": 4, "name": "Torso", "supercategory": "body-parts"}, {"id": 5, "name": "Upper_Arm", "supercategory": "body-parts"}, {"id": 6, "name": "Upper_Leg", "supercategory": "body-parts"}], "images": [{"id": 206, "license": 1, "file_name": "10_left2.jpg", "height": 64, "width": 27, "date_captured": "2023-06-08T19:45:40+00:00"}], "annotations": [{"id": 1154, "image_id": 206, "category_id": 3, "bbox": [8, 42, 17.9, 15.1], "area": 270.29, "segmentation": [[8.4, 55.8, 9, 49.7, 12.9, 48.5, 20.5, 41.9, 26.3, 41.8, 25.9, 44.2, 13.5, 52.3, 10.3, 56.9]], "iscrowd": 0}, {"id": 1155, "image_id": 206, "category_id": 6, "bbox": [11, 29, 15.3, 12.7], "area": 194.31, "segmentation": [[11.4, 28.6, 19.2, 28.8, 26.1, 40.5, 20.8, 41.3, 15.6, 38.6, 10.9, 35.7, 10.8, 31.4]], "iscrowd": 0}, {"id": 1156, "image_id": 206, "category_id": 4, "bbox": [11, 9, 8.2, 18.6], "area": 152.52, "segmentation": [[18.9, 28, 11.1, 27.9, 10.7, 16.3, 11.1, 9.4, 16.6, 10.2, 18.7, 18.6, 17.7, 23.2]], "iscrowd": 0}, {"id": 1157, "image_id": 206, "category_id": 5, "bbox": [17, 9, 5.8, 14.5], "area": 84.1, "segmentation": [[16.8, 8.6, 20, 9.9, 20.5, 15.5, 22.6, 21.5, 20.9, 23.1, 18.2, 15.8]], "iscrowd": 0}, {"id": 1158, "image_id": 206, "category_id": 1, "bbox": [13, 1, 5.5, 4.5], "area": 24.75, "segmentation": [[15.5, 5.7, 13.3, 4.2, 12.5, 2.7, 14.3, 1.2, 17, 1.9, 18, 3.6]], "iscrowd": 0}]}