{"categories": [{"id": 0, "name": "body-parts", "supercategory": "none"}, {"id": 1, "name": "Head", "supercategory": "body-parts"}, {"id": 2, "name": "Lower_Arm", "supercategory": "body-parts"}, {"id": 3, "name": "Lower_Leg", "supercategory": "body-parts"}, {"id": 4, "name": "Torso", "supercategory": "body-parts"}, {"id": 5, "name": "Upper_Arm", "supercategory": "body-parts"}, {"id": 6, "name": "Upper_Leg", "supercategory": "body-parts"}], "images": [{"id": 197, "license": 1, "file_name": "10_left4.jpg", "height": 64, "width": 27, "date_captured": "2023-06-08T19:45:40+00:00"}], "annotations": [{"id": 1104, "image_id": 197, "category_id": 1, "bbox": [19, 3, 4, 5], "area": 20, "segmentation": [[21, 7.5, 23, 5.5, 23, 4.5, 21.5, 3, 20.5, 3, 19, 4.5, 19, 6.5, 20.5, 8]], "iscrowd": 0}, {"id": 1105, "image_id": 197, "category_id": 3, "bbox": [16, 46, 6, 17.5], "area": 105, "segmentation": [[18, 63.5, 18, 59.5, 20, 57.5, 22, 53.5, 22, 47.5, 19.5, 46, 16.4, 51, 16.6, 56, 16, 63.5]], "iscrowd": 0}, {"id": 1106, "image_id": 197, "category_id": 6, "bbox": [11, 28, 12.1, 19], "area": 229.9, "segmentation": [[22, 46.5, 23, 45.5, 21.4, 30.9, 20.5, 28, 13.5, 28, 11.5, 30, 10.9, 34, 12.1, 36.4, 16.2, 41.6, 18.5, 45, 20.5, 47]], "iscrowd": 0}, {"id": 1107, "image_id": 197, "category_id": 5, "bbox": [13, 9, 10.7, 15.2], "area": 162.64, "segmentation": [[12.8, 9.9, 16.2, 9.2, 19, 9, 20.5, 10.7, 21.1, 13.3, 22, 16.3, 23.1, 19.6, 23.5, 21.5, 23.2, 24.2, 21, 21.5, 19.4, 19.3, 17.3, 16.5, 15.1, 13.6]], "iscrowd": 0}, {"id": 1108, "image_id": 197, "category_id": 4, "bbox": [12, 10, 8.6, 17.4], "area": 149.64, "segmentation": [[12.5, 11.1, 14.8, 13.6, 15.9, 14.9, 18, 17.4, 18.9, 20.1, 19.7, 24.4, 20.2, 26.5, 17.9, 27.5, 14.9, 27.8, 13, 27.7, 12.1, 24.2, 12, 20.5, 11.6, 17, 11.7, 13.5, 12, 10.4]], "iscrowd": 0}, {"id": 1109, "image_id": 197, "category_id": 2, "bbox": [23, 12, 2.7, 4], "area": 10.8, "segmentation": [[23.1, 14.7, 23, 11.9, 24.3, 11.6, 25.7, 12.4, 25.7, 14.9, 24.8, 15.6]], "iscrowd": 0}]}