{"categories": [{"id": 0, "name": "body-parts", "supercategory": "none"}, {"id": 1, "name": "Head", "supercategory": "body-parts"}, {"id": 2, "name": "Lower_Arm", "supercategory": "body-parts"}, {"id": 3, "name": "Lower_Leg", "supercategory": "body-parts"}, {"id": 4, "name": "Torso", "supercategory": "body-parts"}, {"id": 5, "name": "Upper_Arm", "supercategory": "body-parts"}, {"id": 6, "name": "Upper_Leg", "supercategory": "body-parts"}], "images": [{"id": 970, "license": 1, "file_name": "10_prone5.jpg", "height": 64, "width": 27, "date_captured": "2023-06-08T19:45:40+00:00"}], "annotations": [{"id": 5466, "image_id": 970, "category_id": 1, "bbox": [11, 4, 6.1, 6.5], "area": 39.65, "segmentation": [[13, 9.5, 11.9, 7.7, 11.3, 6, 13.1, 3.6, 14.6, 3.5, 16.2, 4.5, 17.4, 6.6, 16.3, 8.5, 14.9, 10]], "iscrowd": 0}, {"id": 5467, "image_id": 970, "category_id": 2, "bbox": [2, 21, 3.7, 12.6], "area": 46.62, "segmentation": [[4.8, 21.7, 5.2, 24.1, 5.6, 28.3, 6, 30.9, 5.7, 33.2, 4.5, 33.9, 3.5, 31.6, 2.9, 28.6, 2.6, 25.8, 2.3, 23.4, 2.4, 21.3]], "iscrowd": 0}, {"id": 5468, "image_id": 970, "category_id": 2, "bbox": [21, 21, 3.3, 14.5], "area": 47.85, "segmentation": [[21.4, 21.4, 23.4, 20.5, 24.4, 20.7, 24.4, 23.1, 24.7, 26, 24.5, 28.8, 24.4, 32.5, 23.7, 35, 21.9, 34.8, 22, 30.5, 22.1, 27, 22.3, 24.3]], "iscrowd": 0}, {"id": 5469, "image_id": 970, "category_id": 5, "bbox": [2, 11, 6.3, 11.1], "area": 69.93, "segmentation": [[5, 21.6, 5.9, 17.2, 7.2, 15.5, 8.1, 14.2, 8.6, 11.8, 7.5, 10.8, 5.7, 12, 4.4, 14.4, 3.4, 16.4, 2.7, 19.1, 2.3, 21.9]], "iscrowd": 0}, {"id": 5470, "image_id": 970, "category_id": 5, "bbox": [17, 11, 7.1, 11.1], "area": 78.81, "segmentation": [[17.1, 12.3, 18.3, 11.1, 19.9, 10.7, 21.7, 12.4, 23.3, 15.1, 24.2, 18.2, 24.1, 20.9, 21.6, 21.8, 20.9, 19, 20.3, 16.5, 18.9, 14.9]], "iscrowd": 0}, {"id": 5471, "image_id": 970, "category_id": 4, "bbox": [7, 11, 12, 19.5], "area": 234, "segmentation": [[7.8, 10.9, 10.9, 11, 12.8, 10.9, 15, 11.2, 17.7, 11.2, 19.1, 11.9, 18.8, 14.4, 18.3, 16.9, 18.3, 20.6, 18.3, 24.8, 18.4, 30.4, 11.7, 27.3, 8, 24.4, 7.1, 21.7, 7.3, 19.2, 7.6, 16]], "iscrowd": 0}, {"id": 5472, "image_id": 970, "category_id": 3, "bbox": [7, 48, 4.6, 8.4], "area": 38.64, "segmentation": [[11.2, 47.9, 8.2, 47.8, 7.4, 48.6, 6.7, 51, 6.6, 54.4, 7.7, 56.2, 8.7, 53.6, 10, 51.6]], "iscrowd": 0}, {"id": 5473, "image_id": 970, "category_id": 3, "bbox": [8, 61, 2.7, 3], "area": 8.1, "segmentation": [[9.3, 61, 7.7, 62, 7.5, 63.5, 7.5, 64, 10.2, 64]], "iscrowd": 0}, {"id": 5474, "image_id": 970, "category_id": 6, "bbox": [6, 27, 13.1, 21], "area": 275.1, "segmentation": [[11.4, 47.5, 9.1, 47.2, 7.7, 46.2, 6.7, 43.6, 6.2, 40.8, 6.2, 37.7, 6.1, 34.2, 6.7, 31.4, 7.2, 28.2, 7.9, 26.5, 10.4, 27.3, 14.4, 28.2, 18.5, 29.5, 19.2, 32, 17, 34.4, 14.6, 37.3, 13.6, 39.4]], "iscrowd": 0}, {"id": 5475, "image_id": 970, "category_id": 3, "bbox": [22, 41, 3.7, 7.7], "area": 28.49, "segmentation": [[24.8, 40.5, 25.9, 43.6, 25.6, 46.5, 24.7, 48.2, 22.7, 47.5, 22.2, 44.9, 22.4, 42]], "iscrowd": 0}, {"id": 5476, "image_id": 970, "category_id": 6, "bbox": [18, 36, 5.1, 8.9], "area": 45.39, "segmentation": [[20, 35.9, 22.2, 37.6, 23.3, 39.6, 21.6, 41.7, 21.1, 44.5, 18.9, 42.3, 18.8, 39.6, 18.2, 35.6]], "iscrowd": 0}]}