{"categories": [{"id": 0, "name": "body-parts", "supercategory": "none"}, {"id": 1, "name": "Head", "supercategory": "body-parts"}, {"id": 2, "name": "Lower_Arm", "supercategory": "body-parts"}, {"id": 3, "name": "Lower_Leg", "supercategory": "body-parts"}, {"id": 4, "name": "Torso", "supercategory": "body-parts"}, {"id": 5, "name": "Upper_Arm", "supercategory": "body-parts"}, {"id": 6, "name": "Upper_Leg", "supercategory": "body-parts"}], "images": [{"id": 1394, "license": 1, "file_name": "10_prone2.jpg", "height": 64, "width": 27, "date_captured": "2023-06-08T19:45:40+00:00"}], "annotations": [{"id": 7880, "image_id": 1394, "category_id": 1, "bbox": [7, 4, 6.5, 5.6], "area": 36.4, "segmentation": [[10.2, 4.1, 12.6, 4.7, 13.7, 7.4, 12.9, 9.6, 10.1, 9.6, 8.2, 8.4, 7.2, 6, 9.9, 4]], "iscrowd": 0}, {"id": 7881, "image_id": 1394, "category_id": 4, "bbox": [8, 12, 11.2, 20.5], "area": 229.6, "segmentation": [[9.9, 12.3, 13.5, 11.7, 16.2, 11.7, 17.9, 13.3, 18.7, 16.4, 19, 20.2, 19, 23.5, 18.6, 26.8, 18, 30.4, 16.5, 32.1, 13.7, 32.2, 11.7, 31.3, 9.2, 29.9, 8.6, 27.7, 7.8, 21.9, 7.8, 18.4, 8.1, 14.1]], "iscrowd": 0}, {"id": 7882, "image_id": 1394, "category_id": 5, "bbox": [18, 12, 4.5, 14.2], "area": 63.9, "segmentation": [[18, 11.8, 20.7, 11.9, 22, 15, 22.2, 19.3, 22.5, 23.4, 21.6, 26, 20, 25.6, 19.1, 22.1, 19, 18.8, 18.2, 14.2]], "iscrowd": 0}, {"id": 7883, "image_id": 1394, "category_id": 5, "bbox": [5, 12, 4.2, 12.7], "area": 53.34, "segmentation": [[6, 12.4, 8.2, 12, 8.9, 15.5, 8.6, 19.1, 8.7, 22, 7.9, 24.4, 6.6, 24.7, 5.4, 23.7, 5.1, 20.5, 4.7, 16.4, 4.8, 13.7, 5.6, 12.4]], "iscrowd": 0}, {"id": 7884, "image_id": 1394, "category_id": 2, "bbox": [19, 26, 3.6, 10.8], "area": 38.88, "segmentation": [[19.2, 26.6, 21.5, 26.3, 22.3, 30.1, 22.3, 34.4, 22, 36.3, 20.4, 37.1, 19.2, 34.4, 19.1, 32, 18.7, 29.4]], "iscrowd": 0}, {"id": 7885, "image_id": 1394, "category_id": 2, "bbox": [4, 25, 3.5, 10.5], "area": 36.75, "segmentation": [[5.7, 25.1, 7.4, 26.6, 7.9, 29.5, 7.9, 32.5, 7.7, 35.2, 6.6, 35.6, 4.9, 33.3, 4.4, 29.2, 4.7, 26.4, 5.2, 25.1]], "iscrowd": 0}, {"id": 7886, "image_id": 1394, "category_id": 6, "bbox": [8, 32, 10.7, 15.1], "area": 161.57, "segmentation": [[9.7, 32.4, 15.5, 32.4, 18.6, 34.5, 18.7, 38.1, 18.2, 41.8, 17.5, 46.1, 14.5, 46.9, 12.7, 47.5, 9.3, 47, 8.4, 42.9, 8, 38.5, 8.6, 35.7]], "iscrowd": 0}, {"id": 7887, "image_id": 1394, "category_id": 3, "bbox": [12, 61, 2.9, 3.1], "area": 8.99, "segmentation": [[14.3, 63.7, 12.6, 63.1, 12.3, 62.2, 13.2, 60.6, 14.3, 60.7, 15.2, 63.2]], "iscrowd": 0}, {"id": 7888, "image_id": 1394, "category_id": 3, "bbox": [9, 48, 3.3, 5.6], "area": 18.48, "segmentation": [[11.3, 53.3, 9.3, 49.4, 10.2, 47.7, 12.6, 48, 12.6, 51]], "iscrowd": 0}]}