{"categories": [{"id": 0, "name": "body-parts", "supercategory": "none"}, {"id": 1, "name": "Head", "supercategory": "body-parts"}, {"id": 2, "name": "Lower_Arm", "supercategory": "body-parts"}, {"id": 3, "name": "Lower_Leg", "supercategory": "body-parts"}, {"id": 4, "name": "Torso", "supercategory": "body-parts"}, {"id": 5, "name": "Upper_Arm", "supercategory": "body-parts"}, {"id": 6, "name": "Upper_Leg", "supercategory": "body-parts"}], "images": [{"id": 1225, "license": 1, "file_name": "10_prone3.jpg", "height": 64, "width": 27, "date_captured": "2023-06-08T19:45:40+00:00"}], "annotations": [{"id": 6905, "image_id": 1225, "category_id": 1, "bbox": [12, 2, 6, 5.9], "area": 35.4, "segmentation": [[11.6, 7.2, 11.8, 3.4, 15, 2.2, 17.2, 3, 17.6, 6.8, 14.6, 8.1]], "iscrowd": 0}, {"id": 6906, "image_id": 1225, "category_id": 5, "bbox": [1, 1, 11, 5.1], "area": 56.1, "segmentation": [[4.7, 5.9, 8.7, 6.2, 12, 6.5, 12.2, 3.8, 9.4, 2.9, 5.5, 2.2, 1.5, 1.4, 1.2, 3.6, 2.7, 5.9]], "iscrowd": 0}, {"id": 6907, "image_id": 1225, "category_id": 5, "bbox": [17, 2, 9.9, 5.7], "area": 56.43, "segmentation": [[17.1, 3.3, 20.6, 3.3, 22.3, 2.8, 26, 1.9, 26.9, 2.6, 27, 5.1, 26.6, 7.6, 24.6, 7.6, 22, 6.6, 19.1, 6.4, 17.4, 6.3]], "iscrowd": 0}, {"id": 6908, "image_id": 1225, "category_id": 3, "bbox": [9, 47, 4.4, 9.3], "area": 40.92, "segmentation": [[8.8, 47.4, 11.6, 47.8, 13.2, 47.9, 12.4, 50.7, 11.9, 54.5, 10.9, 56.7, 9, 55.3, 8.8, 51.6]], "iscrowd": 0}, {"id": 6909, "image_id": 1225, "category_id": 3, "bbox": [15, 47, 3.8, 9.2], "area": 34.96, "segmentation": [[15.2, 47.6, 17.3, 47.4, 18.6, 47.5, 18.7, 50.3, 19, 54.2, 18.2, 56.6, 16.3, 54.9, 15.6, 51.4]], "iscrowd": 0}, {"id": 6910, "image_id": 1225, "category_id": 3, "bbox": [16, 61, 3.1, 3.4], "area": 10.54, "segmentation": [[18.4, 60.6, 16.7, 61.1, 16.4, 63, 16.6, 64, 19.5, 64, 19.4, 62]], "iscrowd": 0}, {"id": 6911, "image_id": 1225, "category_id": 6, "bbox": [7, 31, 12.1, 16.7], "area": 202.07, "segmentation": [[13.3, 48, 8.8, 47.6, 8.5, 45.5, 7.7, 41.3, 7.4, 38.1, 7.2, 34.9, 7.7, 32.3, 9.5, 31.7, 12, 31.6, 15.3, 31.3, 17.7, 31.4, 18.8, 32, 19, 35.7, 19.1, 39.8, 19.2, 41.9, 19.3, 44.1, 19.1, 46.6, 18.4, 47.3, 16.9, 47.5, 15.3, 48, 14.5, 46.6, 14.4, 43.5, 13.9, 39.8, 13.3, 36.8, 12.9, 38.7, 12.9, 41.4, 13, 44.4]], "iscrowd": 0}, {"id": 6912, "image_id": 1225, "category_id": 4, "bbox": [6, 11, 13, 21.4], "area": 278.2, "segmentation": [[8, 32.4, 12.5, 31.6, 17.9, 31.6, 18.7, 32.1, 18.5, 28.6, 19.1, 24.9, 19.1, 21.5, 19.3, 17.3, 18.7, 13.1, 17.7, 11.1, 14.1, 11, 10, 11.2, 8.2, 13.2, 7.8, 16.5, 6.5, 19.1, 6.3, 22.8, 7.6, 26.5, 7.7, 30.1]], "iscrowd": 0}]}