{"categories": [{"id": 0, "name": "body-parts", "supercategory": "none"}, {"id": 1, "name": "Head", "supercategory": "body-parts"}, {"id": 2, "name": "Lower_Arm", "supercategory": "body-parts"}, {"id": 3, "name": "Lower_Leg", "supercategory": "body-parts"}, {"id": 4, "name": "Torso", "supercategory": "body-parts"}, {"id": 5, "name": "Upper_Arm", "supercategory": "body-parts"}, {"id": 6, "name": "Upper_Leg", "supercategory": "body-parts"}], "images": [{"id": 1141, "license": 1, "file_name": "10_prone1.jpg", "height": 64, "width": 27, "date_captured": "2023-06-08T19:45:40+00:00"}], "annotations": [{"id": 6422, "image_id": 1141, "category_id": 1, "bbox": [8, 4, 6, 7], "area": 42, "segmentation": [[11, 10.5, 14, 8.5, 14, 5.5, 12.5, 4, 10.5, 4, 8, 5.5, 8, 8.5, 10.5, 11]], "iscrowd": 0}, {"id": 6423, "image_id": 1141, "category_id": 4, "bbox": [8, 12, 11, 18.271], "area": 200.983, "segmentation": [[11.911, 29.744, 14.188, 29.983, 18, 29.5, 18, 26.5, 19, 25.5, 18, 15.5, 19, 13.5, 17.5, 12, 15.5, 12, 14.5, 13, 10.5, 13, 9.5, 12, 8, 12.5, 8, 15.5, 9, 16.5, 9, 21.5, 8, 22.5, 9, 24.5, 9.185, 29.328, 10.958, 30.271]], "iscrowd": 0}, {"id": 6424, "image_id": 1141, "category_id": 2, "bbox": [5, 20, 3, 13.5], "area": 40.5, "segmentation": [[7, 33.5, 8, 32.5, 7, 30.5, 8, 29.5, 7, 27.5, 7, 24.5, 8, 23.5, 7, 22.5, 6.5, 20, 5, 21.5, 5, 33.5]], "iscrowd": 0}, {"id": 6425, "image_id": 1141, "category_id": 5, "bbox": [5, 12, 4, 9.5], "area": 38, "segmentation": [[6, 21.5, 6, 20.5, 8, 19.5, 8, 15.5, 9, 14.5, 8.5, 12, 6.5, 12, 5, 14.5, 5, 21.5]], "iscrowd": 0}, {"id": 6426, "image_id": 1141, "category_id": 5, "bbox": [18, 12, 4, 12.5], "area": 50, "segmentation": [[21, 24.5, 22, 22.5, 22, 13.5, 20.5, 12, 19.5, 12, 18, 13.5, 18, 15.5, 19, 16.5, 20, 24.5]], "iscrowd": 0}, {"id": 6427, "image_id": 1141, "category_id": 2, "bbox": [19, 25, 3, 12.5], "area": 37.5, "segmentation": [[21, 37.5, 22, 36.5, 22, 31.5, 21, 30.5, 20.5, 25, 19, 26.5, 19, 37.5]], "iscrowd": 0}, {"id": 6428, "image_id": 1141, "category_id": 3, "bbox": [14, 43, 6, 10.5], "area": 63, "segmentation": [[19, 53.5, 19, 46.5, 20, 44.5, 18.5, 43, 16.5, 43, 14, 46.5, 16, 48.5, 18, 53.5]], "iscrowd": 0}, {"id": 6429, "image_id": 1141, "category_id": 3, "bbox": [9, 43, 4, 8.5], "area": 34, "segmentation": [[11, 51.5, 13, 47.5, 13, 44.5, 11.5, 43, 9.5, 43, 9, 51.5]], "iscrowd": 0}, {"id": 6430, "image_id": 1141, "category_id": 6, "bbox": [6, 30, 12.899, 13.836], "area": 178.469, "segmentation": [[9, 30.143, 18.348, 29.84, 19.128, 43.094, 15.618, 42.955, 15.564, 39.768, 14.318, 36.704, 13.143, 36.501, 11.516, 39.628, 12.877, 43.676, 10.741, 42.827, 8.732, 42.982, 7.57, 37.924, 6.229, 34.818, 8.438, 32.939]], "iscrowd": 0}]}