{"categories": [{"id": 0, "name": "body-parts", "supercategory": "none"}, {"id": 1, "name": "Head", "supercategory": "body-parts"}, {"id": 2, "name": "Lower_Arm", "supercategory": "body-parts"}, {"id": 3, "name": "Lower_Leg", "supercategory": "body-parts"}, {"id": 4, "name": "Torso", "supercategory": "body-parts"}, {"id": 5, "name": "Upper_Arm", "supercategory": "body-parts"}, {"id": 6, "name": "Upper_Leg", "supercategory": "body-parts"}], "images": [{"id": 1263, "license": 1, "file_name": "10_prone6.jpg", "height": 64, "width": 27, "date_captured": "2023-06-08T19:45:40+00:00"}], "annotations": [{"id": 7129, "image_id": 1263, "category_id": 4, "bbox": [8, 13, 12.1, 19.1], "area": 231.11, "segmentation": [[16.1, 12.9, 18.6, 17.9, 19.4, 21.1, 19.6, 23.2, 19.2, 26, 18.5, 30.4, 16.4, 32, 13, 31.6, 10.1, 31.7, 8, 30.9, 7.6, 25.9, 7.5, 21, 7.5, 18.3, 8.3, 15.1, 10, 12.9]], "iscrowd": 0}, {"id": 7130, "image_id": 1263, "category_id": 1, "bbox": [9, 3, 5.4, 5.5], "area": 29.7, "segmentation": [[9.6, 8.5, 8.6, 6.9, 9.9, 3.8, 11.7, 3.3, 13.7, 3.8, 14, 6, 13.3, 7.9, 12.1, 8.8]], "iscrowd": 0}, {"id": 7131, "image_id": 1263, "category_id": 6, "bbox": [7, 32, 14.2, 15.7], "area": 222.94, "segmentation": [[18.9, 32.1, 20.4, 37.7, 21.2, 42.1, 20.9, 44.7, 19.6, 46.9, 17.5, 47.4, 15.9, 47.4, 14.6, 44, 13.7, 42.3, 12.8, 44.2, 12.4, 46.7, 10.4, 47.8, 8.7, 47.8, 7.7, 46.4, 7.6, 43.3, 7, 39, 7.6, 35.8, 8.6, 32.1]], "iscrowd": 0}, {"id": 7132, "image_id": 1263, "category_id": 3, "bbox": [7, 48, 15, 7.5], "area": 112.5, "segmentation": [[20.3, 55.5, 22, 53.5, 21, 52.5, 20.5, 48, 16.5, 48, 15.5, 49, 9.5, 48, 7, 48.7, 9.5, 54, 12, 49.9, 16.4, 50, 19, 52.5]], "iscrowd": 0}, {"id": 7133, "image_id": 1263, "category_id": 5, "bbox": [17, 12, 6.5, 11.6], "area": 75.4, "segmentation": [[21.7, 23.2, 19.8, 19.9, 18.7, 16.5, 17.5, 13.8, 17.3, 12, 19.5, 11.6, 21.4, 13.7, 22.9, 16.6, 23.8, 20.6, 23.5, 22.3]], "iscrowd": 0}, {"id": 7134, "image_id": 1263, "category_id": 5, "bbox": [4, 12, 4.7, 10.8], "area": 50.76, "segmentation": [[6.3, 12.2, 8.5, 12.5, 8, 14.8, 7.3, 16.6, 7.2, 19, 7.3, 20.9, 6.7, 22.3, 6, 23, 4, 23, 3.8, 20, 4.3, 15.2]], "iscrowd": 0}, {"id": 7135, "image_id": 1263, "category_id": 2, "bbox": [20, 24, 3.5, 10.5], "area": 36.75, "segmentation": [[21.1, 24.1, 23.4, 24.2, 23.6, 26.8, 23.6, 30.9, 23.7, 32.7, 23.1, 34.1, 20.9, 34.6, 20.2, 33.2, 20.6, 31.7, 20.9, 28.4]], "iscrowd": 0}, {"id": 7136, "image_id": 1263, "category_id": 2, "bbox": [3, 24, 3.5, 11.2], "area": 39.2, "segmentation": [[4, 23.8, 5.2, 23.8, 6.7, 24.2, 6.9, 29.8, 6.8, 33.3, 5.6, 35, 3.7, 33, 3.4, 29.4, 3.5, 26.2]], "iscrowd": 0}]}