{"categories": [{"id": 0, "name": "body-parts", "supercategory": "none"}, {"id": 1, "name": "Head", "supercategory": "body-parts"}, {"id": 2, "name": "Lower_Arm", "supercategory": "body-parts"}, {"id": 3, "name": "Lower_Leg", "supercategory": "body-parts"}, {"id": 4, "name": "Torso", "supercategory": "body-parts"}, {"id": 5, "name": "Upper_Arm", "supercategory": "body-parts"}, {"id": 6, "name": "Upper_Leg", "supercategory": "body-parts"}], "images": [{"id": 1463, "license": 1, "file_name": "10_right4.jpg", "height": 64, "width": 27, "date_captured": "2023-06-08T19:45:40+00:00"}], "annotations": [{"id": 8275, "image_id": 1463, "category_id": 1, "bbox": [11, 3, 4.7, 4.6], "area": 21.62, "segmentation": [[13, 7.4, 10.6, 5.7, 11.1, 3.8, 12.7, 2.8, 14.8, 2.9, 15.3, 4.3, 15.1, 6.2, 14.3, 7.2]], "iscrowd": 0}, {"id": 8276, "image_id": 1463, "category_id": 3, "bbox": [13, 60, 5.2, 3.4], "area": 17.68, "segmentation": [[14.7, 63.1, 13.2, 62.6, 13.3, 61.4, 14.4, 60.3, 15.4, 59.9, 16.9, 60.4, 18.4, 60.8, 17.7, 62.5, 15.6, 63.3]], "iscrowd": 0}, {"id": 8277, "image_id": 1463, "category_id": 3, "bbox": [25, 52, 2.5, 4.4], "area": 11, "segmentation": [[24.5, 56.1, 24.5, 54, 24.7, 52.5, 26, 52, 27, 52.4, 27, 55.3, 27, 56.4]], "iscrowd": 0}, {"id": 8278, "image_id": 1463, "category_id": 3, "bbox": [9, 44, 14.9, 7.6], "area": 113.24, "segmentation": [[24.2, 51.4, 23.2, 50.1, 21.1, 47.9, 20.1, 46.2, 17.1, 45.1, 13.9, 44.4, 11.3, 44.4, 9.3, 44.7, 10.1, 47.7, 11.8, 49.7, 14.7, 50.9, 17.5, 50.6, 20.2, 50.8, 22, 52]], "iscrowd": 0}, {"id": 8279, "image_id": 1463, "category_id": 6, "bbox": [10, 28, 12.1, 16.8], "area": 203.28, "segmentation": [[9.5, 44.8, 9.9, 42.1, 10.7, 40.1, 10.8, 37.1, 11.6, 33.8, 13.4, 29.3, 15, 28, 18.5, 28, 20.9, 28.8, 21.6, 31, 21.5, 34, 21, 36.8, 19.2, 38.8, 16.4, 40.8, 14.3, 42.8, 12.8, 44.8]], "iscrowd": 0}, {"id": 8280, "image_id": 1463, "category_id": 5, "bbox": [10, 10, 4.1, 9.8], "area": 40.18, "segmentation": [[14.5, 14.9, 13.7, 16.8, 12.8, 19.5, 10.6, 19.2, 10.4, 17.1, 10.5, 14.9, 10.5, 11.3, 11.2, 9.9, 13.2, 9.7, 13.8, 11.6]], "iscrowd": 0}, {"id": 8281, "image_id": 1463, "category_id": 2, "bbox": [7, 19, 6.2, 8.8], "area": 54.56, "segmentation": [[10.3, 18.7, 13.1, 19.3, 12.5, 21, 11.5, 23.2, 10.9, 24.9, 9.5, 27.2, 7.5, 27.5, 6.9, 25.8, 7.9, 24, 9.2, 22]], "iscrowd": 0}, {"id": 8282, "image_id": 1463, "category_id": 4, "bbox": [13, 10, 7.9, 19.2], "area": 151.68, "segmentation": [[13.2, 9.8, 15.4, 9.9, 17.9, 9.8, 20.1, 10.9, 20.5, 12.9, 20.8, 16, 20.1, 17.8, 20, 20.9, 20.1, 23.9, 20.5, 26.2, 21.1, 29, 18.1, 28.6, 15.5, 28.7, 13.6, 28.9, 13.3, 26.9, 14.3, 24.6, 14.5, 21.5, 14, 18.3, 14.5, 15]], "iscrowd": 0}]}