{"categories": [{"id": 0, "name": "body-parts", "supercategory": "none"}, {"id": 1, "name": "Head", "supercategory": "body-parts"}, {"id": 2, "name": "Lower_Arm", "supercategory": "body-parts"}, {"id": 3, "name": "Lower_Leg", "supercategory": "body-parts"}, {"id": 4, "name": "Torso", "supercategory": "body-parts"}, {"id": 5, "name": "Upper_Arm", "supercategory": "body-parts"}, {"id": 6, "name": "Upper_Leg", "supercategory": "body-parts"}], "images": [{"id": 25, "license": 1, "file_name": "10_right7.jpg", "height": 64, "width": 27, "date_captured": "2023-06-08T19:45:40+00:00"}], "annotations": [{"id": 127, "image_id": 25, "category_id": 3, "bbox": [12, 48, 8, 15.6], "area": 124.8, "segmentation": [[20, 63.5, 19.4, 59.6, 18.3, 57.8, 18.1, 52.2, 16, 47.9, 12.5, 48, 12, 50.5, 16, 57.5, 16, 63.5]], "iscrowd": 0}, {"id": 128, "image_id": 25, "category_id": 6, "bbox": [11, 27, 11.4, 20.1], "area": 229.14, "segmentation": [[13.7, 46.8, 21.1, 37.5, 22.4, 32.9, 21.1, 27.4, 18.5, 28, 15.5, 28, 13.5, 29, 13, 33.5, 11, 35.5, 11, 47.5]], "iscrowd": 0}, {"id": 129, "image_id": 25, "category_id": 6, "bbox": [10, 9, 11, 18.7], "area": 205.7, "segmentation": [[21, 25.5, 21, 18.5, 20, 16.4, 17.5, 10, 16.5, 9, 12.5, 9, 11, 10.5, 10, 16.5, 11, 18.5, 13, 19.5, 13, 23.5, 13.6, 27.7, 17.4, 27.5, 20.5, 27.1]], "iscrowd": 0}]}