{"categories": [{"id": 0, "name": "body-parts", "supercategory": "none"}, {"id": 1, "name": "Head", "supercategory": "body-parts"}, {"id": 2, "name": "Lower_Arm", "supercategory": "body-parts"}, {"id": 3, "name": "Lower_Leg", "supercategory": "body-parts"}, {"id": 4, "name": "Torso", "supercategory": "body-parts"}, {"id": 5, "name": "Upper_Arm", "supercategory": "body-parts"}, {"id": 6, "name": "Upper_Leg", "supercategory": "body-parts"}], "images": [{"id": 1612, "license": 1, "file_name": "10_right6.jpg", "height": 64, "width": 27, "date_captured": "2023-06-08T19:45:40+00:00"}], "annotations": [{"id": 9090, "image_id": 1612, "category_id": 3, "bbox": [12, 46, 8.9, 17.5], "area": 155.75, "segmentation": [[11.8, 47.5, 15.7, 46.4, 18.8, 52.5, 19.1, 57.5, 20.7, 60.5, 19.1, 63.7, 16.6, 63.9, 16.1, 60.3, 16.7, 58.8, 12.7, 52.2]], "iscrowd": 0}, {"id": 9091, "image_id": 1612, "category_id": 6, "bbox": [10, 28, 12.5, 18.2], "area": 227.5, "segmentation": [[15.6, 45.4, 11.6, 46.6, 10.3, 42.3, 10.2, 36.9, 11.1, 30, 13.3, 28.4, 21.1, 28.5, 22.7, 31.5, 20.9, 37.8, 17.6, 41.4, 15.5, 43.5]], "iscrowd": 0}, {"id": 9092, "image_id": 1612, "category_id": 4, "bbox": [13, 10, 8.8, 17.5], "area": 154, "segmentation": [[20.7, 27.8, 12.6, 27.5, 13, 23.7, 12.6, 19.1, 13.9, 16.4, 13.5, 13.2, 16.6, 10.6, 20.3, 10.3, 20.7, 14.2, 19.3, 17.1, 21.4, 20.4, 20.7, 23.5, 20.5, 25.7]], "iscrowd": 0}, {"id": 9093, "image_id": 1612, "category_id": 5, "bbox": [7, 9, 8.6, 13.8], "area": 118.68, "segmentation": [[15.7, 10.2, 12.4, 14.1, 11.6, 18.3, 9.8, 22.3, 7.1, 21.9, 8.8, 19.4, 8.9, 15.5, 10.4, 10.6, 12.2, 9.1, 14.9, 8.5]], "iscrowd": 0}, {"id": 9094, "image_id": 1612, "category_id": 2, "bbox": [6, 22, 3.4, 3.8], "area": 12.92, "segmentation": [[6.5, 22.4, 9.1, 23.4, 6.6, 26.2, 5.7, 25.7]], "iscrowd": 0}, {"id": 9095, "image_id": 1612, "category_id": 2, "bbox": [4, 30, 1.5, 2], "area": 3, "segmentation": [[4.7, 30, 5.3, 31.7, 3.8, 32, 3.8, 30.8]], "iscrowd": 0}]}