{"categories": [{"id": 0, "name": "body-parts", "supercategory": "none"}, {"id": 1, "name": "Head", "supercategory": "body-parts"}, {"id": 2, "name": "Lower_Arm", "supercategory": "body-parts"}, {"id": 3, "name": "Lower_Leg", "supercategory": "body-parts"}, {"id": 4, "name": "Torso", "supercategory": "body-parts"}, {"id": 5, "name": "Upper_Arm", "supercategory": "body-parts"}, {"id": 6, "name": "Upper_Leg", "supercategory": "body-parts"}], "images": [{"id": 697, "license": 1, "file_name": "10_right2.jpg", "height": 64, "width": 27, "date_captured": "2023-06-08T19:45:40+00:00"}], "annotations": [{"id": 3924, "image_id": 697, "category_id": 1, "bbox": [11, 3, 5, 4], "area": 20, "segmentation": [[15, 6.5, 16, 5.5, 15.5, 3, 11, 3.5, 11.5, 7]], "iscrowd": 0}, {"id": 3925, "image_id": 697, "category_id": 3, "bbox": [9, 43, 18, 12.5], "area": 225, "segmentation": [[27, 55.5, 27, 50.5, 25.5, 49, 21.5, 48, 20.5, 45, 17.5, 45, 16.5, 44, 11.5, 44, 10.5, 43, 9, 43.5, 9, 45.5, 11.5, 48, 12.5, 48, 14.5, 50, 22.5, 50, 26, 54.5, 26, 55.5]], "iscrowd": 0}, {"id": 3926, "image_id": 697, "category_id": 6, "bbox": [10, 25, 12, 19], "area": 228, "segmentation": [[13, 43.5, 14.5, 41, 18.5, 40, 21, 37.5, 21, 32.5, 22, 31.5, 21, 30.5, 21, 28.5, 20, 27.5, 19.5, 25, 15.5, 26, 15, 27.5, 11, 30.5, 11, 37.5, 10, 38.5, 10, 42.5, 11.5, 44]], "iscrowd": 0}]}