{"categories": [{"id": 0, "name": "body-parts", "supercategory": "none"}, {"id": 1, "name": "Head", "supercategory": "body-parts"}, {"id": 2, "name": "Lower_Arm", "supercategory": "body-parts"}, {"id": 3, "name": "Lower_Leg", "supercategory": "body-parts"}, {"id": 4, "name": "Torso", "supercategory": "body-parts"}, {"id": 5, "name": "Upper_Arm", "supercategory": "body-parts"}, {"id": 6, "name": "Upper_Leg", "supercategory": "body-parts"}], "images": [{"id": 170, "license": 1, "file_name": "10_right3.jpg", "height": 64, "width": 27, "date_captured": "2023-06-08T19:45:40+00:00"}], "annotations": [{"id": 959, "image_id": 170, "category_id": 1, "bbox": [10, 3, 6.9, 4.3], "area": 29.67, "segmentation": [[12.3, 6.8, 9.6, 5.5, 9.9, 3.9, 11.8, 2.6, 14.3, 2.5, 16.5, 3.7, 15.1, 6.1]], "iscrowd": 0}, {"id": 960, "image_id": 170, "category_id": 3, "bbox": [13, 61, 3.8, 3.1], "area": 11.78, "segmentation": [[16.6, 62.2, 14, 60.9, 12.8, 62.9, 13.4, 64]], "iscrowd": 0}, {"id": 961, "image_id": 170, "category_id": 3, "bbox": [10, 46, 6.2, 11.3], "area": 70.06, "segmentation": [[15.8, 57.6, 15.9, 53.1, 15.7, 49.7, 14.2, 47.4, 12.2, 46.4, 10, 46.6, 9.7, 48, 11.5, 51.8, 12.8, 55.4, 14.6, 57.7]], "iscrowd": 0}, {"id": 962, "image_id": 170, "category_id": 3, "bbox": [25, 45, 2.1, 6.1], "area": 12.81, "segmentation": [[24.9, 49.1, 24.9, 47, 26.2, 45.4, 27, 44.9, 27, 50, 26.7, 51]], "iscrowd": 0}, {"id": 963, "image_id": 170, "category_id": 6, "bbox": [10, 25, 11.7, 21.2], "area": 248.04, "segmentation": [[12.8, 45.7, 13.6, 43.3, 15.3, 41.4, 17.5, 40.2, 20.4, 38.2, 21.5, 35.5, 21.8, 31.5, 20.8, 27.7, 18.8, 24.5, 15.5, 24.6, 13.8, 27.4, 12.5, 30.6, 11.6, 33.3, 10.5, 36.5, 10.2, 38.9, 10.2, 41.5, 10.6, 44, 10.1, 45.6]], "iscrowd": 0}, {"id": 964, "image_id": 170, "category_id": 4, "bbox": [14, 10, 6.1, 14], "area": 85.4, "segmentation": [[14.4, 9.8, 17.5, 9.9, 19.6, 11.6, 19.6, 14, 19.4, 16.2, 20.1, 18.8, 20.2, 21.5, 19.8, 23.3, 16.7, 23.8, 14.3, 23.7, 14.1, 20.8, 14.3, 17.5, 14.3, 15.1]], "iscrowd": 0}, {"id": 965, "image_id": 170, "category_id": 5, "bbox": [9, 10, 5.3, 15.2], "area": 80.56, "segmentation": [[13.9, 9.8, 11.5, 10, 10.6, 11.5, 10.4, 13.7, 10.4, 16.7, 10.6, 18.4, 10.3, 20.7, 9.4, 22.7, 9.3, 25, 11.6, 24.9, 12.8, 22.2, 13.5, 19.1, 14.1, 15.5, 14.6, 14.2]], "iscrowd": 0}]}