{"categories": [{"id": 0, "name": "body-parts", "supercategory": "none"}, {"id": 1, "name": "Head", "supercategory": "body-parts"}, {"id": 2, "name": "Lower_Arm", "supercategory": "body-parts"}, {"id": 3, "name": "Lower_Leg", "supercategory": "body-parts"}, {"id": 4, "name": "Torso", "supercategory": "body-parts"}, {"id": 5, "name": "Upper_Arm", "supercategory": "body-parts"}, {"id": 6, "name": "Upper_Leg", "supercategory": "body-parts"}], "images": [{"id": 270, "license": 1, "file_name": "10_supine4.jpg", "height": 64, "width": 27, "date_captured": "2023-06-08T19:45:40+00:00"}], "annotations": [{"id": 1531, "image_id": 270, "category_id": 1, "bbox": [12, 2, 5.1, 5.1], "area": 26.01, "segmentation": [[13.4, 7.2, 11.6, 5.4, 11.9, 2.8, 13.6, 2.1, 15.2, 2.5, 16.7, 5, 15.4, 6.6]], "iscrowd": 0}, {"id": 1532, "image_id": 270, "category_id": 1, "bbox": [8, 11, 14.1, 15.9], "area": 224.19, "segmentation": [[7.9, 12.7, 12.5, 11.3, 15.8, 11.6, 19.3, 12.2, 21.8, 14.1, 20.3, 17.9, 19.7, 20.3, 18.5, 23.2, 17.9, 25.4, 18, 27.2, 14.7, 26.9, 10.7, 27, 10, 22.6, 7.7, 17.3]], "iscrowd": 0}, {"id": 1533, "image_id": 270, "category_id": 3, "bbox": [9, 50, 12, 9.5], "area": 114, "segmentation": [[9.4, 51.9, 13.1, 50.1, 16.3, 52, 18.4, 50.8, 20.9, 50.8, 21, 54.7, 20.3, 59.2, 17.5, 57.7, 17.1, 55.7, 16.1, 53.8, 12.7, 55.3, 12.4, 58.9, 10.2, 59.6, 9, 57.3, 9.6, 54.2]], "iscrowd": 0}, {"id": 1534, "image_id": 270, "category_id": 6, "bbox": [7, 28, 15.3, 16.1], "area": 246.33, "segmentation": [[18.9, 43.9, 15.3, 39.9, 12, 38.5, 6.5, 36, 6.8, 32.1, 8.5, 28.6, 11, 27.8, 19.1, 27.9, 21.8, 32.4, 21.5, 36.3, 20.3, 39.7]], "iscrowd": 0}, {"id": 1535, "image_id": 270, "category_id": 5, "bbox": [21, 14, 2.9, 10.6], "area": 30.74, "segmentation": [[20.9, 24.6, 20.8, 18.5, 22, 14, 23.7, 17.7, 23.2, 23.9, 23.2, 24.3]], "iscrowd": 0}, {"id": 1536, "image_id": 270, "category_id": 5, "bbox": [6, 13, 2.7, 9.9], "area": 26.73, "segmentation": [[7.7, 13.3, 7.4, 18.6, 8.3, 22.8, 5.6, 23.2, 5.7, 15.6]], "iscrowd": 0}, {"id": 1537, "image_id": 270, "category_id": 2, "bbox": [21, 25, 2.8, 6], "area": 16.8, "segmentation": [[20.8, 25, 23.4, 24.8, 22.3, 30.8, 20.6, 28.9]], "iscrowd": 0}, {"id": 1538, "image_id": 270, "category_id": 2, "bbox": [6, 23, 2.7, 7.6], "area": 20.52, "segmentation": [[5.6, 23.7, 8.3, 23.1, 8.1, 26.9, 6.6, 30.7]], "iscrowd": 0}]}