{"categories": [{"id": 0, "name": "body-parts", "supercategory": "none"}, {"id": 1, "name": "Head", "supercategory": "body-parts"}, {"id": 2, "name": "Lower_Arm", "supercategory": "body-parts"}, {"id": 3, "name": "Lower_Leg", "supercategory": "body-parts"}, {"id": 4, "name": "Torso", "supercategory": "body-parts"}, {"id": 5, "name": "Upper_Arm", "supercategory": "body-parts"}, {"id": 6, "name": "Upper_Leg", "supercategory": "body-parts"}], "images": [{"id": 1562, "license": 1, "file_name": "10_supine1.jpg", "height": 64, "width": 27, "date_captured": "2023-06-08T19:45:40+00:00"}], "annotations": [{"id": 8838, "image_id": 1562, "category_id": 1, "bbox": [11, 2, 6, 5.6], "area": 33.6, "segmentation": [[13.7, 7.4, 11.1, 5.4, 11.4, 2.8, 12.8, 1.8, 14.6, 1.8, 16.2, 3.3, 17.1, 5.2, 15.8, 7.1]], "iscrowd": 0}, {"id": 8839, "image_id": 1562, "category_id": 4, "bbox": [8, 11, 13.3, 18.3], "area": 243.39, "segmentation": [[13.3, 11, 17.3, 11.2, 20.1, 12.9, 21.3, 15.3, 19.5, 19.3, 18.1, 22, 19, 27, 18.6, 28.7, 14.6, 29.3, 9.7, 29.1, 10.5, 26.3, 10, 22.3, 9.1, 18.6, 8, 16, 8.7, 13, 11.2, 11.7]], "iscrowd": 0}, {"id": 8840, "image_id": 1562, "category_id": 5, "bbox": [5, 14, 3.3, 11.4], "area": 37.62, "segmentation": [[7.6, 14.2, 8.3, 19.6, 8.7, 23.3, 8.5, 25.6, 5.7, 25, 5.5, 22.2, 5.4, 17.4, 6.4, 14.8]], "iscrowd": 0}, {"id": 8841, "image_id": 1562, "category_id": 5, "bbox": [20, 14, 2.8, 10.5], "area": 29.4, "segmentation": [[20.8, 23.9, 20.1, 19.7, 20.2, 17.8, 19.7, 15.1, 20.3, 13.5, 22.2, 14.7, 22.5, 21.6, 22.4, 24]], "iscrowd": 0}, {"id": 8842, "image_id": 1562, "category_id": 2, "bbox": [6, 26, 2.1, 5.4], "area": 11.34, "segmentation": [[6.1, 26, 7.7, 27, 6.7, 31.4, 5.6, 28.3]], "iscrowd": 0}, {"id": 8843, "image_id": 1562, "category_id": 2, "bbox": [21, 24, 2.1, 4.5], "area": 9.45, "segmentation": [[20.8, 24.4, 22.7, 24.6, 22, 28.3, 20.9, 28.9, 20.6, 26.2]], "iscrowd": 0}, {"id": 8844, "image_id": 1562, "category_id": 6, "bbox": [7, 30, 14.5, 14.1], "area": 204.45, "segmentation": [[9.3, 29.9, 19.8, 29.6, 21.3, 34.7, 20.3, 39, 19.4, 41.6, 19.2, 43.4, 17.1, 43.2, 14.3, 40.2, 12.5, 43.3, 9.4, 43.7, 8.6, 40.8, 6.8, 35.4, 7.4, 32]], "iscrowd": 0}, {"id": 8845, "image_id": 1562, "category_id": 3, "bbox": [8, 50, 4.2, 9.2], "area": 38.64, "segmentation": [[9.5, 59.6, 7.5, 56.3, 7.7, 51.8, 9.4, 50.4, 11.3, 51.8, 11.7, 56.2, 10.7, 58.3]], "iscrowd": 0}, {"id": 8846, "image_id": 1562, "category_id": 3, "bbox": [18, 51, 4.7, 8.9], "area": 41.83, "segmentation": [[20.5, 59.4, 18.5, 56.2, 17.7, 53.3, 18.8, 51.1, 20.9, 50.5, 22.4, 52.8, 22.4, 55.7]], "iscrowd": 0}, {"id": 8847, "image_id": 1562, "category_id": 3, "bbox": [9, 62, 1.9, 1], "area": 1.9, "segmentation": [[9.1, 63.4, 9.7, 62.4, 11, 63.3]], "iscrowd": 0}, {"id": 8848, "image_id": 1562, "category_id": 3, "bbox": [19, 63, 2.7, 1.1], "area": 2.97, "segmentation": [[18.8, 63.7, 20, 62.6, 21.5, 63.6]], "iscrowd": 0}]}