{"categories": [{"id": 0, "name": "body-parts", "supercategory": "none"}, {"id": 1, "name": "Head", "supercategory": "body-parts"}, {"id": 2, "name": "Lower_Arm", "supercategory": "body-parts"}, {"id": 3, "name": "Lower_Leg", "supercategory": "body-parts"}, {"id": 4, "name": "Torso", "supercategory": "body-parts"}, {"id": 5, "name": "Upper_Arm", "supercategory": "body-parts"}, {"id": 6, "name": "Upper_Leg", "supercategory": "body-parts"}], "images": [{"id": 1578, "license": 1, "file_name": "10_supine3.jpg", "height": 64, "width": 27, "date_captured": "2023-06-08T19:45:40+00:00"}], "annotations": [{"id": 8924, "image_id": 1578, "category_id": 4, "bbox": [7, 9, 14.4, 17.4], "area": 250.56, "segmentation": [[18.3, 26.2, 10.2, 26.3, 8.2, 18.8, 7.3, 13.5, 7.4, 8.9, 12.5, 10.1, 21.7, 10.7, 21.7, 14.4, 20.1, 19.1, 19.3, 23.2]], "iscrowd": 0}, {"id": 8925, "image_id": 1578, "category_id": 6, "bbox": [7, 27, 13.8, 18.5], "area": 255.3, "segmentation": [[9.8, 27.4, 19, 27.4, 21, 32.8, 21, 38.1, 20.2, 41.7, 19.6, 45, 17.4, 44.8, 15.1, 41.9, 13.8, 44.4, 12.3, 45.9, 10.4, 45, 8.9, 40.7, 7.2, 37.6, 7.8, 31.2]], "iscrowd": 0}, {"id": 8926, "image_id": 1578, "category_id": 1, "bbox": [12, 2, 5.8, 3.6], "area": 20.88, "segmentation": [[14.9, 6, 11.5, 4.4, 13.9, 2.4, 16.1, 2.5, 17.3, 4.4, 16.2, 6]], "iscrowd": 0}, {"id": 8927, "image_id": 1578, "category_id": 3, "bbox": [10, 51, 4.6, 10.4], "area": 47.84, "segmentation": [[10.7, 50.6, 13.3, 50.7, 14.1, 53.1, 14.3, 56.3, 13.4, 58.9, 12.8, 61, 11.2, 58.5, 10.1, 54.8, 9.7, 53]], "iscrowd": 0}, {"id": 8928, "image_id": 1578, "category_id": 3, "bbox": [16, 51, 4.3, 7], "area": 30.1, "segmentation": [[18.8, 57.5, 16.4, 54.3, 17.4, 51.6, 19, 50.5, 20.5, 51.2, 20.7, 53.8, 20.4, 56.5]], "iscrowd": 0}]}