{"categories": [{"id": 0, "name": "body-parts", "supercategory": "none"}, {"id": 1, "name": "Head", "supercategory": "body-parts"}, {"id": 2, "name": "Lower_Arm", "supercategory": "body-parts"}, {"id": 3, "name": "Lower_Leg", "supercategory": "body-parts"}, {"id": 4, "name": "Torso", "supercategory": "body-parts"}, {"id": 5, "name": "Upper_Arm", "supercategory": "body-parts"}, {"id": 6, "name": "Upper_Leg", "supercategory": "body-parts"}], "images": [{"id": 1167, "license": 1, "file_name": "13_left6.jpg", "height": 64, "width": 27, "date_captured": "2023-06-08T19:45:40+00:00"}], "annotations": [{"id": 6576, "image_id": 1167, "category_id": 1, "bbox": [13, 3, 6.9, 6.4], "area": 44.16, "segmentation": [[14.5, 8.4, 13.9, 5.8, 13.4, 3.8, 14.9, 2.7, 17.6, 2.7, 19.7, 3.7, 20.3, 4.9, 19.5, 6.9, 18.4, 7.9, 16.7, 9.1]], "iscrowd": 0}, {"id": 6577, "image_id": 1167, "category_id": 5, "bbox": [14, 10, 10.5, 6.7], "area": 70.35, "segmentation": [[24.1, 14.1, 24.7, 15.9, 23.5, 16.3, 20, 16.3, 18, 14.9, 17.4, 14.1, 15.8, 14, 14.4, 12.2, 14.2, 10.9, 14.4, 10.2, 16.8, 9.6, 17.7, 9.9, 20, 12, 21.7, 13.4]], "iscrowd": 0}, {"id": 6578, "image_id": 1167, "category_id": 2, "bbox": [24, 12, 3.1, 3.9], "area": 12.09, "segmentation": [[24.8, 16.3, 23.9, 14.1, 25.5, 13.7, 26.8, 12.4, 27, 13.6, 26.9, 15.2]], "iscrowd": 0}, {"id": 6579, "image_id": 1167, "category_id": 4, "bbox": [7, 10, 9.2, 14.9], "area": 137.08, "segmentation": [[14.4, 10.4, 12.1, 10.9, 9.5, 12.2, 7.7, 15.2, 7.1, 18.3, 6.7, 21, 6.7, 23.2, 6.8, 24.9, 10.1, 25.2, 11.6, 25.3, 13.4, 25.3, 13.7, 24.3, 13.7, 23.3, 14.2, 21.2, 14.2, 20.6, 15, 19.4, 15.1, 17.1, 15.3, 16.1, 15.9, 13.7, 15.8, 12.8]], "iscrowd": 0}, {"id": 6580, "image_id": 1167, "category_id": 6, "bbox": [3, 25, 11.8, 21.7], "area": 256.06, "segmentation": [[7, 24.7, 5.2, 26.6, 4.2, 27.6, 3.4, 29, 3.4, 31, 3.7, 32.5, 5.6, 35.2, 7.9, 36.8, 8.8, 38.4, 9.4, 40, 9.6, 41.6, 10.5, 43.3, 10.7, 45, 11.9, 46.2, 14, 44.9, 14.9, 42.6, 15.2, 39, 15.2, 36.5, 15, 34.6, 14.5, 31.6, 14, 29.3, 13.7, 26.8, 12.9, 24.5]], "iscrowd": 0}, {"id": 6581, "image_id": 1167, "category_id": 3, "bbox": [9, 47, 5.5, 17], "area": 93.5, "segmentation": [[11.4, 47, 9.8, 49.2, 9.2, 52, 9.1, 55.7, 9.1, 58.9, 9.6, 61, 8.8, 64, 12.9, 64, 12.8, 64, 12.4, 61.4, 12.8, 58.9, 13.5, 55.6, 14.1, 53.5, 14.3, 51.5, 13.4, 48.5, 13, 47.5]], "iscrowd": 0}]}