{"categories": [{"id": 0, "name": "body-parts", "supercategory": "none"}, {"id": 1, "name": "Head", "supercategory": "body-parts"}, {"id": 2, "name": "Lower_Arm", "supercategory": "body-parts"}, {"id": 3, "name": "Lower_Leg", "supercategory": "body-parts"}, {"id": 4, "name": "Torso", "supercategory": "body-parts"}, {"id": 5, "name": "Upper_Arm", "supercategory": "body-parts"}, {"id": 6, "name": "Upper_Leg", "supercategory": "body-parts"}], "images": [{"id": 677, "license": 1, "file_name": "13_left7.jpg", "height": 64, "width": 27, "date_captured": "2023-06-08T19:45:40+00:00"}], "annotations": [{"id": 3799, "image_id": 677, "category_id": 3, "bbox": [13, 47, 5.4, 14.4], "area": 77.76, "segmentation": [[16.2, 60.8, 13.4, 56.8, 12.6, 53.4, 12.8, 49.3, 13.1, 46.5, 16.8, 46.5, 17.6, 49.1, 18, 54.5, 18, 57.8, 16.6, 60.9]], "iscrowd": 0}, {"id": 3800, "image_id": 677, "category_id": 6, "bbox": [10, 27, 10.5, 19.1], "area": 200.55, "segmentation": [[17, 46, 13.2, 46.2, 12.9, 39.5, 12.8, 35.2, 10.3, 31.7, 10.7, 28.7, 16.8, 27.1, 20.6, 29.6, 20.8, 35.9, 20.2, 40.2, 19, 44.1]], "iscrowd": 0}, {"id": 3801, "image_id": 677, "category_id": 4, "bbox": [12, 8, 8.6, 18.9], "area": 162.54, "segmentation": [[19.7, 27.1, 11.7, 27.3, 11.8, 21.7, 11.6, 17.9, 12.9, 11.5, 13.7, 8.4, 17.6, 9, 20.2, 13.7, 20.1, 18.9, 19.3, 24.5]], "iscrowd": 0}, {"id": 3802, "image_id": 677, "category_id": 5, "bbox": [18, 8, 8.3, 8], "area": 66.4, "segmentation": [[24.5, 16.2, 21.3, 15.6, 18.8, 13.1, 17.7, 10.8, 18.1, 8.2, 21.3, 9.4, 23.7, 13, 26, 14.6]], "iscrowd": 0}, {"id": 3803, "image_id": 677, "category_id": 2, "bbox": [20, 5, 6.3, 10.8], "area": 68.04, "segmentation": [[19.8, 6.5, 21.4, 4.9, 23.4, 5.6, 23.9, 8.9, 25.4, 12.4, 25.8, 15.7, 21, 10.3, 19.5, 6.8]], "iscrowd": 0}]}