{"categories": [{"id": 0, "name": "body-parts", "supercategory": "none"}, {"id": 1, "name": "Head", "supercategory": "body-parts"}, {"id": 2, "name": "Lower_Arm", "supercategory": "body-parts"}, {"id": 3, "name": "Lower_Leg", "supercategory": "body-parts"}, {"id": 4, "name": "Torso", "supercategory": "body-parts"}, {"id": 5, "name": "Upper_Arm", "supercategory": "body-parts"}, {"id": 6, "name": "Upper_Leg", "supercategory": "body-parts"}], "images": [{"id": 1502, "license": 1, "file_name": "13_left1.jpg", "height": 64, "width": 27, "date_captured": "2023-06-08T19:45:40+00:00"}], "annotations": [{"id": 8501, "image_id": 1502, "category_id": 1, "bbox": [11, 2, 6.1, 5.1], "area": 31.11, "segmentation": [[12.9, 6.7, 11.6, 5.4, 11.3, 3.9, 12.1, 1.8, 14.1, 1.7, 15.1, 1.6, 16.5, 1.8, 17.4, 2.4, 17.1, 4.4, 15.9, 5.8]], "iscrowd": 0}, {"id": 8502, "image_id": 1502, "category_id": 5, "bbox": [14, 8, 6.1, 14.2], "area": 86.62, "segmentation": [[18, 16.9, 18, 19.8, 19, 22.6, 20.3, 20.5, 20.3, 18, 19.4, 13.7, 17.8, 9.6, 15.8, 8.4, 14.9, 9.6, 14.2, 11.4, 14.9, 14.2]], "iscrowd": 0}, {"id": 8503, "image_id": 1502, "category_id": 2, "bbox": [18, 20, 2.2, 14.3], "area": 31.46, "segmentation": [[20.4, 20.1, 20.4, 22.3, 20.4, 23.7, 20.1, 27.8, 20.1, 32, 18.9, 33.8, 18.4, 30.4, 18.2, 26.8, 18.4, 24.2, 18.9, 21.4, 20, 19.5]], "iscrowd": 0}, {"id": 8504, "image_id": 1502, "category_id": 4, "bbox": [8, 8, 9.8, 18.2], "area": 178.36, "segmentation": [[15.9, 8.4, 13.8, 8, 10.6, 8.4, 8.8, 10.1, 7.9, 12.4, 7.8, 14.8, 8, 16.4, 8, 19.7, 8.5, 21.3, 8.8, 23.7, 12.4, 24, 15, 25.1, 16.3, 26.2, 17.6, 24.7, 17.1, 22.6, 16.9, 17.8, 16.1, 14]], "iscrowd": 0}, {"id": 8505, "image_id": 1502, "category_id": 6, "bbox": [6, 23, 11.6, 23.9], "area": 277.24, "segmentation": [[9.1, 23.3, 8.3, 25.5, 7.6, 26.7, 6.5, 28.7, 5.8, 30.5, 7.4, 33.8, 8.2, 35.6, 9.8, 36.5, 11.4, 38, 12.3, 39.3, 12.7, 40, 12.9, 42.6, 13, 44.5, 13.8, 46.8, 15.5, 46.7, 16.2, 45.5, 16.9, 43.4, 16.9, 41.6, 17.1, 38.1, 17.1, 35.4, 17.4, 32, 17, 28.8, 16.3, 25.4, 12.5, 22.9]], "iscrowd": 0}, {"id": 8506, "image_id": 1502, "category_id": 3, "bbox": [12, 46, 5.3, 13.7], "area": 72.61, "segmentation": [[13.9, 46.6, 13.6, 48.2, 13, 49.1, 12.3, 50.7, 12, 52.8, 12.3, 54.3, 12.7, 55.6, 13.5, 56.6, 14, 58.8, 15.4, 59.8, 15.7, 58.1, 16.6, 56.2, 17.3, 54.3, 16.6, 50.7, 16.1, 48.6, 15.4, 46.1]], "iscrowd": 0}]}