{"categories": [{"id": 0, "name": "body-parts", "supercategory": "none"}, {"id": 1, "name": "Head", "supercategory": "body-parts"}, {"id": 2, "name": "Lower_Arm", "supercategory": "body-parts"}, {"id": 3, "name": "Lower_Leg", "supercategory": "body-parts"}, {"id": 4, "name": "Torso", "supercategory": "body-parts"}, {"id": 5, "name": "Upper_Arm", "supercategory": "body-parts"}, {"id": 6, "name": "Upper_Leg", "supercategory": "body-parts"}], "images": [{"id": 299, "license": 1, "file_name": "13_left5.jpg", "height": 64, "width": 27, "date_captured": "2023-06-08T19:45:40+00:00"}], "annotations": [{"id": 1686, "image_id": 299, "category_id": 1, "bbox": [11, 2, 5.7, 5.4], "area": 30.78, "segmentation": [[13, 7.4, 11.9, 6.4, 10.9, 5.4, 11.3, 3.5, 13.5, 2.4, 14.8, 2.4, 16, 2.7, 16.3, 4.2, 16.6, 6.5, 15.2, 7.8]], "iscrowd": 0}, {"id": 1687, "image_id": 299, "category_id": 2, "bbox": [16, 3, 9, 5.7], "area": 51.3, "segmentation": [[16.1, 3.4, 19.5, 3.9, 20.6, 4.6, 21.9, 5.4, 24.6, 6.8, 25.1, 8.1, 24.2, 9.1, 21.7, 8.2, 20.7, 7.5, 18.2, 6.2, 16.2, 5.8]], "iscrowd": 0}, {"id": 1688, "image_id": 299, "category_id": 5, "bbox": [11, 8, 13.4, 3.5], "area": 46.9, "segmentation": [[24.7, 8.9, 21.3, 10.5, 18.2, 11.7, 15.8, 11.7, 13, 11.7, 11.3, 11, 11.4, 10.2, 12.7, 8.9, 15.8, 8.3, 18.8, 8.3, 20.4, 8.3, 23.4, 8.2]], "iscrowd": 0}, {"id": 1689, "image_id": 299, "category_id": 4, "bbox": [8, 9, 9.2, 18.2], "area": 167.44, "segmentation": [[12.4, 8.9, 11.9, 10, 11.8, 10.7, 12.9, 11.7, 16.8, 11.8, 17.2, 12.6, 16.5, 14.1, 16.5, 17.3, 16.4, 19.3, 16.1, 21.6, 15.3, 23.2, 14.8, 24, 14.6, 25.4, 14.6, 26.9, 14, 27.1, 11.9, 26, 10.8, 25.5, 8.9, 25.5, 8, 24.3, 8.4, 21.3, 8.8, 18.5, 9.3, 16.5, 9.5, 14.9, 9.4, 12.3, 9, 10.2, 9.7, 9.3]], "iscrowd": 0}, {"id": 1690, "image_id": 299, "category_id": 6, "bbox": [6, 25, 10.3, 19.2], "area": 197.76, "segmentation": [[8.8, 25, 7.3, 28.4, 6, 30.7, 6.7, 34.7, 8.5, 37, 10.7, 40.2, 11, 42.2, 12, 44.2, 14.3, 44, 15.7, 41.4, 16.2, 39, 16.3, 35.7, 16.1, 32.3, 15.8, 29.6, 15.7, 27.7, 15.3, 26.9]], "iscrowd": 0}, {"id": 1691, "image_id": 299, "category_id": 3, "bbox": [9, 48, 5, 16.4], "area": 82, "segmentation": [[12, 47.6, 10.6, 49.3, 9.9, 50.7, 10, 53.4, 9.7, 56.3, 9.8, 57.7, 9.8, 59.2, 9.8, 59.9, 9.6, 62.2, 9.1, 63.6, 10.5, 64, 11.7, 63.9, 11.6, 62.1, 11.9, 60.1, 12.8, 57.7, 14.1, 54.7, 14.1, 52.7, 14.1, 50.2, 13.9, 48.2]], "iscrowd": 0}]}