{"categories": [{"id": 0, "name": "body-parts", "supercategory": "none"}, {"id": 1, "name": "Head", "supercategory": "body-parts"}, {"id": 2, "name": "Lower_Arm", "supercategory": "body-parts"}, {"id": 3, "name": "Lower_Leg", "supercategory": "body-parts"}, {"id": 4, "name": "Torso", "supercategory": "body-parts"}, {"id": 5, "name": "Upper_Arm", "supercategory": "body-parts"}, {"id": 6, "name": "Upper_Leg", "supercategory": "body-parts"}], "images": [{"id": 637, "license": 1, "file_name": "13_left3.jpg", "height": 64, "width": 27, "date_captured": "2023-06-08T19:45:40+00:00"}], "annotations": [{"id": 3570, "image_id": 637, "category_id": 1, "bbox": [10, 1, 7.9, 6.4], "area": 50.56, "segmentation": [[16, 6.5, 17.5, 5, 17.4, 2.7, 16.2, 1.7, 14.5, 1, 11.9, 0.6, 10.3, 1.6, 10.1, 2.8, 9.6, 4.9, 10.1, 5.4, 11.5, 6, 12.5, 7]], "iscrowd": 0}, {"id": 3571, "image_id": 637, "category_id": 4, "bbox": [7, 10, 11, 13], "area": 143, "segmentation": [[13, 22.5, 14.9, 22.5, 15.8, 20.7, 16, 19.5, 17.3, 18.1, 18, 16.5, 18, 15.4, 18, 14.5, 17.5, 10, 10.5, 10, 8, 12.5, 7, 19.5, 9.5, 23]], "iscrowd": 0}, {"id": 3572, "image_id": 637, "category_id": 5, "bbox": [18, 12, 6, 12], "area": 72, "segmentation": [[23, 23.5, 24, 21.5, 23, 20.5, 21, 12.5, 19.5, 12, 18, 13.5, 18, 14.5, 19.4, 18.1, 21, 22.5, 22.5, 24]], "iscrowd": 0}, {"id": 3573, "image_id": 637, "category_id": 6, "bbox": [5, 24, 16, 17], "area": 272, "segmentation": [[21, 40.5, 21, 37.5, 18, 33.5, 18, 31.5, 14, 27.5, 14, 26.5, 11.5, 24, 10.5, 24, 7, 27.5, 5, 31.5, 6, 35.5, 9.5, 38, 12.5, 38, 14.5, 40, 16.5, 40, 17.5, 41]], "iscrowd": 0}, {"id": 3574, "image_id": 637, "category_id": 3, "bbox": [5, 43, 15, 16], "area": 240, "segmentation": [[8, 58.5, 8, 54.5, 10, 52.5, 10, 51.5, 13.5, 51, 15, 49.5, 15, 48.5, 16.5, 48, 20, 44.5, 18.5, 43, 11.6, 46.9, 5.3, 48.7, 5, 55.5, 6, 57.5, 7.5, 59]], "iscrowd": 0}]}