{"categories": [{"id": 0, "name": "body-parts", "supercategory": "none"}, {"id": 1, "name": "Head", "supercategory": "body-parts"}, {"id": 2, "name": "Lower_Arm", "supercategory": "body-parts"}, {"id": 3, "name": "Lower_Leg", "supercategory": "body-parts"}, {"id": 4, "name": "Torso", "supercategory": "body-parts"}, {"id": 5, "name": "Upper_Arm", "supercategory": "body-parts"}, {"id": 6, "name": "Upper_Leg", "supercategory": "body-parts"}], "images": [{"id": 1080, "license": 1, "file_name": "13_left4.jpg", "height": 64, "width": 27, "date_captured": "2023-06-08T19:45:40+00:00"}], "annotations": [{"id": 6066, "image_id": 1080, "category_id": 1, "bbox": [11, 1, 7.5, 6.2], "area": 46.5, "segmentation": [[16.6, 7.2, 10.9, 5.3, 12, 3.5, 13.9, 1.8, 17.1, 1, 18.1, 1.4, 18.4, 2.8, 18.3, 4.7]], "iscrowd": 0}, {"id": 6067, "image_id": 1080, "category_id": 5, "bbox": [15, 8, 9.9, 15], "area": 148.5, "segmentation": [[17.1, 8, 19.1, 9.3, 21.1, 11.7, 21.6, 13.2, 22.5, 15.1, 23.2, 16.4, 23.7, 17.8, 24.7, 20.3, 24.8, 23, 23.1, 21.8, 22, 20.6, 20.5, 17.9, 19.6, 16.1, 18.2, 14.4, 17.2, 13.6, 15.9, 12.8, 14.9, 11, 15, 10.1]], "iscrowd": 0}, {"id": 6068, "image_id": 1080, "category_id": 4, "bbox": [9, 8, 8.7, 15.6], "area": 135.72, "segmentation": [[16.9, 8.2, 14.4, 8.2, 13, 8.8, 9.8, 9.5, 10, 10.8, 10.3, 12.5, 9.5, 14.4, 9, 16.5, 9.1, 18.7, 9.6, 20.2, 10.2, 21.7, 10.8, 23.2, 15.2, 23.8, 16.3, 21.7, 17.2, 19, 17.7, 14.6, 17.3, 13.3, 15.8, 11.2, 16.9, 9]], "iscrowd": 0}, {"id": 6069, "image_id": 1080, "category_id": 6, "bbox": [8, 23, 10.3, 22.8], "area": 234.84, "segmentation": [[11.2, 22.7, 10, 25.1, 9.2, 27.2, 7.9, 28.8, 7.7, 30.9, 7.8, 32.9, 8.5, 34.3, 9.9, 36.4, 10.7, 39, 12, 42.5, 13.1, 45.5, 15.1, 44.8, 16.2, 41.9, 17.4, 38.6, 18, 34.8, 17.8, 31.4, 17, 28.5, 15.6, 24.6, 15.2, 23.2]], "iscrowd": 0}, {"id": 6070, "image_id": 1080, "category_id": 3, "bbox": [10, 47, 5.3, 12], "area": 63.6, "segmentation": [[14.8, 47.8, 15, 50.1, 14.8, 52.3, 13.5, 54.8, 11.9, 57.5, 10.4, 59.1, 9.9, 58, 9.7, 55.7, 9.8, 53.7, 10.3, 50.9, 11.4, 49.2, 12.4, 47.1]], "iscrowd": 0}, {"id": 6071, "image_id": 1080, "category_id": 3, "bbox": [19, 37, 7.1, 5], "area": 35.5, "segmentation": [[22.2, 37.1, 26.4, 38.6, 24.6, 40.9, 21.6, 42.1, 19.3, 41.7]], "iscrowd": 0}]}