{"categories": [{"id": 0, "name": "body-parts", "supercategory": "none"}, {"id": 1, "name": "Head", "supercategory": "body-parts"}, {"id": 2, "name": "Lower_Arm", "supercategory": "body-parts"}, {"id": 3, "name": "Lower_Leg", "supercategory": "body-parts"}, {"id": 4, "name": "Torso", "supercategory": "body-parts"}, {"id": 5, "name": "Upper_Arm", "supercategory": "body-parts"}, {"id": 6, "name": "Upper_Leg", "supercategory": "body-parts"}], "images": [{"id": 1469, "license": 1, "file_name": "13_prone4.jpg", "height": 64, "width": 27, "date_captured": "2023-06-08T19:45:40+00:00"}], "annotations": [{"id": 8313, "image_id": 1469, "category_id": 4, "bbox": [8, 10, 12.8, 18.5], "area": 236.8, "segmentation": [[10, 28.1, 20.3, 27.3, 21, 23.5, 21.2, 18.2, 20.6, 13.6, 19.3, 9.6, 15.7, 10.3, 13.9, 11.3, 10.6, 10, 8.8, 10.7, 8.4, 14.2, 9.9, 17, 8.8, 22.9]], "iscrowd": 0}, {"id": 8314, "image_id": 1469, "category_id": 6, "bbox": [0, 28, 22.5, 19.3], "area": 434.25, "segmentation": [[10.1, 29, 20.4, 28, 22.5, 32.7, 22.5, 38, 22.2, 42.4, 20.5, 47.1, 17.3, 47.3, 15.6, 43.9, 14.3, 37.9, 12.8, 35.7, 9.9, 38.8, 7.2, 44.5, 4.3, 47.2, 2, 47.1, 0.5, 45.5, 0, 43.1, 1.5, 40, 4.1, 37.2, 6, 35.6, 7.7, 32.9]], "iscrowd": 0}, {"id": 8315, "image_id": 1469, "category_id": 3, "bbox": [17, 48, 4.5, 9.6], "area": 43.2, "segmentation": [[16.8, 57.5, 16.6, 55.8, 18.4, 53.9, 17.4, 49.7, 18, 47.9, 20.7, 47.9, 20.8, 52.1, 21.1, 54.5, 20.2, 56.2]], "iscrowd": 0}, {"id": 8316, "image_id": 1469, "category_id": 1, "bbox": [10, 2, 6.8, 6.3], "area": 42.84, "segmentation": [[14.2, 8.2, 10.8, 6.9, 10.3, 5, 11, 2.9, 12.7, 1.9, 16.2, 3, 17.1, 5.2, 16, 7.2]], "iscrowd": 0}, {"id": 8317, "image_id": 1469, "category_id": 5, "bbox": [19, 9, 5.3, 14.7], "area": 77.91, "segmentation": [[24.7, 23, 24.2, 17.7, 23.8, 14, 22.5, 9.2, 20.9, 9.1, 19.4, 9.5, 20.9, 13.7, 21.9, 19, 22.1, 23.8]], "iscrowd": 0}, {"id": 8318, "image_id": 1469, "category_id": 2, "bbox": [22, 23, 2.7, 12.4], "area": 33.48, "segmentation": [[22.3, 24.1, 25, 23.4, 24.8, 28.9, 24.8, 32, 24.1, 34.3, 23.7, 35.8, 22.6, 33, 22.5, 28.9, 22.8, 25.9]], "iscrowd": 0}, {"id": 8319, "image_id": 1469, "category_id": 2, "bbox": [2, 24, 4.7, 11.6], "area": 54.52, "segmentation": [[4.4, 23.5, 7.2, 24.3, 6.1, 28.2, 5.2, 31.1, 4.7, 33.4, 3.8, 35.1, 2.8, 34.6, 2.5, 30.9, 3.8, 26.8]], "iscrowd": 0}, {"id": 8320, "image_id": 1469, "category_id": 5, "bbox": [5, 9, 4, 14.4], "area": 57.6, "segmentation": [[6.8, 9.6, 8.8, 9.2, 8.5, 12.8, 8.2, 17.9, 7.9, 22.7, 6.9, 23.6, 4.8, 22.8, 5.6, 16.6, 5.8, 12.8]], "iscrowd": 0}]}