{"categories": [{"id": 0, "name": "body-parts", "supercategory": "none"}, {"id": 1, "name": "Head", "supercategory": "body-parts"}, {"id": 2, "name": "Lower_Arm", "supercategory": "body-parts"}, {"id": 3, "name": "Lower_Leg", "supercategory": "body-parts"}, {"id": 4, "name": "Torso", "supercategory": "body-parts"}, {"id": 5, "name": "Upper_Arm", "supercategory": "body-parts"}, {"id": 6, "name": "Upper_Leg", "supercategory": "body-parts"}], "images": [{"id": 1181, "license": 1, "file_name": "13_prone3.jpg", "height": 64, "width": 27, "date_captured": "2023-06-08T19:45:40+00:00"}], "annotations": [{"id": 6661, "image_id": 1181, "category_id": 6, "bbox": [6, 26, 15.9, 21.4], "area": 340.26, "segmentation": [[10, 47.6, 13.2, 47.5, 14.6, 45.6, 16, 45.2, 16.4, 47.6, 19.6, 47.4, 21, 43.3, 22.4, 37.2, 21.8, 32.1, 20.1, 28, 19.3, 26.6, 15.2, 26.2, 10.8, 26.3, 8, 29.8, 6.5, 33.9, 8.3, 41.2, 8.9, 45.8]], "iscrowd": 0}, {"id": 6662, "image_id": 1181, "category_id": 4, "bbox": [8, 13, 13.4, 14], "area": 187.6, "segmentation": [[19.7, 26.2, 9.2, 26.6, 7.7, 21.6, 8.4, 16.7, 9.7, 13.5, 12.7, 13.3, 13.9, 14, 15.8, 12.6, 18.7, 13.3, 20.2, 16.7, 21.1, 21.5]], "iscrowd": 0}, {"id": 6663, "image_id": 1181, "category_id": 3, "bbox": [17, 48, 3.1, 5.4], "area": 16.74, "segmentation": [[18.1, 53.5, 16.7, 48.2, 19.8, 48.1]], "iscrowd": 0}, {"id": 6664, "image_id": 1181, "category_id": 3, "bbox": [10, 48, 3.4, 2.3], "area": 7.82, "segmentation": [[11.4, 50.4, 9.8, 48.2, 13.2, 48.1]], "iscrowd": 0}, {"id": 6665, "image_id": 1181, "category_id": 2, "bbox": [2, 0, 23.9, 3.6], "area": 86.04, "segmentation": [[4.6, 3.6, 9.8, 2.4, 13.5, 3.1, 16.8, 2.9, 20.7, 2.8, 22.8, 3.5, 25.8, 0.4, 24.2, 0, 4, 0, 1.9, 0.6, 2.8, 2.8]], "iscrowd": 0}]}