{"categories": [{"id": 0, "name": "body-parts", "supercategory": "none"}, {"id": 1, "name": "Head", "supercategory": "body-parts"}, {"id": 2, "name": "Lower_Arm", "supercategory": "body-parts"}, {"id": 3, "name": "Lower_Leg", "supercategory": "body-parts"}, {"id": 4, "name": "Torso", "supercategory": "body-parts"}, {"id": 5, "name": "Upper_Arm", "supercategory": "body-parts"}, {"id": 6, "name": "Upper_Leg", "supercategory": "body-parts"}], "images": [{"id": 1192, "license": 1, "file_name": "13_prone5.jpg", "height": 64, "width": 27, "date_captured": "2023-06-08T19:45:40+00:00"}], "annotations": [{"id": 6722, "image_id": 1192, "category_id": 5, "bbox": [19, 9, 5.7, 14.4], "area": 82.08, "segmentation": [[19.204, 10.4, 19.404, 9.1, 20.804, 9.1, 21.904, 9.6, 23.004, 12.3, 23.504, 14.9, 24.504, 17.4, 24.404, 21.7, 23.504, 23.5, 21.504, 22.7, 21.204, 18.7, 20.704, 16.9, 18.804, 15.3, 19.004, 13.7]], "iscrowd": 0}, {"id": 6723, "image_id": 1192, "category_id": 1, "bbox": [10, 2, 6, 8], "area": 48, "segmentation": [[15, 9.5, 16, 7.5, 16, 2.5, 12.5, 2, 10, 3.5, 10, 7.5, 12.5, 8, 14.5, 10]], "iscrowd": 0}, {"id": 6724, "image_id": 1192, "category_id": 4, "bbox": [9, 9, 10.9, 16.9], "area": 184.21, "segmentation": [[10.404, 8.8, 9.804, 10.8, 9.204, 13.1, 9.504, 15.7, 9.604, 18.1, 9.004, 20.2, 9.104, 23.5, 10.704, 24.6, 14.304, 25.4, 17.604, 25.7, 18.604, 25.1, 19.204, 22.5, 19.504, 20.1, 19.604, 16.2, 19.904, 14.5, 19.704, 12, 18.904, 10.2, 16.504, 9.8, 14.504, 10.5, 12.204, 10.1]], "iscrowd": 0}, {"id": 6725, "image_id": 1192, "category_id": 6, "bbox": [6, 24, 18.796, 24.9], "area": 468.01, "segmentation": [[9.804, 24.2, 8.404, 26.2, 7.804, 28.1, 7.404, 29.4, 6.504, 31.3, 6.304, 33.2, 6.304, 35.1, 6.604, 37.4, 6.704, 40.5, 7.604, 43.5, 8.304, 45.9, 9.904, 49.1, 10.404, 46.6, 11.404, 44.1, 12.604, 41.7, 13.404, 40.3, 15.204, 37.9, 15.804, 37.4, 18.004, 37.9, 19.404, 38.7, 21.204, 40.2, 22.204, 41.7, 23.1, 41.7, 24, 41.9, 25.1, 41.1, 24.6, 39.5, 24.5, 38.3, 24.404, 37.3, 23.104, 35.5, 20.704, 34.1, 19.104, 33.5, 18.204, 32.4, 17.604, 30.9, 17.504, 29.2, 17.504, 27.1, 17.504, 25.2, 15.404, 24.7]], "iscrowd": 0}, {"id": 6726, "image_id": 1192, "category_id": 5, "bbox": [5, 9, 4.9, 14.2], "area": 69.58, "segmentation": [[10.204, 9.2, 8.704, 8.8, 7.604, 8.8, 6.604, 9.7, 5.304, 12.5, 5.404, 15.8, 5.704, 19.4, 5.404, 21.7, 6.804, 23, 7.404, 21.4, 8.204, 17.9, 9.604, 14.4]], "iscrowd": 0}, {"id": 6727, "image_id": 1192, "category_id": 2, "bbox": [22, 23, 4.6, 12.1], "area": 55.66, "segmentation": [[21.604, 22.8, 22.604, 25.1, 23.104, 27.3, 23.504, 29.2, 24.104, 31.8, 25.004, 34.9, 26.204, 34.3, 26.204, 31.2, 25.804, 29.5, 24.804, 27, 23.704, 22.9, 23.704, 22.8]], "iscrowd": 0}, {"id": 6728, "image_id": 1192, "category_id": 2, "bbox": [4, 21, 2.9, 13.7], "area": 39.73, "segmentation": [[5.404, 21.1, 4.604, 23.3, 4.404, 25.2, 3.704, 27.7, 3.704, 30.9, 4.204, 34.8, 5.304, 34.5, 6.004, 29.7, 6.504, 24.8, 6.604, 22.1]], "iscrowd": 0}, {"id": 6729, "image_id": 1192, "category_id": 3, "bbox": [6, 47, 2.7, 8.4], "area": 22.68, "segmentation": [[8.004, 47.1, 9.004, 49.7, 9.104, 51.9, 7.604, 55.1, 6.604, 55.5, 6.404, 53.4, 6.704, 50.7]], "iscrowd": 0}, {"id": 6730, "image_id": 1192, "category_id": 3, "bbox": [22, 39, 5.4, 7.6], "area": 41.04, "segmentation": [[25.7, 39, 27, 39.4, 27, 44.3, 25.8, 46.6, 24, 46.6, 21.6, 45.4, 22, 43.6, 23.9, 42.9, 25.1, 41.8]], "iscrowd": 0}]}