{"categories": [{"id": 0, "name": "body-parts", "supercategory": "none"}, {"id": 1, "name": "Head", "supercategory": "body-parts"}, {"id": 2, "name": "Lower_Arm", "supercategory": "body-parts"}, {"id": 3, "name": "Lower_Leg", "supercategory": "body-parts"}, {"id": 4, "name": "Torso", "supercategory": "body-parts"}, {"id": 5, "name": "Upper_Arm", "supercategory": "body-parts"}, {"id": 6, "name": "Upper_Leg", "supercategory": "body-parts"}], "images": [{"id": 771, "license": 1, "file_name": "13_prone7.jpg", "height": 64, "width": 27, "date_captured": "2023-06-08T19:45:40+00:00"}], "annotations": [{"id": 4348, "image_id": 771, "category_id": 4, "bbox": [8, 18, 17, 11.5], "area": 195.5, "segmentation": [[10, 29.5, 11.9, 29.5, 24.5, 28, 25, 20.5, 23.5, 19, 21.5, 19, 20.5, 18, 10.5, 18, 8, 20.5, 8, 29.5]], "iscrowd": 0}, {"id": 4349, "image_id": 771, "category_id": 6, "bbox": [8, 29, 16, 13.9], "area": 222.4, "segmentation": [[15, 42.5, 16, 41.5, 16.5, 39, 17.5, 42, 19.5, 41, 21.5, 41, 22.5, 42, 23, 41.5, 23, 39.5, 24, 38.5, 24, 36.5, 23, 35.5, 24, 33.5, 23.4, 28.6, 12.9, 30, 8, 29.5, 9, 34.5, 9, 35.9, 10, 42.5]], "iscrowd": 0}, {"id": 4350, "image_id": 771, "category_id": 3, "bbox": [18, 42, 4.2, 11.5], "area": 48.3, "segmentation": [[21, 53.5, 22, 49.5, 22.2, 43.1, 20, 42.5, 18.5, 42, 18, 49.5, 20, 53.5]], "iscrowd": 0}, {"id": 4351, "image_id": 771, "category_id": 3, "bbox": [11, 43, 4.8, 7.3], "area": 35.04, "segmentation": [[14, 50.5, 15, 49.5, 15.4, 43.5, 13.6, 43.5, 12.3, 43.2, 10.6, 43.9, 11, 50.5]], "iscrowd": 0}, {"id": 4352, "image_id": 771, "category_id": 1, "bbox": [9, 4, 10, 5], "area": 50, "segmentation": [[18, 8.5, 19, 7.5, 19, 5.5, 17.5, 4, 10.5, 4, 9, 5.5, 9.5, 9]], "iscrowd": 0}, {"id": 4353, "image_id": 771, "category_id": 2, "bbox": [0, 2, 6, 14.5], "area": 87, "segmentation": [[4, 16.5, 4, 10.5, 5, 9.5, 5, 6.5, 6, 5.5, 5.5, 2, 4, 2.5, 1.7, 6.3, 1, 9.5, 0.5, 11, 0, 12.5, 0, 16.5]], "iscrowd": 0}]}