{"categories": [{"id": 0, "name": "body-parts", "supercategory": "none"}, {"id": 1, "name": "Head", "supercategory": "body-parts"}, {"id": 2, "name": "Lower_Arm", "supercategory": "body-parts"}, {"id": 3, "name": "Lower_Leg", "supercategory": "body-parts"}, {"id": 4, "name": "Torso", "supercategory": "body-parts"}, {"id": 5, "name": "Upper_Arm", "supercategory": "body-parts"}, {"id": 6, "name": "Upper_Leg", "supercategory": "body-parts"}], "images": [{"id": 1008, "license": 1, "file_name": "13_prone2.jpg", "height": 64, "width": 27, "date_captured": "2023-06-08T19:45:40+00:00"}], "annotations": [{"id": 5690, "image_id": 1008, "category_id": 6, "bbox": [8, 27, 13.7, 21], "area": 287.7, "segmentation": [[9.7, 27.1, 19.5, 27.3, 20.3, 31.3, 21.6, 34.7, 21.9, 39.2, 20.3, 42.9, 19.4, 46.8, 18, 48.1, 15.2, 47.5, 14.2, 44, 10.8, 42.7, 9.6, 39.6, 8.3, 35.2, 8.2, 31.7, 8.6, 29.5]], "iscrowd": 0}, {"id": 5691, "image_id": 1008, "category_id": 3, "bbox": [15, 49, 4.2, 8.4], "area": 35.28, "segmentation": [[14.9, 48.5, 18.7, 48.8, 18.5, 51.3, 17.4, 55.3, 15.8, 56.9, 14.5, 53.8]], "iscrowd": 0}, {"id": 5692, "image_id": 1008, "category_id": 4, "bbox": [8, 9, 13.7, 17.9], "area": 245.23, "segmentation": [[9.6, 25.9, 19.7, 26.5, 21.4, 21.4, 20.9, 16, 20.3, 11.5, 19.4, 8.6, 13.2, 9.4, 9.8, 8.7, 7.7, 12.7, 7.7, 18.4, 8.5, 23.3]], "iscrowd": 0}, {"id": 5693, "image_id": 1008, "category_id": 2, "bbox": [22, 20, 3.7, 14.1], "area": 52.17, "segmentation": [[23.7, 34.4, 22.5, 30.5, 22.8, 25.1, 22.3, 21.8, 24.7, 20.3, 24.9, 24.8, 24.8, 27.6, 26, 30.7, 25.1, 33.2]], "iscrowd": 0}, {"id": 5694, "image_id": 1008, "category_id": 2, "bbox": [4, 23, 3.1, 12.3], "area": 38.13, "segmentation": [[6.1, 34.9, 7.1, 32.9, 7.3, 29, 7.5, 23.3, 5.1, 22.6, 4.4, 27.9, 4.8, 32.1]], "iscrowd": 0}, {"id": 5695, "image_id": 1008, "category_id": 5, "bbox": [20, 9, 4.7, 12.3], "area": 57.81, "segmentation": [[22.6, 20.8, 25.1, 19.3, 23.7, 12.7, 23.2, 8.5, 20.4, 9, 21.5, 16.4]], "iscrowd": 0}, {"id": 5696, "image_id": 1008, "category_id": 5, "bbox": [5, 8, 4.4, 13.9], "area": 61.16, "segmentation": [[6.9, 22.2, 5, 21.2, 5.6, 13.9, 6, 9.5, 7.7, 8.3, 9.4, 8.8, 8.5, 13.2, 7.6, 19.4]], "iscrowd": 0}]}