{"categories": [{"id": 0, "name": "body-parts", "supercategory": "none"}, {"id": 1, "name": "Head", "supercategory": "body-parts"}, {"id": 2, "name": "Lower_Arm", "supercategory": "body-parts"}, {"id": 3, "name": "Lower_Leg", "supercategory": "body-parts"}, {"id": 4, "name": "Torso", "supercategory": "body-parts"}, {"id": 5, "name": "Upper_Arm", "supercategory": "body-parts"}, {"id": 6, "name": "Upper_Leg", "supercategory": "body-parts"}], "images": [{"id": 578, "license": 1, "file_name": "13_prone1.jpg", "height": 64, "width": 27, "date_captured": "2023-06-08T19:45:40+00:00"}], "annotations": [{"id": 3251, "image_id": 578, "category_id": 1, "bbox": [9, 3, 6, 5], "area": 30, "segmentation": [[14, 7.5, 15, 5.5, 14.5, 3, 10.5, 3, 9, 4.5, 9, 6.5, 10.5, 8]], "iscrowd": 0}, {"id": 3252, "image_id": 578, "category_id": 2, "bbox": [24, 28, 2, 7.5], "area": 15, "segmentation": [[25, 35.5, 26, 34.5, 25.5, 28, 24, 28.5, 24, 35.5]], "iscrowd": 0}, {"id": 3253, "image_id": 578, "category_id": 4, "bbox": [6, 9, 17, 18], "area": 306, "segmentation": [[18, 26.5, 22, 21.5, 22, 18.5, 21, 17.5, 23, 14.5, 22, 13.5, 23, 12.5, 22, 11.5, 22, 9.5, 18.5, 9, 17.5, 10, 10.5, 10, 9.5, 9, 7.5, 9, 6, 10.5, 6, 15.5, 8, 17.5, 8, 23.5, 9.5, 24, 12.5, 27]], "iscrowd": 0}, {"id": 3254, "image_id": 578, "category_id": 6, "bbox": [6, 28, 15.549, 20.411], "area": 317.368, "segmentation": [[12.628, 36.718, 16.534, 47.578, 20.688, 47.642, 22, 35.573, 21, 34.573, 21, 31.573, 20, 30.573, 19.5, 28.073, 15.5, 28.073, 7.248, 27.801, 6.886, 31.693, 6.451, 38.633, 7.105, 47.338, 10.289, 48.211]], "iscrowd": 0}, {"id": 3255, "image_id": 578, "category_id": 5, "bbox": [21, 9, 5, 19], "area": 95, "segmentation": [[25, 27.5, 25, 21.5, 26, 20.5, 26, 17.5, 25, 16.5, 25, 14.5, 22.5, 9, 22, 15.5, 21, 16.5, 22, 17.5, 22, 26.5, 23.5, 28]], "iscrowd": 0}, {"id": 3256, "image_id": 578, "category_id": 5, "bbox": [4, 10, 3, 17.5], "area": 52.5, "segmentation": [[6, 27.5, 7, 23.5, 6, 22.5, 5.5, 10, 4, 12.5, 4, 25.5, 5, 27.5]], "iscrowd": 0}, {"id": 3257, "image_id": 578, "category_id": 2, "bbox": [3, 28, 4, 7.5], "area": 30, "segmentation": [[6, 35.5, 7, 28.5, 4.5, 28, 3, 32.5, 4, 33.5, 4, 35.5]], "iscrowd": 0}]}