{"categories": [{"id": 0, "name": "body-parts", "supercategory": "none"}, {"id": 1, "name": "Head", "supercategory": "body-parts"}, {"id": 2, "name": "Lower_Arm", "supercategory": "body-parts"}, {"id": 3, "name": "Lower_Leg", "supercategory": "body-parts"}, {"id": 4, "name": "Torso", "supercategory": "body-parts"}, {"id": 5, "name": "Upper_Arm", "supercategory": "body-parts"}, {"id": 6, "name": "Upper_Leg", "supercategory": "body-parts"}], "images": [{"id": 163, "license": 1, "file_name": "13_right5.jpg", "height": 64, "width": 27, "date_captured": "2023-06-08T19:45:40+00:00"}], "annotations": [{"id": 923, "image_id": 163, "category_id": 3, "bbox": [15, 48, 6, 15.5], "area": 93, "segmentation": [[21, 63.5, 19, 61.5, 19, 54.5, 20, 53.5, 20, 51.5, 19, 49.5, 16.5, 48, 15, 50.5, 15, 53.5, 16, 54.5, 16, 59.5, 17, 60.5, 17, 63.5]], "iscrowd": 0}, {"id": 924, "image_id": 163, "category_id": 6, "bbox": [15, 28, 8, 20], "area": 160, "segmentation": [[17, 47.5, 18, 46.5, 18, 43.5, 20, 41.5, 20, 39.5, 23, 35.5, 22.5, 28, 17.5, 28, 16, 29.5, 16, 33.5, 15, 34.5, 15, 40.5, 16, 41.5, 16, 45.5, 15, 46.5, 16.5, 48]], "iscrowd": 0}, {"id": 925, "image_id": 163, "category_id": 4, "bbox": [14, 8, 7.852, 18.797], "area": 147.595, "segmentation": [[21.21, 26.823, 21.21, 23.823, 22.21, 22.823, 20.21, 20.823, 22.21, 18.823, 22.21, 13.823, 19.436, 8.026, 14.358, 8.194, 14.685, 11.856, 15.001, 13.641, 15.084, 14.048, 16.21, 16.823, 16.21, 20.823, 15.21, 21.823, 16.21, 26.823]], "iscrowd": 0}, {"id": 926, "image_id": 163, "category_id": 5, "bbox": [7, 8, 7, 5], "area": 35, "segmentation": [[13.128, 12.645, 14.128, 11.645, 13.628, 9.145, 11.628, 8.145, 10.628, 9.145, 8.628, 8.145, 7.128, 9.645, 7.628, 11.145, 11.628, 13.145]], "iscrowd": 0}, {"id": 927, "image_id": 163, "category_id": 2, "bbox": [6, 3, 10, 6.5], "area": 65, "segmentation": [[8, 9.5, 11.5, 7, 14.5, 6, 16, 4.5, 16, 3.5, 13.5, 3, 6, 9.5]], "iscrowd": 0}]}