{"categories": [{"id": 0, "name": "body-parts", "supercategory": "none"}, {"id": 1, "name": "Head", "supercategory": "body-parts"}, {"id": 2, "name": "Lower_Arm", "supercategory": "body-parts"}, {"id": 3, "name": "Lower_Leg", "supercategory": "body-parts"}, {"id": 4, "name": "Torso", "supercategory": "body-parts"}, {"id": 5, "name": "Upper_Arm", "supercategory": "body-parts"}, {"id": 6, "name": "Upper_Leg", "supercategory": "body-parts"}], "images": [{"id": 215, "license": 1, "file_name": "13_right1.jpg", "height": 64, "width": 27, "date_captured": "2023-06-08T19:45:40+00:00"}], "annotations": [{"id": 1213, "image_id": 215, "category_id": 5, "bbox": [7, 8, 8.7, 16.6], "area": 144.42, "segmentation": [[13.2, 8, 11.056, 9.3, 10.456, 12.4, 9.956, 15.5, 6.656, 22.9, 7.756, 24.5, 11.656, 20.1, 12.756, 16.2, 15.356, 12.2, 14.756, 7.9]], "iscrowd": 0}, {"id": 1214, "image_id": 215, "category_id": 4, "bbox": [13, 8, 8.5, 17.8], "area": 151.3, "segmentation": [[14.256, 7.8, 17.556, 7.8, 20.656, 8.4, 21.256, 11, 20.856, 15, 21.056, 20.1, 21.256, 25.6, 19.256, 24.4, 16.256, 24.1, 13.656, 24.3, 12.756, 21.2, 13.156, 17.8, 14.656, 12.8]], "iscrowd": 0}, {"id": 1215, "image_id": 215, "category_id": 6, "bbox": [12, 24, 9.9, 23.6], "area": 233.64, "segmentation": [[20.956, 24.2, 21.456, 26.8, 22.056, 31.2, 20.856, 34.6, 19.156, 37.3, 17.456, 41.1, 17.256, 42.5, 14.956, 47.3, 13.256, 47.2, 13.256, 45, 12.856, 41.3, 12.156, 38.7, 12.156, 34.5, 12.756, 30.7, 13.056, 26.8, 13.956, 23.7]], "iscrowd": 0}, {"id": 1216, "image_id": 215, "category_id": 3, "bbox": [13, 48, 3.8, 16], "area": 60.8, "segmentation": [[13.656, 47.9, 15.256, 47.8, 16.356, 48.7, 16.556, 50.3, 16.756, 52.7, 16.756, 57.8, 16.456, 61.3, 16.556, 63.8, 14.656, 63.8, 14.556, 62.6, 13.956, 59.4, 13.456, 55.4, 13.356, 52.9, 12.956, 49]], "iscrowd": 0}, {"id": 1217, "image_id": 215, "category_id": 1, "bbox": [13, 1, 5, 5.9], "area": 29.5, "segmentation": [[14.856, 6.5, 13.656, 4.6, 13.356, 2.3, 14.756, 1.2, 16.856, 1.2, 18.256, 2.1, 18.356, 3.8, 18.156, 5.9, 15.856, 7.1]], "iscrowd": 0}]}