{"categories": [{"id": 0, "name": "body-parts", "supercategory": "none"}, {"id": 1, "name": "Head", "supercategory": "body-parts"}, {"id": 2, "name": "Lower_Arm", "supercategory": "body-parts"}, {"id": 3, "name": "Lower_Leg", "supercategory": "body-parts"}, {"id": 4, "name": "Torso", "supercategory": "body-parts"}, {"id": 5, "name": "Upper_Arm", "supercategory": "body-parts"}, {"id": 6, "name": "Upper_Leg", "supercategory": "body-parts"}], "images": [{"id": 272, "license": 1, "file_name": "13_right6.jpg", "height": 64, "width": 27, "date_captured": "2023-06-08T19:45:40+00:00"}], "annotations": [{"id": 1548, "image_id": 272, "category_id": 3, "bbox": [14, 48, 7, 15.5], "area": 108.5, "segmentation": [[21, 63.5, 20, 61.5, 20, 51.5, 18.5, 49, 15.5, 48, 14, 49.5, 14, 53.5, 15, 54.5, 15, 57.5, 16, 58.5, 16, 63.5]], "iscrowd": 0}, {"id": 1549, "image_id": 272, "category_id": 6, "bbox": [13, 24, 11, 23.5], "area": 258.5, "segmentation": [[17, 47.5, 17, 45.5, 20, 41.5, 21, 37.5, 24, 34.5, 24, 27.5, 21.5, 24, 18.5, 24, 17.5, 25, 16.5, 24, 14.5, 24, 14, 28.5, 13, 29.5, 13, 41.5, 14, 42.5, 15, 47.5]], "iscrowd": 0}, {"id": 1550, "image_id": 272, "category_id": 4, "bbox": [13, 10, 9, 14.5], "area": 130.5, "segmentation": [[22, 24.5, 22, 13.5, 18.5, 10, 13.5, 10, 13, 13.5, 15, 14.5, 15, 24.5]], "iscrowd": 0}, {"id": 1551, "image_id": 272, "category_id": 5, "bbox": [8, 12, 7, 9.5], "area": 66.5, "segmentation": [[11, 21.5, 13, 17.5, 15, 15.5, 12.5, 12, 9, 12.5, 9, 19.5, 8, 21.5]], "iscrowd": 0}, {"id": 1552, "image_id": 272, "category_id": 2, "bbox": [6, 21, 4, 4.5], "area": 18, "segmentation": [[7, 25.5, 9, 24.5, 10, 22.5, 9.5, 21, 8.5, 21, 7, 22.5, 6, 24.5, 6, 25.5]], "iscrowd": 0}]}