{"categories": [{"id": 0, "name": "body-parts", "supercategory": "none"}, {"id": 1, "name": "Head", "supercategory": "body-parts"}, {"id": 2, "name": "Lower_Arm", "supercategory": "body-parts"}, {"id": 3, "name": "Lower_Leg", "supercategory": "body-parts"}, {"id": 4, "name": "Torso", "supercategory": "body-parts"}, {"id": 5, "name": "Upper_Arm", "supercategory": "body-parts"}, {"id": 6, "name": "Upper_Leg", "supercategory": "body-parts"}], "images": [{"id": 845, "license": 1, "file_name": "13_right7.jpg", "height": 64, "width": 27, "date_captured": "2023-06-08T19:45:40+00:00"}], "annotations": [{"id": 4784, "image_id": 845, "category_id": 1, "bbox": [9, 2, 9.3, 7], "area": 65.1, "segmentation": [[12.3, 9.3, 9.5, 7.9, 8.9, 4.8, 11.5, 2.3, 16.3, 2.5, 18.2, 4.9, 16.8, 7.6]], "iscrowd": 0}, {"id": 4785, "image_id": 845, "category_id": 5, "bbox": [7, 10, 7.9, 15], "area": 118.5, "segmentation": [[14.7, 11.8, 13.1, 15.4, 12.4, 17.6, 11.7, 20.2, 9.5, 23.7, 6.8, 24.9, 7, 21.9, 7.9, 19.3, 8.3, 16.7, 9.7, 13.9, 11.8, 11.1, 13.8, 9.9]], "iscrowd": 0}, {"id": 4786, "image_id": 845, "category_id": 4, "bbox": [14, 10, 7.7, 17.3], "area": 133.21, "segmentation": [[13.8, 9.9, 17.5, 9.6, 19.9, 10.2, 21.3, 12.5, 21.5, 15.3, 21.1, 19.4, 20.9, 22, 20.7, 24, 19.2, 25.1, 16.8, 26.2, 14.8, 26.9, 14.1, 24.6, 14.1, 21.6, 14.1, 19.1, 14.1, 16.9, 14.2, 15.2]], "iscrowd": 0}, {"id": 4787, "image_id": 845, "category_id": 6, "bbox": [13, 24, 9.6, 19.4], "area": 186.24, "segmentation": [[20.6, 23.8, 21.9, 25.1, 22.4, 27.4, 22.9, 30.4, 23, 32.4, 21.8, 34.4, 20.7, 36.4, 18.9, 39, 17.9, 40.8, 15.3, 43.2, 14.2, 43.2, 13.7, 41.1, 13.7, 38.5, 13.4, 35.9, 13.4, 33.2, 13.9, 31.1, 14.8, 29.2, 15.3, 26]], "iscrowd": 0}, {"id": 4788, "image_id": 845, "category_id": 3, "bbox": [14, 47, 6, 16.6], "area": 99.6, "segmentation": [[14.5, 47.1, 13.9, 49.5, 14.4, 52.2, 15.2, 55.2, 16.4, 59.8, 17.6, 63.5, 19.4, 63.7, 18.9, 60.4, 19.5, 56.5, 19.9, 53.8, 19.4, 50.2, 17.4, 48.5]], "iscrowd": 0}]}