{"categories": [{"id": 0, "name": "body-parts", "supercategory": "none"}, {"id": 1, "name": "Head", "supercategory": "body-parts"}, {"id": 2, "name": "Lower_Arm", "supercategory": "body-parts"}, {"id": 3, "name": "Lower_Leg", "supercategory": "body-parts"}, {"id": 4, "name": "Torso", "supercategory": "body-parts"}, {"id": 5, "name": "Upper_Arm", "supercategory": "body-parts"}, {"id": 6, "name": "Upper_Leg", "supercategory": "body-parts"}], "images": [{"id": 1412, "license": 1, "file_name": "13_right3.jpg", "height": 64, "width": 27, "date_captured": "2023-06-08T19:45:40+00:00"}], "annotations": [{"id": 7982, "image_id": 1412, "category_id": 1, "bbox": [11, 1, 4.9, 5.1], "area": 24.99, "segmentation": [[13.6, 6.4, 11.3, 5.2, 10.8, 3.8, 11.1, 2.2, 12.4, 1.3, 13.8, 1.3, 15.4, 1.6, 15.7, 3.1, 15.4, 4.5]], "iscrowd": 0}, {"id": 7983, "image_id": 1412, "category_id": 6, "bbox": [3, 36, 3.5, 4.9], "area": 17.15, "segmentation": [[4.7, 40.8, 3.3, 39.5, 3.1, 37.5, 4.8, 35.9, 6.1, 36.4, 6.6, 38.5]], "iscrowd": 0}, {"id": 7984, "image_id": 1412, "category_id": 6, "bbox": [10, 27, 11.3, 20], "area": 226, "segmentation": [[21.3, 26.9, 17.3, 26.9, 15.4, 27.3, 13.2, 28.9, 12.2, 31.7, 11.6, 36, 10.5, 45.4, 13.2, 46.9, 15.5, 44.7, 16.8, 41.7, 18.1, 37.6, 20.7, 34.6, 21.8, 31.8]], "iscrowd": 0}, {"id": 7985, "image_id": 1412, "category_id": 5, "bbox": [7, 7, 11.8, 12.7], "area": 149.86, "segmentation": [[6.8, 17.8, 7.2, 19.9, 9.4, 19.5, 10.4, 17.5, 11.8, 15.2, 14.3, 13.6, 17.1, 12.3, 18.6, 9.2, 17, 7.8, 14.6, 7.2, 11.9, 8.6, 10.4, 12]], "iscrowd": 0}, {"id": 7986, "image_id": 1412, "category_id": 2, "bbox": [3, 8, 5.8, 14.3], "area": 82.94, "segmentation": [[6.5, 18.9, 6.7, 16.3, 6.7, 12.7, 6.7, 8.6, 4.9, 7.5, 3.9, 11.5, 3.3, 14.7, 3.6, 19.1, 4.6, 21.8, 6.5, 21.8, 9.1, 19.1]], "iscrowd": 0}, {"id": 7987, "image_id": 1412, "category_id": 4, "bbox": [13, 8, 9.5, 20], "area": 190, "segmentation": [[17.1, 7.9, 19.9, 7.6, 21.5, 9.1, 22.1, 13.8, 21.3, 19.1, 21.2, 22.8, 21.4, 27, 15, 27.6, 14.7, 24.3, 13.5, 20.6, 12.6, 17.3, 13, 14.8, 17.3, 11.3]], "iscrowd": 0}, {"id": 7988, "image_id": 1412, "category_id": 3, "bbox": [11, 47, 6.2, 13.3], "area": 82.46, "segmentation": [[13.8, 46.7, 11.1, 48, 11.2, 49.7, 11.8, 52.4, 12, 54.9, 13.4, 56.4, 13.9, 59.5, 15.2, 60, 16.4, 56.6, 17.1, 54.2, 17.3, 51.9, 16.6, 49.4, 15.2, 47.7, 13.1, 47]], "iscrowd": 0}]}