{"categories": [{"id": 0, "name": "body-parts", "supercategory": "none"}, {"id": 1, "name": "Head", "supercategory": "body-parts"}, {"id": 2, "name": "Lower_Arm", "supercategory": "body-parts"}, {"id": 3, "name": "Lower_Leg", "supercategory": "body-parts"}, {"id": 4, "name": "Torso", "supercategory": "body-parts"}, {"id": 5, "name": "Upper_Arm", "supercategory": "body-parts"}, {"id": 6, "name": "Upper_Leg", "supercategory": "body-parts"}], "images": [{"id": 504, "license": 1, "file_name": "13_supine3.jpg", "height": 64, "width": 27, "date_captured": "2023-06-08T19:45:40+00:00"}], "annotations": [{"id": 2831, "image_id": 504, "category_id": 1, "bbox": [13, 3, 5.4, 5.5], "area": 29.7, "segmentation": [[14.5, 7.9, 12.5, 6.5, 12.5, 3.9, 14.7, 2.6, 17, 2.8, 17.9, 4.3, 17.6, 7, 16.2, 8.1]], "iscrowd": 0}, {"id": 2832, "image_id": 504, "category_id": 4, "bbox": [7, 9, 16.2, 16.6], "area": 268.92, "segmentation": [[8, 8.9, 12.9, 10.7, 15.1, 11.2, 17, 11.2, 19.4, 11.2, 20.8, 10.8, 23.2, 9.6, 23.4, 13.1, 20, 18.9, 19.7, 21.1, 19.6, 23.7, 19, 24.9, 15.2, 25.5, 11.4, 25.3, 10.1, 23.5, 9.6, 20.1, 9.2, 17.3, 7.2, 11.2]], "iscrowd": 0}, {"id": 2833, "image_id": 504, "category_id": 6, "bbox": [6, 26, 14.3, 21.4], "area": 306.02, "segmentation": [[10.6, 26.5, 18.9, 25.9, 20.3, 29.1, 20.7, 32.5, 20.2, 35.2, 20.2, 38.8, 20.1, 41.8, 19.2, 44.3, 18.1, 47.3, 15.9, 46.2, 15.6, 42.3, 14.3, 40.3, 13.4, 42.9, 11.3, 45.9, 10.2, 43.1, 9.4, 39.6, 7.9, 36.9, 6.4, 33.2, 7.1, 30.1, 8.9, 26.8]], "iscrowd": 0}, {"id": 2834, "image_id": 504, "category_id": 3, "bbox": [9, 49, 11.5, 15], "area": 172.5, "segmentation": [[15.9, 49.6, 18.3, 48.6, 19.7, 49.9, 20.6, 53.2, 20.2, 56.6, 19.2, 59.7, 18.2, 62.5, 17.9, 63.6, 16, 63.5, 15.7, 59.1, 15.4, 57, 14.6, 55.2, 13.6, 56.5, 12.1, 58.7, 10.2, 57.8, 9.2, 55.3, 9.1, 53.3, 9.9, 51.2, 11, 49.9, 12.7, 50.6, 13.6, 52.1, 14.5, 53.5, 14.9, 51.7]], "iscrowd": 0}]}