{"categories": [{"id": 0, "name": "body-parts", "supercategory": "none"}, {"id": 1, "name": "Head", "supercategory": "body-parts"}, {"id": 2, "name": "Lower_Arm", "supercategory": "body-parts"}, {"id": 3, "name": "Lower_Leg", "supercategory": "body-parts"}, {"id": 4, "name": "Torso", "supercategory": "body-parts"}, {"id": 5, "name": "Upper_Arm", "supercategory": "body-parts"}, {"id": 6, "name": "Upper_Leg", "supercategory": "body-parts"}], "images": [{"id": 1306, "license": 1, "file_name": "13_supine1.jpg", "height": 64, "width": 27, "date_captured": "2023-06-08T19:45:40+00:00"}], "annotations": [{"id": 7391, "image_id": 1306, "category_id": 1, "bbox": [13, 3, 5.2, 6.1], "area": 31.72, "segmentation": [[13.6, 8.8, 12.9, 5.8, 13.6, 3.3, 16.1, 2.7, 18.1, 4.4, 17.8, 6.9, 16.6, 7.9, 13.9, 8.8]], "iscrowd": 0}, {"id": 7392, "image_id": 1306, "category_id": 4, "bbox": [9, 12, 12.1, 15.5], "area": 187.55, "segmentation": [[10.6, 12.1, 17.3, 12.1, 20.4, 12.1, 21.4, 14, 21.5, 16.3, 17.9, 26.6, 15.4, 27.6, 11.8, 27.3, 9.5, 26.8, 9.4, 23.1, 9.4, 19.1]], "iscrowd": 0}, {"id": 7393, "image_id": 1306, "category_id": 5, "bbox": [6, 12, 4.9, 13], "area": 63.7, "segmentation": [[10.5, 12.4, 9.3, 12.5, 8, 14.2, 6.1, 16.9, 6.1, 19.2, 5.6, 24.2, 6.7, 25.4, 7.9, 23, 8.9, 18.5, 10.2, 16.4]], "iscrowd": 0}, {"id": 7394, "image_id": 1306, "category_id": 5, "bbox": [21, 12, 5.4, 14.6], "area": 78.84, "segmentation": [[20.5, 12.1, 22.5, 12.6, 24.7, 13.7, 25.8, 16.8, 25.9, 25.3, 24, 26.7, 23.8, 24.8, 24, 20, 23.4, 17.8, 21.3, 15.7]], "iscrowd": 0}, {"id": 7395, "image_id": 1306, "category_id": 2, "bbox": [23, 25, 2.8, 12.1], "area": 33.88, "segmentation": [[24.1, 26.2, 24.1, 29, 23.6, 31.4, 22.8, 34.5, 23, 37, 24.9, 34.1, 25.2, 30.3, 25.6, 24.9]], "iscrowd": 0}, {"id": 7396, "image_id": 1306, "category_id": 2, "bbox": [5, 23, 2.9, 11.6], "area": 33.64, "segmentation": [[5.8, 24, 4.6, 27.2, 4.9, 29.5, 5, 31.6, 6.2, 34.8, 6.8, 31.1, 7.5, 27.4, 7.5, 23.2]], "iscrowd": 0}, {"id": 7397, "image_id": 1306, "category_id": 6, "bbox": [8, 26, 12.6, 19.3], "area": 243.18, "segmentation": [[9.9, 26.6, 8.8, 29.2, 8.3, 30.7, 7.6, 33.5, 7.6, 35.7, 7.8, 37.9, 8.5, 39.9, 9.3, 43.7, 10.2, 45.1, 11.7, 43.6, 11.9, 41.5, 11.9, 39.7, 12.1, 37.5, 13, 36.1, 14.6, 36.7, 15.1, 38.2, 15.4, 39.7, 15.6, 41.3, 15.9, 44.2, 17.6, 45.7, 18.8, 44, 19.4, 41.5, 20, 38.7, 20.2, 36.4, 20.1, 32.5, 20, 30, 18.9, 27.6, 17.2, 26.4]], "iscrowd": 0}, {"id": 7398, "image_id": 1306, "category_id": 3, "bbox": [8, 49, 4.1, 10.8], "area": 44.28, "segmentation": [[9.7, 48.6, 8.8, 50.4, 8.2, 53.1, 8.3, 56.4, 9.3, 58.8, 10.8, 59.4, 11.8, 57.1, 12.3, 55.1, 12.3, 53, 11.7, 50.8]], "iscrowd": 0}, {"id": 7399, "image_id": 1306, "category_id": 3, "bbox": [16, 49, 4.6, 10.6], "area": 48.76, "segmentation": [[17.1, 48.5, 16.1, 50.3, 15.5, 53, 16, 56.4, 16.9, 59.1, 18.5, 58.5, 19.6, 56, 20.1, 52.5, 18.5, 49.3]], "iscrowd": 0}]}