{"categories": [{"id": 0, "name": "body-parts", "supercategory": "none"}, {"id": 1, "name": "Head", "supercategory": "body-parts"}, {"id": 2, "name": "Lower_Arm", "supercategory": "body-parts"}, {"id": 3, "name": "Lower_Leg", "supercategory": "body-parts"}, {"id": 4, "name": "Torso", "supercategory": "body-parts"}, {"id": 5, "name": "Upper_Arm", "supercategory": "body-parts"}, {"id": 6, "name": "Upper_Leg", "supercategory": "body-parts"}], "images": [{"id": 368, "license": 1, "file_name": "13_supine7.jpg", "height": 64, "width": 27, "date_captured": "2023-06-08T19:45:40+00:00"}], "annotations": [{"id": 2046, "image_id": 368, "category_id": 1, "bbox": [8, 1, 13, 9], "area": 117, "segmentation": [[19, 9.5, 21, 8.5, 20.5, 1, 9.5, 1, 8, 2.5, 9, 4.5, 9, 8.5, 10.5, 10]], "iscrowd": 0}, {"id": 2047, "image_id": 368, "category_id": 4, "bbox": [9, 12, 13, 15.5], "area": 201.5, "segmentation": [[20, 27.5, 20, 23.5, 21, 22.5, 22, 13.5, 20.5, 12, 11.5, 12, 9, 15.5, 9, 17.5, 10, 18.5, 10, 27.5]], "iscrowd": 0}, {"id": 2048, "image_id": 368, "category_id": 6, "bbox": [8, 28, 12.802, 8.372], "area": 107.18, "segmentation": [[21, 35.536, 21, 29.536, 19.5, 28.036, 8.602, 27.961, 8.198, 34.129, 11.666, 36.334]], "iscrowd": 0}]}