{"categories": [{"id": 0, "name": "body-parts", "supercategory": "none"}, {"id": 1, "name": "Head", "supercategory": "body-parts"}, {"id": 2, "name": "Lower_Arm", "supercategory": "body-parts"}, {"id": 3, "name": "Lower_Leg", "supercategory": "body-parts"}, {"id": 4, "name": "Torso", "supercategory": "body-parts"}, {"id": 5, "name": "Upper_Arm", "supercategory": "body-parts"}, {"id": 6, "name": "Upper_Leg", "supercategory": "body-parts"}], "images": [{"id": 1, "license": 1, "file_name": "13_supine4.jpg", "height": 64, "width": 27, "date_captured": "2023-06-08T19:45:40+00:00"}], "annotations": [{"id": 6, "image_id": 1, "category_id": 1, "bbox": [12, 2, 5, 5], "area": 25, "segmentation": [[17, 6.5, 17, 3.5, 15.5, 2, 12, 3.1, 12.1, 4.3, 12.5, 6, 13.5, 7]], "iscrowd": 0}, {"id": 7, "image_id": 1, "category_id": 4, "bbox": [9, 12, 13, 13.6], "area": 176.8, "segmentation": [[14.9, 25.3, 19.4, 25.6, 20, 23.1, 21, 20.5, 21.8, 19.1, 22, 14.5, 20.5, 14, 19.5, 12, 10.5, 12, 9, 13.5, 9, 20.5, 10, 21.5, 10, 24.5]], "iscrowd": 0}, {"id": 8, "image_id": 1, "category_id": 5, "bbox": [6, 14, 4.4, 10.5], "area": 46.2, "segmentation": [[8.2, 24.3, 10, 23.5, 10, 21.5, 9, 20.5, 8.5, 14, 7, 15.5, 7, 17.5, 6, 18.5, 6, 22.5, 5.6, 24.2, 7, 24.5, 8, 24.5]], "iscrowd": 0}, {"id": 9, "image_id": 1, "category_id": 5, "bbox": [23, 14, 3.4, 9.4], "area": 31.96, "segmentation": [[24, 23.5, 26, 22.5, 26, 16.5, 25, 15.3, 24, 14.1, 22.6, 15.5, 23, 23.5]], "iscrowd": 0}, {"id": 10, "image_id": 1, "category_id": 2, "bbox": [22, 23, 4, 13.4], "area": 53.6, "segmentation": [[25, 36.5, 25, 32.5, 26, 31.5, 26, 23.5, 24.7, 23.1, 23, 23.5, 22.4, 33.2, 22, 36.5]], "iscrowd": 0}, {"id": 11, "image_id": 1, "category_id": 2, "bbox": [9, 28, 10, 8], "area": 80, "segmentation": [[18, 35.5, 19, 34.5, 19, 29.5, 17.5, 28, 10.5, 28, 9, 29.5, 9, 31.5, 11.5, 35, 14.5, 35, 15.5, 36]], "iscrowd": 0}]}