{"categories": [{"id": 0, "name": "body-parts", "supercategory": "none"}, {"id": 1, "name": "Head", "supercategory": "body-parts"}, {"id": 2, "name": "Lower_Arm", "supercategory": "body-parts"}, {"id": 3, "name": "Lower_Leg", "supercategory": "body-parts"}, {"id": 4, "name": "Torso", "supercategory": "body-parts"}, {"id": 5, "name": "Upper_Arm", "supercategory": "body-parts"}, {"id": 6, "name": "Upper_Leg", "supercategory": "body-parts"}], "images": [{"id": 1381, "license": 1, "file_name": "13_supine2.jpg", "height": 64, "width": 27, "date_captured": "2023-06-08T19:45:40+00:00"}], "annotations": [{"id": 7793, "image_id": 1381, "category_id": 1, "bbox": [13, 3, 5, 4.5], "area": 22.5, "segmentation": [[15.9, 7, 13.9, 5.9, 13.3, 3.9, 15.3, 2.5, 17.9, 3.1, 18.3, 5.2]], "iscrowd": 0}, {"id": 7794, "image_id": 1381, "category_id": 4, "bbox": [8, 11, 15.5, 16.5], "area": 255.75, "segmentation": [[9.7, 11.2, 17.8, 11.2, 21.8, 12.7, 23.4, 15.4, 21.5, 19.6, 19.9, 24.7, 19.3, 27.2, 15.7, 27.7, 10.9, 27.2, 9.9, 26.4, 9.1, 20.9, 7.9, 15.7]], "iscrowd": 0}, {"id": 7795, "image_id": 1381, "category_id": 6, "bbox": [7, 28, 14, 19.5], "area": 273, "segmentation": [[9.9, 27.6, 20, 27.8, 20.6, 32.3, 20.4, 36.4, 20.4, 40, 19.8, 44.3, 18.9, 46.9, 16, 47.1, 15.3, 44, 14.5, 40.3, 10.5, 41.2, 9.5, 38.4, 6.6, 35.2, 7, 31.6, 8.3, 29.2]], "iscrowd": 0}, {"id": 7796, "image_id": 1381, "category_id": 3, "bbox": [14, 48, 5.7, 16.5], "area": 94.05, "segmentation": [[16, 47.7, 19.1, 47.5, 20, 51.5, 20, 56.3, 19.2, 59.6, 16.9, 64, 15.9, 63.2, 15.3, 57.1, 14.3, 54.7, 14.9, 52]], "iscrowd": 0}, {"id": 7797, "image_id": 1381, "category_id": 5, "bbox": [22, 13, 3.1, 12], "area": 37.2, "segmentation": [[24.7, 14.2, 25.3, 20.8, 25.5, 24.2, 22.8, 24.6, 22.7, 18.1, 22.4, 14.5, 22.8, 12.6]], "iscrowd": 0}, {"id": 7798, "image_id": 1381, "category_id": 5, "bbox": [6, 12, 3.8, 11.3], "area": 42.94, "segmentation": [[9, 12.3, 9.4, 16.8, 8.8, 21.4, 8.4, 23.6, 5.7, 23.3, 5.6, 20.9, 6.1, 17.6, 6.4, 14]], "iscrowd": 0}, {"id": 7799, "image_id": 1381, "category_id": 2, "bbox": [23, 25, 2.5, 10.5], "area": 26.25, "segmentation": [[22.9, 25.4, 25.4, 24.5, 25.4, 27.4, 25.2, 31.7, 24.3, 35, 24, 28.5]], "iscrowd": 0}, {"id": 7800, "image_id": 1381, "category_id": 2, "bbox": [5, 24, 3.2, 6.8], "area": 21.76, "segmentation": [[5.3, 23.5, 8.5, 24, 7.3, 27.1, 6.8, 29.9, 5.3, 30.3, 5.4, 26.1]], "iscrowd": 0}]}