{"categories": [{"id": 0, "name": "body-parts", "supercategory": "none"}, {"id": 1, "name": "Head", "supercategory": "body-parts"}, {"id": 2, "name": "Lower_Arm", "supercategory": "body-parts"}, {"id": 3, "name": "Lower_Leg", "supercategory": "body-parts"}, {"id": 4, "name": "Torso", "supercategory": "body-parts"}, {"id": 5, "name": "Upper_Arm", "supercategory": "body-parts"}, {"id": 6, "name": "Upper_Leg", "supercategory": "body-parts"}], "images": [{"id": 233, "license": 1, "file_name": "13_supine5.jpg", "height": 64, "width": 27, "date_captured": "2023-06-08T19:45:40+00:00"}], "annotations": [{"id": 1319, "image_id": 233, "category_id": 1, "bbox": [12, 2, 4.8, 4.3], "area": 20.64, "segmentation": [[14.1, 6.3, 12.4, 4.7, 12.4, 2.4, 13.8, 2, 16.5, 2.4, 17.2, 4.5, 16.3, 6.2]], "iscrowd": 0}, {"id": 1320, "image_id": 233, "category_id": 4, "bbox": [9, 10, 14.5, 15.4], "area": 223.3, "segmentation": [[10.8, 10.6, 16.3, 10.1, 19.6, 10.8, 22, 12.4, 23, 14.7, 21.4, 18.8, 20.4, 23, 20.2, 24.7, 16.6, 25.5, 13.2, 24.9, 11.3, 24.5, 10.1, 23.5, 8.5, 19.3, 8.6, 14.8, 9.3, 12.4, 10.7, 10.6]], "iscrowd": 0}, {"id": 1321, "image_id": 233, "category_id": 6, "bbox": [7, 25, 14.8, 19.3], "area": 285.64, "segmentation": [[10, 25.2, 20.3, 25.6, 21.4, 29, 21, 32.7, 20, 35.2, 17.9, 36.7, 16.4, 37.8, 15.7, 39.1, 12.7, 39.7, 12, 42.9, 11.2, 44.5, 9.5, 44.5, 8.7, 40.4, 8.2, 36.7, 6.6, 33.7, 6.6, 30.1, 7.9, 27.8]], "iscrowd": 0}, {"id": 1322, "image_id": 233, "category_id": 3, "bbox": [8, 42, 12.5, 15.5], "area": 193.75, "segmentation": [[9, 57.9, 7.5, 54.7, 7.8, 50.9, 8.5, 48.4, 10.2, 48.1, 11.4, 46.8, 12.8, 44.5, 13.8, 43.4, 14.8, 42.4, 16.3, 43.9, 16.9, 44.9, 20, 45.6, 19, 47.8, 17.1, 48.3, 16.7, 50.5, 16.8, 52.5, 16, 53.9, 13.4, 54, 12.7, 51.4, 11.9, 53.4, 11, 56]], "iscrowd": 0}, {"id": 1323, "image_id": 233, "category_id": 5, "bbox": [6, 12, 3.9, 11.4], "area": 44.46, "segmentation": [[8.5, 12, 9.5, 15.2, 9.2, 18.5, 8.7, 21.8, 7.5, 23.4, 5.6, 22.5, 6.1, 18.4, 6.8, 14.3]], "iscrowd": 0}, {"id": 1324, "image_id": 233, "category_id": 5, "bbox": [22, 13, 4.4, 13.3], "area": 58.52, "segmentation": [[23.6, 13, 25.5, 17.1, 26.2, 20, 26.5, 22.7, 26.5, 25.4, 24.7, 26.3, 24.1, 22.7, 23.1, 17.8, 22.1, 15.5]], "iscrowd": 0}, {"id": 1325, "image_id": 233, "category_id": 2, "bbox": [5, 23, 2.9, 4.3], "area": 12.47, "segmentation": [[5, 27.6, 5, 23.3, 7.9, 23.4]], "iscrowd": 0}]}