{"categories": [{"id": 0, "name": "body-parts", "supercategory": "none"}, {"id": 1, "name": "Head", "supercategory": "body-parts"}, {"id": 2, "name": "Lower_Arm", "supercategory": "body-parts"}, {"id": 3, "name": "Lower_Leg", "supercategory": "body-parts"}, {"id": 4, "name": "Torso", "supercategory": "body-parts"}, {"id": 5, "name": "Upper_Arm", "supercategory": "body-parts"}, {"id": 6, "name": "Upper_Leg", "supercategory": "body-parts"}], "images": [{"id": 444, "license": 1, "file_name": "20_empty1.jpg", "height": 64, "width": 27, "date_captured": "2023-06-08T19:45:40+00:00"}], "annotations": [{"id": 2472, "image_id": 444, "category_id": 5, "bbox": [3, 2, 3.184, 2.222], "area": 7.073, "segmentation": [[3.222, 2.806, 3.63, 4.606, 6.406, 3.939, 5.518, 2.384]], "iscrowd": 0}]}