{"categories": [{"id": 0, "name": "body-parts", "supercategory": "none"}, {"id": 1, "name": "Head", "supercategory": "body-parts"}, {"id": 2, "name": "Lower_Arm", "supercategory": "body-parts"}, {"id": 3, "name": "Lower_Leg", "supercategory": "body-parts"}, {"id": 4, "name": "Torso", "supercategory": "body-parts"}, {"id": 5, "name": "Upper_Arm", "supercategory": "body-parts"}, {"id": 6, "name": "Upper_Leg", "supercategory": "body-parts"}], "images": [{"id": 898, "license": 1, "file_name": "20_left6.jpg", "height": 64, "width": 27, "date_captured": "2023-06-08T19:45:40+00:00"}], "annotations": [{"id": 5058, "image_id": 898, "category_id": 6, "bbox": [4, 27, 14.6, 19.7], "area": 287.62, "segmentation": [[5.9, 27.4, 17.9, 27.6, 18.7, 31.9, 17.8, 33.8, 18.8, 36.1, 18.2, 44.5, 16.7, 47.1, 13.3, 46.6, 12.1, 43.1, 10.5, 38.9, 6.6, 36.9, 5, 34.1, 4.2, 30.4]], "iscrowd": 0}, {"id": 5059, "image_id": 898, "category_id": 3, "bbox": [7, 47, 10, 16.8], "area": 168, "segmentation": [[13.2, 47.1, 17, 47.5, 16.3, 51.5, 11.5, 59.1, 10, 63.6, 7, 63.9, 7.1, 58.8, 8.5, 56, 10.5, 48.9]], "iscrowd": 0}, {"id": 5060, "image_id": 898, "category_id": 4, "bbox": [6, 11, 11.7, 16.7], "area": 195.39, "segmentation": [[6, 27.2, 8.6, 20.3, 9.7, 15.9, 14, 10.5, 17.3, 14.8, 17.7, 17.5, 17.6, 21.8, 17.3, 24.1, 17.1, 27.2]], "iscrowd": 0}, {"id": 5061, "image_id": 898, "category_id": 5, "bbox": [14, 6, 8.2, 12.5], "area": 102.5, "segmentation": [[21.1, 6.3, 20.6, 10.8, 22.5, 15.9, 22.4, 18.5, 21.3, 18.5, 17.7, 14, 14.3, 10.1, 15.6, 7.8, 16.5, 6]], "iscrowd": 0}, {"id": 5062, "image_id": 898, "category_id": 2, "bbox": [21, 19, 4.6, 5.2], "area": 23.92, "segmentation": [[23.6, 18.7, 25.5, 21.3, 24.9, 23.9, 20.9, 19.2]], "iscrowd": 0}]}