{"categories": [{"id": 0, "name": "body-parts", "supercategory": "none"}, {"id": 1, "name": "Head", "supercategory": "body-parts"}, {"id": 2, "name": "Lower_Arm", "supercategory": "body-parts"}, {"id": 3, "name": "Lower_Leg", "supercategory": "body-parts"}, {"id": 4, "name": "Torso", "supercategory": "body-parts"}, {"id": 5, "name": "Upper_Arm", "supercategory": "body-parts"}, {"id": 6, "name": "Upper_Leg", "supercategory": "body-parts"}], "images": [{"id": 232, "license": 1, "file_name": "20_left2.jpg", "height": 64, "width": 27, "date_captured": "2023-06-08T19:45:40+00:00"}], "annotations": [{"id": 1314, "image_id": 232, "category_id": 1, "bbox": [15, 0, 4, 5], "area": 20, "segmentation": [[18, 4.5, 19, 3.5, 18.544, 0.297, 15.405, 0, 15, 3.5, 16.5, 5]], "iscrowd": 0}, {"id": 1315, "image_id": 232, "category_id": 5, "bbox": [18, 8, 5.064, 9.603], "area": 48.631, "segmentation": [[23, 17.5, 23, 15.5, 22.188, 13.656, 22, 10.5, 19.5, 8, 18, 9.5, 17.936, 11.328, 19.455, 17.603]], "iscrowd": 0}, {"id": 1316, "image_id": 232, "category_id": 4, "bbox": [6, 8, 13.113, 15.777], "area": 206.877, "segmentation": [[15, 22.5, 15.607, 19.83, 17, 17.5, 19, 15.5, 19, 9.5, 17.5, 8, 14, 10.5, 12.266, 12.442, 10.747, 14.871, 7.71, 19.121, 5.887, 23.575, 12.165, 23.777, 14.5, 23]], "iscrowd": 0}, {"id": 1317, "image_id": 232, "category_id": 6, "bbox": [5, 23, 15.569, 19.223], "area": 299.273, "segmentation": [[20, 42.095, 20, 40.095, 20.569, 40.982, 19.86, 36.732, 18.442, 34.404, 17.126, 32.38, 15.202, 29.344, 14.494, 26.307, 14.696, 24.081, 13.279, 23.372, 11.456, 23.473, 9.431, 24.283, 8.115, 23.777, 6.292, 24.486, 6, 27.095, 5, 28.095, 5.28, 32.886, 6.394, 35.315, 8.014, 35.517, 10.5, 36.595, 11.5, 37.595, 13.5, 37.595, 14, 39.095, 17.5, 42.595]], "iscrowd": 0}, {"id": 1318, "image_id": 232, "category_id": 3, "bbox": [4, 42, 16.771, 17.601], "area": 295.18, "segmentation": [[7, 59.5, 8, 58.5, 8, 52.5, 20.771, 42.905, 14.797, 42.399, 8.621, 47.561, 4.369, 51.306, 4, 57.5, 5.5, 60]], "iscrowd": 0}]}