{"categories": [{"id": 0, "name": "body-parts", "supercategory": "none"}, {"id": 1, "name": "Head", "supercategory": "body-parts"}, {"id": 2, "name": "Lower_Arm", "supercategory": "body-parts"}, {"id": 3, "name": "Lower_Leg", "supercategory": "body-parts"}, {"id": 4, "name": "Torso", "supercategory": "body-parts"}, {"id": 5, "name": "Upper_Arm", "supercategory": "body-parts"}, {"id": 6, "name": "Upper_Leg", "supercategory": "body-parts"}], "images": [{"id": 1054, "license": 1, "file_name": "20_left1.jpg", "height": 64, "width": 27, "date_captured": "2023-06-08T19:45:40+00:00"}], "annotations": [{"id": 5935, "image_id": 1054, "category_id": 1, "bbox": [13, 0, 7.062, 5.906], "area": 41.708, "segmentation": [[17, 5.5, 18.5, 4, 19.05, 3.94, 20.062, 2.22, 17.126, 0.398, 13.481, 0.094, 13, 3.5, 15.5, 6]], "iscrowd": 0}, {"id": 5936, "image_id": 1054, "category_id": 5, "bbox": [16, 9, 6, 9], "area": 54, "segmentation": [[22, 17.5, 22, 12.5, 21, 10.5, 19.5, 9, 17.5, 9, 16, 10.5, 17, 15.5, 18.949, 17.097, 21.5, 18]], "iscrowd": 0}, {"id": 5937, "image_id": 1054, "category_id": 4, "bbox": [5, 8, 16, 20.5], "area": 328, "segmentation": [[15, 28.5, 15.911, 23.979, 16.721, 19.83, 17.734, 17.806, 20, 14.5, 21, 13.5, 20, 9.5, 17.5, 8, 15.5, 8, 14.5, 9, 13.886, 10.013, 13.076, 10.215, 11.962, 12.138, 10.342, 15.174, 9.634, 17.401, 8.621, 19.729, 6, 21.5, 5.179, 23.878, 5, 26.5, 6.5, 27, 7.102, 27.522, 7.811, 27.218, 8.621, 27.016, 9.634, 27.421, 10.545, 28.129, 12.469, 28.028, 14, 27.5, 13.38, 28.433]], "iscrowd": 0}, {"id": 5938, "image_id": 1054, "category_id": 6, "bbox": [4, 27, 12, 17.828], "area": 213.941, "segmentation": [[14.797, 43.007, 16, 39.5, 16, 32.5, 15, 31.5, 15, 29.5, 13, 28.5, 12.165, 28.433, 9.532, 27.522, 6.5, 27, 4.369, 27.623, 4, 29.5, 5, 35.5, 7.912, 40.476, 10.14, 44.626, 13.076, 44.828]], "iscrowd": 0}, {"id": 5939, "image_id": 1054, "category_id": 3, "bbox": [7, 45, 6.582, 18.064], "area": 118.905, "segmentation": [[10, 63.5, 10, 60.5, 10.342, 58.188, 11, 56.5, 12, 55.5, 13.582, 45.84, 10.342, 45.436, 7, 51.5, 7, 63.5]], "iscrowd": 0}]}