{"categories": [{"id": 0, "name": "body-parts", "supercategory": "none"}, {"id": 1, "name": "Head", "supercategory": "body-parts"}, {"id": 2, "name": "Lower_Arm", "supercategory": "body-parts"}, {"id": 3, "name": "Lower_Leg", "supercategory": "body-parts"}, {"id": 4, "name": "Torso", "supercategory": "body-parts"}, {"id": 5, "name": "Upper_Arm", "supercategory": "body-parts"}, {"id": 6, "name": "Upper_Leg", "supercategory": "body-parts"}], "images": [{"id": 405, "license": 1, "file_name": "20_left4.jpg", "height": 64, "width": 27, "date_captured": "2023-06-08T19:45:40+00:00"}], "annotations": [{"id": 2250, "image_id": 405, "category_id": 1, "bbox": [15, 1, 4, 4.298], "area": 17.194, "segmentation": [[18, 4.5, 19, 3.5, 19, 1.5, 18.544, 0.702, 15.5, 1, 15, 3.5, 17.5, 5]], "iscrowd": 0}, {"id": 2251, "image_id": 405, "category_id": 5, "bbox": [19, 9, 6.153, 16.404], "area": 100.93, "segmentation": [[25, 24.5, 25, 21.5, 23, 17.5, 23, 13.5, 22, 12.5, 22, 10.5, 18.847, 8.596, 20, 16.5, 21, 17.5, 21, 19.5, 23, 23.5, 24.5, 25]], "iscrowd": 0}, {"id": 2252, "image_id": 405, "category_id": 4, "bbox": [7, 8, 12.556, 19.5], "area": 244.842, "segmentation": [[18, 27.5, 19, 26.5, 18, 25.5, 18, 17.5, 18.341, 16.186, 18.949, 14.466, 19.556, 10.519, 18.847, 9.608, 18.5, 8, 15.5, 8, 14.5, 9, 11.861, 11.126, 10.444, 14.365, 8, 21.5, 7, 22.5, 7, 27.5]], "iscrowd": 0}]}