{"categories": [{"id": 0, "name": "body-parts", "supercategory": "none"}, {"id": 1, "name": "Head", "supercategory": "body-parts"}, {"id": 2, "name": "Lower_Arm", "supercategory": "body-parts"}, {"id": 3, "name": "Lower_Leg", "supercategory": "body-parts"}, {"id": 4, "name": "Torso", "supercategory": "body-parts"}, {"id": 5, "name": "Upper_Arm", "supercategory": "body-parts"}, {"id": 6, "name": "Upper_Leg", "supercategory": "body-parts"}], "images": [{"id": 1151, "license": 1, "file_name": "20_left5.jpg", "height": 64, "width": 27, "date_captured": "2023-06-08T19:45:40+00:00"}], "annotations": [{"id": 6480, "image_id": 1151, "category_id": 1, "bbox": [14, 1, 4.8, 4], "area": 19.2, "segmentation": [[14.4, 4, 13.5, 2.2, 14.1, 1.5, 16.5, 1.2, 18.3, 3.7, 18, 4.5, 16.4, 5.2]], "iscrowd": 0}, {"id": 6481, "image_id": 1151, "category_id": 5, "bbox": [12, 8, 11.3, 6.2], "area": 70.06, "segmentation": [[20.1, 7.5, 17.2, 8, 13.5, 10, 12.2, 10.5, 13.1, 13.7, 16.3, 13.5, 18.6, 12.3, 20.7, 10.2, 23.3, 8.8, 23.5, 8.1]], "iscrowd": 0}, {"id": 6482, "image_id": 1151, "category_id": 4, "bbox": [5, 8, 12.9, 19.1], "area": 246.39, "segmentation": [[10.3, 9.6, 8.9, 13.3, 6.6, 18.9, 5.1, 22.7, 5.6, 23.6, 7, 24.5, 9.5, 26.4, 13.8, 27.2, 17.1, 26.1, 18, 24.3, 18, 21.1, 17.5, 17.8, 16.9, 15.8, 15.7, 13.6, 14.3, 8.1]], "iscrowd": 0}, {"id": 6483, "image_id": 1151, "category_id": 6, "bbox": [3, 25, 14.5, 20.5], "area": 297.25, "segmentation": [[5, 24.8, 3.2, 31.7, 4.8, 35.3, 7.4, 38.5, 9.3, 40.4, 11.7, 43, 12.6, 45.1, 13.3, 45.3, 16, 43.3, 17.7, 37.4, 17.5, 35.1, 17, 32.6, 17, 29, 16.2, 27, 13, 27.1, 8.8, 25.8, 6.7, 25.1]], "iscrowd": 0}, {"id": 6484, "image_id": 1151, "category_id": 3, "bbox": [5, 46, 8.7, 18], "area": 156.6, "segmentation": [[10.8, 47.4, 9.1, 53.4, 8.9, 56.6, 7, 59.6, 5.4, 60.6, 5.5, 61.4, 8.8, 64, 10, 64, 9.9, 61, 9.8, 60.5, 10.8, 58.6, 11.7, 56.3, 13.3, 53.9, 13.6, 51.7, 14, 47.6, 14.1, 47, 13.4, 46]], "iscrowd": 0}]}