{"categories": [{"id": 0, "name": "body-parts", "supercategory": "none"}, {"id": 1, "name": "Head", "supercategory": "body-parts"}, {"id": 2, "name": "Lower_Arm", "supercategory": "body-parts"}, {"id": 3, "name": "Lower_Leg", "supercategory": "body-parts"}, {"id": 4, "name": "Torso", "supercategory": "body-parts"}, {"id": 5, "name": "Upper_Arm", "supercategory": "body-parts"}, {"id": 6, "name": "Upper_Leg", "supercategory": "body-parts"}], "images": [{"id": 639, "license": 1, "file_name": "20_prone1.jpg", "height": 64, "width": 27, "date_captured": "2023-06-08T19:45:40+00:00"}], "annotations": [{"id": 3577, "image_id": 639, "category_id": 1, "bbox": [8, 1, 14, 6], "area": 84, "segmentation": [[17, 6.5, 22, 5.5, 22, 3.5, 19.5, 1, 10.5, 1, 8, 3.5, 8, 5.5, 10.5, 7]], "iscrowd": 0}, {"id": 3578, "image_id": 639, "category_id": 4, "bbox": [6, 9, 17.719, 20.039], "area": 355.068, "segmentation": [[19, 27.5, 22.998, 27.016, 23.403, 23.069, 24.112, 15.883, 22.897, 8.697, 17.5, 10, 15.709, 9.608, 12.874, 9.709, 10.5, 10, 6.9, 9.81, 6.697, 11.531, 7.001, 13.859, 6.394, 14.972, 7.102, 17.603, 6.697, 19.324, 6.799, 23.372, 6.9, 25.801, 7.507, 27.218, 8.621, 28.736, 11.5, 28]], "iscrowd": 0}, {"id": 3579, "image_id": 639, "category_id": 5, "bbox": [3, 11, 3.596, 13.88], "area": 49.914, "segmentation": [[4, 24.5, 4, 23.5, 6, 22.5, 6.596, 10.62, 3.761, 12.239, 3.052, 15.377, 3, 24.5]], "iscrowd": 0}, {"id": 3580, "image_id": 639, "category_id": 5, "bbox": [23, 10, 3.596, 13.157], "area": 47.32, "segmentation": [[26.643, 23.17, 27, 14.5, 23.403, 10.215, 24.416, 23.372]], "iscrowd": 0}, {"id": 3581, "image_id": 639, "category_id": 2, "bbox": [3, 24, 3.846, 11.425], "area": 43.946, "segmentation": [[7, 34.5, 7, 30.5, 5.989, 26.206, 5.989, 23.575, 3.154, 23.979, 4, 32.5, 5.5, 35]], "iscrowd": 0}, {"id": 3582, "image_id": 639, "category_id": 2, "bbox": [24, 23, 3, 10.533], "area": 31.598, "segmentation": [[27, 33.5, 27, 25.5, 26.137, 24.081, 25.428, 23.777, 24.517, 22.967, 24.213, 24.384, 24, 33.5]], "iscrowd": 0}, {"id": 3583, "image_id": 639, "category_id": 3, "bbox": [8, 28, 16, 24.175], "area": 386.794, "segmentation": [[21.682, 51.407, 22, 51.5, 22, 47.5, 23, 46.5, 23, 40.5, 24, 39.5, 23.707, 28.331, 18.24, 27.825, 11.5, 28, 8.115, 29.748, 8, 33.5, 8, 48.5, 10.5, 52, 11.5, 52, 13.5, 50, 16.5, 50, 19.252, 51.711]], "iscrowd": 0}]}