{"categories": [{"id": 0, "name": "body-parts", "supercategory": "none"}, {"id": 1, "name": "Head", "supercategory": "body-parts"}, {"id": 2, "name": "Lower_Arm", "supercategory": "body-parts"}, {"id": 3, "name": "Lower_Leg", "supercategory": "body-parts"}, {"id": 4, "name": "Torso", "supercategory": "body-parts"}, {"id": 5, "name": "Upper_Arm", "supercategory": "body-parts"}, {"id": 6, "name": "Upper_Leg", "supercategory": "body-parts"}], "images": [{"id": 1338, "license": 1, "file_name": "20_prone3.jpg", "height": 64, "width": 27, "date_captured": "2023-06-08T19:45:40+00:00"}], "annotations": [{"id": 7566, "image_id": 1338, "category_id": 6, "bbox": [8, 31, 15, 22.5], "area": 337.5, "segmentation": [[11, 53.5, 12, 50.5, 14, 49.5, 12, 48.5, 13, 47.5, 13, 43.5, 15.5, 38, 16, 45.5, 18, 48.5, 17, 50.5, 19.5, 53, 20.5, 53, 22, 50.5, 22, 43.5, 23, 42.5, 23, 33.5, 21.5, 31, 9, 31.5, 9, 33.5, 8, 34.5, 8, 44.5, 9, 45.5, 9, 53.5]], "iscrowd": 0}, {"id": 7567, "image_id": 1338, "category_id": 4, "bbox": [8, 12, 14, 19], "area": 266, "segmentation": [[16, 30.5, 20.5, 30, 21, 26.5, 22, 25.5, 22, 18.5, 21, 17.5, 21, 13.5, 18.5, 12, 15.5, 12, 14.5, 13, 9.5, 13, 9, 17.5, 8, 18.5, 9, 29.5, 12.5, 30, 13.5, 31]], "iscrowd": 0}, {"id": 7568, "image_id": 1338, "category_id": 1, "bbox": [8, 1, 11, 5], "area": 55, "segmentation": [[18, 5.5, 19, 4.5, 19, 2.5, 17.5, 1, 10.5, 1, 8, 2.5, 9, 4.5, 11.5, 6]], "iscrowd": 0}, {"id": 7569, "image_id": 1338, "category_id": 5, "bbox": [1, 2, 6, 5.5], "area": 33, "segmentation": [[4, 7.5, 4, 6.5, 7, 3.5, 6.5, 2, 2.5, 2, 1, 3.5, 1, 7.5]], "iscrowd": 0}, {"id": 7570, "image_id": 1338, "category_id": 5, "bbox": [23, 1, 4, 5.5], "area": 22, "segmentation": [[26, 6.5, 27, 5.5, 27, 1.5, 24.5, 1, 23, 2.5, 23, 3.5, 24.5, 4, 25, 6.5]], "iscrowd": 0}]}