{"categories": [{"id": 0, "name": "body-parts", "supercategory": "none"}, {"id": 1, "name": "Head", "supercategory": "body-parts"}, {"id": 2, "name": "Lower_Arm", "supercategory": "body-parts"}, {"id": 3, "name": "Lower_Leg", "supercategory": "body-parts"}, {"id": 4, "name": "Torso", "supercategory": "body-parts"}, {"id": 5, "name": "Upper_Arm", "supercategory": "body-parts"}, {"id": 6, "name": "Upper_Leg", "supercategory": "body-parts"}], "images": [{"id": 703, "license": 1, "file_name": "20_right3.jpg", "height": 64, "width": 27, "date_captured": "2023-06-08T19:45:40+00:00"}], "annotations": [{"id": 3954, "image_id": 703, "category_id": 3, "bbox": [10, 48, 7, 15.5], "area": 108.5, "segmentation": [[16, 63.5, 17, 62.5, 16, 60.5, 16, 58.5, 17, 57.5, 17, 50.5, 14.5, 48, 10.5, 48, 10, 48.5, 11, 49.5, 11, 52.5, 12, 53.5, 13, 59.5, 14, 60.5, 14, 63.5]], "iscrowd": 0}, {"id": 3955, "image_id": 703, "category_id": 6, "bbox": [9, 30, 12, 17.5], "area": 210, "segmentation": [[13, 47.5, 14, 46.5, 14, 44.5, 16, 42.5, 17, 38.5, 21, 35.5, 20.5, 30, 18.5, 32, 10.5, 31, 9, 32.5, 9, 42.5, 10, 43.5, 10, 47.5]], "iscrowd": 0}, {"id": 3956, "image_id": 703, "category_id": 4, "bbox": [12, 8, 10, 25], "area": 250, "segmentation": [[21, 32.5, 21, 27.5, 22, 26.5, 21, 24.5, 21, 18.5, 18, 16.5, 19, 10.5, 16.5, 8, 15.5, 8, 13, 10.5, 14, 11.5, 12, 14.5, 12, 15.5, 14, 16.5, 13, 18.5, 13, 24.5, 12, 25.5, 12, 27.5, 13, 28.5, 12, 31.5, 14.5, 33, 17.5, 33, 18.5, 32, 20.5, 33]], "iscrowd": 0}, {"id": 3957, "image_id": 703, "category_id": 1, "bbox": [9, 1, 13, 5], "area": 65, "segmentation": [[17, 5.5, 20.5, 5, 22, 3.5, 22, 2.5, 19.5, 1, 11.5, 1, 9, 2.5, 9, 3.5, 10.5, 5, 13.5, 5, 14.5, 6]], "iscrowd": 0}, {"id": 3958, "image_id": 703, "category_id": 5, "bbox": [8, 8, 5, 9], "area": 45, "segmentation": [[12, 16.5, 12, 14.5, 13, 13.5, 12, 12.5, 11.5, 8, 8, 12.5, 9, 13.5, 9, 15.5, 10.5, 17]], "iscrowd": 0}, {"id": 3959, "image_id": 703, "category_id": 2, "bbox": [6, 17, 6, 8.5], "area": 51, "segmentation": [[7, 25.5, 10, 22.5, 10, 20.5, 12, 18.5, 11.5, 17, 8, 17.5, 8, 19.5, 6, 21.5, 6, 25.5]], "iscrowd": 0}]}