{"categories": [{"id": 0, "name": "body-parts", "supercategory": "none"}, {"id": 1, "name": "Head", "supercategory": "body-parts"}, {"id": 2, "name": "Lower_Arm", "supercategory": "body-parts"}, {"id": 3, "name": "Lower_Leg", "supercategory": "body-parts"}, {"id": 4, "name": "Torso", "supercategory": "body-parts"}, {"id": 5, "name": "Upper_Arm", "supercategory": "body-parts"}, {"id": 6, "name": "Upper_Leg", "supercategory": "body-parts"}], "images": [{"id": 1610, "license": 1, "file_name": "20_right5.jpg", "height": 64, "width": 27, "date_captured": "2023-06-08T19:45:40+00:00"}], "annotations": [{"id": 9081, "image_id": 1610, "category_id": 3, "bbox": [11, 48, 7.956, 15.287], "area": 121.623, "segmentation": [[11, 47.944, 15.513, 48.018, 17.29, 51.128, 18.401, 55.569, 18.956, 63.231, 15.735, 63.009, 14.069, 55.902, 11.293, 50.794]], "iscrowd": 0}, {"id": 9082, "image_id": 1610, "category_id": 6, "bbox": [10, 29, 15.326, 19.433], "area": 297.833, "segmentation": [[10.722, 47.944, 15.624, 48.018, 23.51, 34.693, 25.175, 30.251, 22.177, 28.586, 14.847, 28.697, 13.847, 28.697, 11.404, 34.027, 9.849, 41.245]], "iscrowd": 0}, {"id": 9083, "image_id": 1610, "category_id": 4, "bbox": [14, 17, 9.218, 12.659], "area": 116.692, "segmentation": [[13.639, 28.361, 13.514, 16.593, 19.067, 16.593, 21.733, 18.814, 22.732, 24.81, 22.621, 29.252]], "iscrowd": 0}, {"id": 9084, "image_id": 1610, "category_id": 1, "bbox": [11, 7, 8.996, 9.106], "area": 81.914, "segmentation": [[15.028, 15.722, 12.514, 12.484, 11.404, 9.153, 14.291, 7.154, 19.178, 7.709, 20.4, 10.263, 20.4, 13.706, 19.733, 15.816, 17.623, 16.26]], "iscrowd": 0}, {"id": 9085, "image_id": 1610, "category_id": 2, "bbox": [6, 3, 7.996, 8.316], "area": 66.496, "segmentation": [[11.694, 11.694, 6.295, 8.598, 5.629, 5.822, 6.85, 3.379, 10.182, 4.267, 9.738, 7.265, 13.625, 7.265]], "iscrowd": 0}]}