{"categories": [{"id": 0, "name": "body-parts", "supercategory": "none"}, {"id": 1, "name": "Head", "supercategory": "body-parts"}, {"id": 2, "name": "Lower_Arm", "supercategory": "body-parts"}, {"id": 3, "name": "Lower_Leg", "supercategory": "body-parts"}, {"id": 4, "name": "Torso", "supercategory": "body-parts"}, {"id": 5, "name": "Upper_Arm", "supercategory": "body-parts"}, {"id": 6, "name": "Upper_Leg", "supercategory": "body-parts"}], "images": [{"id": 721, "license": 1, "file_name": "20_supine4.jpg", "height": 64, "width": 27, "date_captured": "2023-06-08T19:45:40+00:00"}], "annotations": [{"id": 4064, "image_id": 721, "category_id": 1, "bbox": [12, 1, 6.2, 7.6], "area": 47.12, "segmentation": [[13.3, 8, 11.5, 4.8, 11.5, 2.1, 13.6, 0.9, 17, 1.6, 17.7, 4.9, 15.6, 8.5]], "iscrowd": 0}, {"id": 4065, "image_id": 721, "category_id": 5, "bbox": [21, 10, 5.8, 12.6], "area": 73.08, "segmentation": [[21.2, 10.4, 24.4, 12.3, 25.6, 14.7, 27, 17.8, 27, 21.6, 26.6, 23, 24.3, 22.2, 24.3, 18.8, 23.3, 15.4, 21.4, 13.3]], "iscrowd": 0}, {"id": 4066, "image_id": 721, "category_id": 5, "bbox": [2, 10, 8.7, 13.9], "area": 120.93, "segmentation": [[10.5, 10.4, 9, 13.1, 7.6, 15.3, 6.3, 18.1, 5.9, 21.1, 4.8, 22.9, 2, 23.9, 1.8, 21.8, 2.7, 19.1, 4.6, 14.6, 6.5, 11.8, 8.7, 10]], "iscrowd": 0}, {"id": 4067, "image_id": 721, "category_id": 4, "bbox": [8, 10, 14, 17.8], "area": 249.2, "segmentation": [[10.5, 10, 18.2, 9.7, 21.3, 10.3, 21.7, 12.8, 22.1, 15, 21.6, 16.6, 20.3, 18.4, 20.4, 20.6, 20.9, 22.5, 20.9, 24.6, 20.5, 26.3, 19.1, 26.8, 17, 27.4, 15, 27.5, 12.8, 27.5, 10.8, 27.5, 8.1, 27.5, 9.3, 25.5, 9.8, 24.1, 9.9, 21.5, 9.5, 19.8, 8.6, 17.6, 8.5, 16.7, 8.8, 14.3, 9.2, 12.5, 9.4, 11.2]], "iscrowd": 0}, {"id": 4068, "image_id": 721, "category_id": 2, "bbox": [2, 23, 3.2, 12.9], "area": 41.28, "segmentation": [[1.9, 23.3, 4, 23.4, 4.3, 25.8, 4.7, 29.6, 4.4, 34.3, 3.1, 36.2, 1.5, 35.4, 1.6, 32.4, 1.6, 29.4, 2, 25.8]], "iscrowd": 0}, {"id": 4069, "image_id": 721, "category_id": 2, "bbox": [24, 22, 2.8, 11.6], "area": 32.48, "segmentation": [[24.3, 22.1, 27, 22.3, 27, 25.8, 27, 33.6, 25.5, 33.7, 24.4, 32.4, 24.2, 29.8, 24.4, 25.9]], "iscrowd": 0}, {"id": 4070, "image_id": 721, "category_id": 6, "bbox": [8, 25, 15.7, 15.9], "area": 249.63, "segmentation": [[20.4, 25.1, 22.7, 28.5, 23.4, 33.1, 23.2, 36.6, 22.1, 39.4, 19.3, 41, 17.9, 39.1, 18.2, 36.8, 17.4, 36.4, 16.1, 37.5, 14.3, 37.8, 11.3, 37.1, 8.9, 36.7, 7.7, 34, 7.7, 30.4, 8.7, 27.9, 9, 26.5]], "iscrowd": 0}, {"id": 4071, "image_id": 721, "category_id": 3, "bbox": [17, 47, 4.5, 16.3], "area": 73.35, "segmentation": [[18, 46.8, 20.3, 47, 21.3, 48.5, 21.5, 53.1, 21.3, 56.6, 20.4, 59.6, 20.1, 61.5, 19.1, 63.1, 18.4, 61.7, 17.8, 57.9, 17, 55.9, 17.1, 52.4, 17.5, 48.4]], "iscrowd": 0}, {"id": 4072, "image_id": 721, "category_id": 3, "bbox": [12, 48, 4.6, 8.1], "area": 37.26, "segmentation": [[13.2, 47.7, 15.5, 47.7, 15.9, 49.1, 16.1, 51.2, 16, 54.1, 15.5, 55.6, 14.2, 55.8, 13.2, 54.5, 12.5, 53.3, 11.5, 51.9, 11.5, 49.5]], "iscrowd": 0}]}