{"categories": [{"id": 0, "name": "body-parts", "supercategory": "none"}, {"id": 1, "name": "Head", "supercategory": "body-parts"}, {"id": 2, "name": "Lower_Arm", "supercategory": "body-parts"}, {"id": 3, "name": "Lower_Leg", "supercategory": "body-parts"}, {"id": 4, "name": "Torso", "supercategory": "body-parts"}, {"id": 5, "name": "Upper_Arm", "supercategory": "body-parts"}, {"id": 6, "name": "Upper_Leg", "supercategory": "body-parts"}], "images": [{"id": 1520, "license": 1, "file_name": "20_supine2.jpg", "height": 64, "width": 27, "date_captured": "2023-06-08T19:45:40+00:00"}], "annotations": [{"id": 8609, "image_id": 1520, "category_id": 1, "bbox": [12, 1, 5.1, 4.3], "area": 21.93, "segmentation": [[14.9, 5.7, 12.3, 4.7, 12.1, 4.2, 13.8, 1.4, 15.1, 1.6, 16.1, 2.3, 17.2, 3.9, 16.2, 5.2]], "iscrowd": 0}, {"id": 8610, "image_id": 1520, "category_id": 4, "bbox": [8, 9, 14.1, 17.1], "area": 241.11, "segmentation": [[21.5, 11.9, 21.6, 15.7, 21.6, 19.4, 20.4, 24.8, 19.9, 25.3, 18.1, 26.3, 10.7, 26.2, 10.6, 25.2, 9.4, 22.4, 8.5, 19.6, 7.8, 16.9, 7.9, 15.3, 7.5, 12.6, 8.6, 10.9, 10.3, 10.3, 13.6, 9.4, 16, 9.2, 19.3, 9.9, 20.5, 10.8]], "iscrowd": 0}, {"id": 8611, "image_id": 1520, "category_id": 5, "bbox": [22, 11, 5, 12.4], "area": 62, "segmentation": [[21.8, 11, 21.7, 13, 21.7, 16.2, 22.9, 18, 23, 18.8, 24.3, 23.4, 26.7, 21.8, 25.5, 17.8, 25.1, 15.5, 24.6, 14.7, 23.9, 13.4, 21.7, 11]], "iscrowd": 0}, {"id": 8612, "image_id": 1520, "category_id": 5, "bbox": [3, 13, 4, 11.7], "area": 46.8, "segmentation": [[6.2, 13.2, 4.6, 15.7, 3.9, 18.2, 3.4, 19.7, 3.4, 21.6, 3.4, 22.5, 3.7, 23.4, 5.3, 24.9, 6.1, 24.4, 7.1, 22.4, 7.4, 17.1, 7.4, 15.4, 7.3, 14.5, 7.3, 13.7]], "iscrowd": 0}, {"id": 8613, "image_id": 1520, "category_id": 6, "bbox": [8, 26, 16.4, 20.7], "area": 339.48, "segmentation": [[9.3, 25.5, 15.4, 25.6, 20.6, 25.8, 21.8, 27.2, 23.2, 29.7, 24.4, 34.3, 24.6, 36.3, 24.4, 39.5, 22.3, 42.9, 21.7, 43, 20, 42.2, 19, 41.7, 18, 40.2, 17.4, 38.9, 16.3, 37.5, 15.1, 37.9, 14.9, 40.7, 15.3, 43.3, 14.9, 44.8, 14.1, 46.2, 11.6, 46.2, 11, 44.9, 10, 43.5, 9.3, 42, 8.6, 40.1, 8.2, 36.7, 8.4, 32.7, 8.5, 30.3, 8.6, 27.9]], "iscrowd": 0}, {"id": 8614, "image_id": 1520, "category_id": 3, "bbox": [11, 49, 5.9, 14.7], "area": 86.73, "segmentation": [[13, 49.3, 11.5, 50.4, 11, 52.2, 10.6, 54.3, 10.5, 57.6, 10.8, 58.5, 11.7, 60.4, 12.6, 62.7, 13.3, 64, 14.6, 63.9, 15.3, 63.4, 15.4, 59.9, 16.2, 57.2, 16.4, 54.8, 16.1, 52.2, 15.3, 50.7]], "iscrowd": 0}]}