{"categories": [{"id": 0, "name": "body-parts", "supercategory": "none"}, {"id": 1, "name": "Head", "supercategory": "body-parts"}, {"id": 2, "name": "Lower_Arm", "supercategory": "body-parts"}, {"id": 3, "name": "Lower_Leg", "supercategory": "body-parts"}, {"id": 4, "name": "Torso", "supercategory": "body-parts"}, {"id": 5, "name": "Upper_Arm", "supercategory": "body-parts"}, {"id": 6, "name": "Upper_Leg", "supercategory": "body-parts"}], "images": [{"id": 1523, "license": 1, "file_name": "20_supine1.jpg", "height": 64, "width": 27, "date_captured": "2023-06-08T19:45:40+00:00"}], "annotations": [{"id": 8625, "image_id": 1523, "category_id": 1, "bbox": [11, 1, 6.848, 5], "area": 34.239, "segmentation": [[18, 5.5, 18, 2.5, 15.5, 1, 13.481, 1.005, 12, 2.5, 11.152, 3.738, 12, 4.5, 13.5, 6]], "iscrowd": 0}, {"id": 8626, "image_id": 1523, "category_id": 4, "bbox": [7, 10, 17.213, 15.687], "area": 270.033, "segmentation": [[22.087, 25.396, 22.492, 18.615, 24.213, 14.365, 23.5, 12, 21.5, 11, 19.759, 9.709, 18.5, 11, 17.5, 10, 14.5, 10, 11.355, 9.709, 8.317, 10.519, 7, 13.5, 8, 16.5, 8.925, 20.336, 9.634, 25.396]], "iscrowd": 0}, {"id": 8627, "image_id": 1523, "category_id": 5, "bbox": [3, 13, 3.495, 11.653], "area": 40.728, "segmentation": [[5, 24.5, 6, 23.5, 6.495, 12.847, 3, 19.5, 3, 24.5]], "iscrowd": 0}, {"id": 8628, "image_id": 1523, "category_id": 5, "bbox": [24, 14, 3.394, 9.737], "area": 33.046, "segmentation": [[27, 23.5, 27, 18.5, 24.416, 14.263, 24, 17.5, 23.606, 19.02, 25, 22.5, 26.5, 24]], "iscrowd": 0}, {"id": 8629, "image_id": 1523, "category_id": 6, "bbox": [8, 25, 15.581, 19.331], "area": 301.201, "segmentation": [[13, 43.5, 15.5, 39, 17.5, 39, 19.5, 41, 21.5, 41, 24, 38.5, 24, 30.5, 22.5, 28, 22.087, 25.801, 20.265, 25.396, 16.5, 26, 14.5, 26, 10.747, 25.801, 10, 28.5, 8.52, 29.951, 8.419, 31.975, 9, 40.5, 9.937, 44.727]], "iscrowd": 0}, {"id": 8630, "image_id": 1523, "category_id": 3, "bbox": [17, 52, 4, 8.5], "area": 34, "segmentation": [[20, 60.5, 21, 58.5, 21, 53.5, 19.5, 52, 17, 54.5, 17, 57.5, 18, 58.5, 18, 60.5]], "iscrowd": 0}, {"id": 8631, "image_id": 1523, "category_id": 3, "bbox": [8, 50, 5, 11.5], "area": 57.5, "segmentation": [[11, 61.5, 12, 60.5, 12, 57.5, 13, 56.5, 13, 52.5, 10.5, 50, 8, 53.5, 8, 56.5, 9, 57.5, 9, 61.5]], "iscrowd": 0}]}