{"categories": [{"id": 0, "name": "body-parts", "supercategory": "none"}, {"id": 1, "name": "Head", "supercategory": "body-parts"}, {"id": 2, "name": "Lower_Arm", "supercategory": "body-parts"}, {"id": 3, "name": "Lower_Leg", "supercategory": "body-parts"}, {"id": 4, "name": "Torso", "supercategory": "body-parts"}, {"id": 5, "name": "Upper_Arm", "supercategory": "body-parts"}, {"id": 6, "name": "Upper_Leg", "supercategory": "body-parts"}], "images": [{"id": 342, "license": 1, "file_name": "20_supine6.jpg", "height": 64, "width": 27, "date_captured": "2023-06-08T19:45:40+00:00"}], "annotations": [{"id": 1908, "image_id": 342, "category_id": 1, "bbox": [8, 2, 14, 10], "area": 140, "segmentation": [[18, 11.5, 21, 8.5, 21, 5.5, 22, 4.5, 20.5, 3, 18.5, 3, 17.5, 2, 12.5, 2, 10.5, 4, 8, 4.5, 9, 8.5, 10.5, 11, 12.5, 11, 13.5, 12]], "iscrowd": 0}, {"id": 1909, "image_id": 342, "category_id": 4, "bbox": [8, 12, 14, 13], "area": 182, "segmentation": [[21, 24.5, 21, 17.5, 22, 16.5, 21.5, 12, 9.5, 12, 8, 13.5, 8, 16.5, 9, 17.5, 9, 23.5, 10.5, 25, 13.5, 25, 14.5, 24, 15.5, 25]], "iscrowd": 0}, {"id": 1910, "image_id": 342, "category_id": 6, "bbox": [8, 25, 17, 18], "area": 306, "segmentation": [[14, 42.5, 14, 41.5, 16.5, 39, 17.5, 39, 19.5, 42, 21.5, 42, 25, 37.5, 24, 28.5, 21.5, 25, 10.5, 25, 9, 26.5, 9, 29.5, 8, 30.5, 8, 36.5, 9, 37.5, 9, 40.5, 11.5, 43]], "iscrowd": 0}, {"id": 1911, "image_id": 342, "category_id": 3, "bbox": [9, 51, 4, 12.5], "area": 50, "segmentation": [[13, 63.5, 13, 52.5, 11.5, 51, 10.5, 51, 9, 52.5, 9, 57.5, 10, 58.5, 10, 62.5, 9, 63.5]], "iscrowd": 0}, {"id": 1912, "image_id": 342, "category_id": 3, "bbox": [15, 52, 6, 11.5], "area": 69, "segmentation": [[19, 63.5, 19, 61.5, 21, 57.5, 20.5, 52, 18.5, 52, 17, 53.5, 17, 62.5, 15, 63.5]], "iscrowd": 0}, {"id": 1913, "image_id": 342, "category_id": 5, "bbox": [3, 12, 5, 13.5], "area": 67.5, "segmentation": [[5, 25.5, 6, 19.5, 8, 16.5, 7.5, 12, 3, 20.5, 3, 25.5]], "iscrowd": 0}, {"id": 1914, "image_id": 342, "category_id": 5, "bbox": [20, 11, 6, 7], "area": 42, "segmentation": [[26, 17.5, 26, 15.5, 24, 11.5, 20.5, 11, 20, 11.5, 22, 12.5, 22, 15.5, 24.5, 18]], "iscrowd": 0}]}