{"categories": [{"id": 0, "name": "body-parts", "supercategory": "none"}, {"id": 1, "name": "Head", "supercategory": "body-parts"}, {"id": 2, "name": "Lower_Arm", "supercategory": "body-parts"}, {"id": 3, "name": "Lower_Leg", "supercategory": "body-parts"}, {"id": 4, "name": "Torso", "supercategory": "body-parts"}, {"id": 5, "name": "Upper_Arm", "supercategory": "body-parts"}, {"id": 6, "name": "Upper_Leg", "supercategory": "body-parts"}], "images": [{"id": 820, "license": 1, "file_name": "20_supine7.jpg", "height": 64, "width": 27, "date_captured": "2023-06-08T19:45:40+00:00"}], "annotations": [{"id": 4638, "image_id": 820, "category_id": 6, "bbox": [8, 25, 16.8, 13.5], "area": 226.8, "segmentation": [[24, 38.5, 24.7, 34.1, 24, 28.5, 21.5, 25, 11.5, 25, 10, 26.5, 7.9, 33.7, 9.9, 38.5]], "iscrowd": 0}, {"id": 4639, "image_id": 820, "category_id": 4, "bbox": [8, 10, 15, 14.7], "area": 220.5, "segmentation": [[21.2, 24.7, 21.9, 20.4, 23, 12.5, 20.5, 10, 12.5, 10, 8, 13.5, 8, 16.5, 10, 19.5, 10, 21.5, 11, 22.5, 11.5, 24.7]], "iscrowd": 0}, {"id": 4640, "image_id": 820, "category_id": 3, "bbox": [13, 62, 7, 1.5], "area": 10.5, "segmentation": [[20, 63.5, 15.5, 63, 14.5, 62, 13, 63.5]], "iscrowd": 0}, {"id": 4641, "image_id": 820, "category_id": 1, "bbox": [8, 1, 14.691, 7.468], "area": 109.705, "segmentation": [[13, 1, 20.387, 1.391, 22.699, 4.602, 18.746, 7.632, 11.695, 8.468, 8.008, 3.782]], "iscrowd": 0}]}