{"categories": [{"id": 0, "name": "body-parts", "supercategory": "none"}, {"id": 1, "name": "Head", "supercategory": "body-parts"}, {"id": 2, "name": "Lower_Arm", "supercategory": "body-parts"}, {"id": 3, "name": "Lower_Leg", "supercategory": "body-parts"}, {"id": 4, "name": "Torso", "supercategory": "body-parts"}, {"id": 5, "name": "Upper_Arm", "supercategory": "body-parts"}, {"id": 6, "name": "Upper_Leg", "supercategory": "body-parts"}], "images": [{"id": 1063, "license": 1, "file_name": "24_left3.jpg", "height": 64, "width": 27, "date_captured": "2023-06-08T19:45:40+00:00"}], "annotations": [{"id": 5981, "image_id": 1063, "category_id": 1, "bbox": [14, 5, 6.553, 6.533], "area": 42.81, "segmentation": [[17.389, 11.139, 14.736, 9.937, 14.403, 6.383, 18.401, 4.606, 20.955, 8.493, 19.733, 10.937, 18.512, 10.937]], "iscrowd": 0}, {"id": 5982, "image_id": 1063, "category_id": 3, "bbox": [8, 44, 14.216, 16.662], "area": 236.858, "segmentation": [[7.944, 54.056, 7.517, 59.811, 10.071, 60.811, 11.182, 55.59, 15.624, 51.48, 20.733, 46.926, 21.733, 44.594, 20.067, 44.149, 16.957, 44.705]], "iscrowd": 0}, {"id": 5983, "image_id": 1063, "category_id": 6, "bbox": [5, 29, 15.993, 15.884], "area": 254.031, "segmentation": [[16.624, 44.816, 9.738, 41.261, 4.74, 37.929, 4.629, 31.931, 10.071, 28.932, 14.625, 29.709, 17.179, 35.041, 18.512, 39.262, 19.845, 43.15, 20.622, 44.371]], "iscrowd": 0}, {"id": 5984, "image_id": 1063, "category_id": 4, "bbox": [8, 12, 10.773, 17.328], "area": 186.674, "segmentation": [[9.333, 29.056, 8.183, 22.933, 9.516, 15.38, 10.404, 13.27, 14.958, 12.492, 17.734, 13.381, 18.956, 16.38, 18.512, 19.49, 17.179, 23.6, 15.624, 27.821, 15.18, 29.82]], "iscrowd": 0}, {"id": 5985, "image_id": 1063, "category_id": 5, "bbox": [19, 14, 6.509, 6.109], "area": 39.764, "segmentation": [[18.778, 16.139, 18.845, 19.49, 22.954, 19.934, 24.509, 18.379, 25.287, 13.825, 23.732, 14.603, 23.065, 16.824, 21.955, 17.824]], "iscrowd": 0}]}