{"categories": [{"id": 0, "name": "body-parts", "supercategory": "none"}, {"id": 1, "name": "Head", "supercategory": "body-parts"}, {"id": 2, "name": "Lower_Arm", "supercategory": "body-parts"}, {"id": 3, "name": "Lower_Leg", "supercategory": "body-parts"}, {"id": 4, "name": "Torso", "supercategory": "body-parts"}, {"id": 5, "name": "Upper_Arm", "supercategory": "body-parts"}, {"id": 6, "name": "Upper_Leg", "supercategory": "body-parts"}], "images": [{"id": 799, "license": 1, "file_name": "24_prone4.jpg", "height": 64, "width": 27, "date_captured": "2023-06-08T19:45:40+00:00"}], "annotations": [{"id": 4515, "image_id": 799, "category_id": 1, "bbox": [8, 5, 6.42, 7.679], "area": 49.299, "segmentation": [[13.579, 12.921, 9.698, 11.981, 8.33, 9.349, 9.067, 5.979, 10.961, 5.242, 12.961, 6.084, 14.75, 7.874, 14.75, 9.664, 14.329, 11.139, 13.908, 11.981]], "iscrowd": 0}, {"id": 4516, "image_id": 799, "category_id": 4, "bbox": [9, 13, 11.787, 22.112], "area": 260.642, "segmentation": [[12, 14.105, 10.119, 16.403, 9.382, 21.036, 9.909, 24.511, 10.119, 27.564, 10.54, 30.302, 10.645, 32.408, 11.908, 34.514, 15.697, 35.356, 21.17, 30.407, 20.538, 25.143, 20.959, 22.089, 20.959, 16.087, 15.171, 13.244, 12.013, 13.35]], "iscrowd": 0}, {"id": 4517, "image_id": 799, "category_id": 6, "bbox": [17, 31, 5.052, 20.006], "area": 101.065, "segmentation": [[21.486, 33.145, 21.907, 40.2, 21.907, 44.201, 21.38, 47.465, 20.644, 49.255, 19.907, 50.94, 17.697, 50.203, 17.276, 46.938, 17.381, 41.99, 17.276, 36.83, 16.855, 33.145, 19.591, 30.934]], "iscrowd": 0}, {"id": 4518, "image_id": 799, "category_id": 6, "bbox": [1, 40, 7.248, 9.792], "area": 70.974, "segmentation": [[8.316, 40.816, 7.698, 45.043, 7.172, 47.781, 4.331, 49.255, 1.594, 49.781, 1.068, 46.833, 2.962, 43.148, 5.699, 39.989]], "iscrowd": 0}, {"id": 4519, "image_id": 799, "category_id": 2, "bbox": [3, 14, 3.684, 10.529], "area": 38.786, "segmentation": [[5.699, 15.034, 5.909, 20.931, 6.33, 23.563, 3.91, 24.09, 2.647, 22.194, 2.647, 18.299, 2.647, 15.14, 3.804, 13.56]], "iscrowd": 0}, {"id": 4520, "image_id": 799, "category_id": 2, "bbox": [22, 9, 4.868, 11.582], "area": 56.387, "segmentation": [[22.132, 9.368, 23.696, 14.192, 24.538, 18.193, 25.064, 20.931, 27, 17.667, 26.853, 12.402, 23.59, 9.349]], "iscrowd": 0}]}