{"categories": [{"id": 0, "name": "body-parts", "supercategory": "none"}, {"id": 1, "name": "Head", "supercategory": "body-parts"}, {"id": 2, "name": "Lower_Arm", "supercategory": "body-parts"}, {"id": 3, "name": "Lower_Leg", "supercategory": "body-parts"}, {"id": 4, "name": "Torso", "supercategory": "body-parts"}, {"id": 5, "name": "Upper_Arm", "supercategory": "body-parts"}, {"id": 6, "name": "Upper_Leg", "supercategory": "body-parts"}], "images": [{"id": 169, "license": 1, "file_name": "24_prone2.jpg", "height": 64, "width": 27, "date_captured": "2023-06-08T19:45:40+00:00"}], "annotations": [{"id": 951, "image_id": 169, "category_id": 1, "bbox": [10, 5, 8.8, 4.1], "area": 36.08, "segmentation": [[14.4, 9, 10.1, 7.2, 10.8, 5.8, 14.7, 4.9, 18.9, 6.2, 18.6, 8.4]], "iscrowd": 0}, {"id": 952, "image_id": 169, "category_id": 4, "bbox": [8, 12, 14.7, 18], "area": 264.6, "segmentation": [[15.1, 12.5, 21.4, 12.5, 22.2, 14.4, 22.1, 18.9, 19.8, 20.9, 20.1, 27.9, 19.7, 30.2, 8.8, 29.5, 8.8, 24.1, 8.7, 21.5, 7.5, 18.6, 7.7, 15.6, 8.2, 12.2]], "iscrowd": 0}, {"id": 953, "image_id": 169, "category_id": 6, "bbox": [8, 30, 11.7, 18.3], "area": 214.11, "segmentation": [[19.8, 33.3, 20.1, 40.7, 19, 45.2, 18.6, 47.8, 14, 47.8, 9.5, 47.9, 8.7, 43.2, 8.4, 38.3, 8.9, 34.3, 8.4, 32.3, 9.3, 29.6, 19.7, 30.3]], "iscrowd": 0}, {"id": 954, "image_id": 169, "category_id": 3, "bbox": [9, 48, 10, 9], "area": 90, "segmentation": [[12.8, 56.8, 13.5, 55.2, 14.2, 51.5, 15.7, 52.6, 17.5, 52, 19.4, 49.8, 18.3, 47.8, 10.8, 47.8, 9.4, 49.2, 11.2, 52.5, 11.6, 54.8]], "iscrowd": 0}, {"id": 955, "image_id": 169, "category_id": 2, "bbox": [22, 24, 3.3, 13.8], "area": 45.54, "segmentation": [[21.9, 24.3, 24.3, 24.6, 25.2, 30.7, 24.7, 36.2, 23.8, 38.1, 22.6, 37.9, 23, 30.9]], "iscrowd": 0}, {"id": 956, "image_id": 169, "category_id": 2, "bbox": [5, 25, 2.7, 12.8], "area": 34.56, "segmentation": [[5.4, 24.6, 4.8, 31, 5.2, 37.4, 7.2, 36.8, 7.5, 30.2, 7.4, 24.8]], "iscrowd": 0}, {"id": 957, "image_id": 169, "category_id": 5, "bbox": [22, 13, 2.5, 11], "area": 27.5, "segmentation": [[22.3, 12.8, 24.8, 18.4, 24.1, 23.8, 22.3, 23.3, 22.6, 18.9]], "iscrowd": 0}, {"id": 958, "image_id": 169, "category_id": 5, "bbox": [5, 13, 2.6, 12], "area": 31.2, "segmentation": [[7.6, 12.5, 5, 19.5, 5.6, 24.1, 7.5, 24.5]], "iscrowd": 0}]}