{"categories": [{"id": 0, "name": "body-parts", "supercategory": "none"}, {"id": 1, "name": "Head", "supercategory": "body-parts"}, {"id": 2, "name": "Lower_Arm", "supercategory": "body-parts"}, {"id": 3, "name": "Lower_Leg", "supercategory": "body-parts"}, {"id": 4, "name": "Torso", "supercategory": "body-parts"}, {"id": 5, "name": "Upper_Arm", "supercategory": "body-parts"}, {"id": 6, "name": "Upper_Leg", "supercategory": "body-parts"}], "images": [{"id": 630, "license": 1, "file_name": "24_prone7.jpg", "height": 64, "width": 27, "date_captured": "2023-06-08T19:45:40+00:00"}], "annotations": [{"id": 3533, "image_id": 630, "category_id": 4, "bbox": [6, 18, 19, 17], "area": 323, "segmentation": [[18, 34.5, 21, 32.5, 25, 24.5, 25, 19.5, 23.5, 18, 11.5, 18, 8, 20.5, 8, 22.5, 6, 25.5, 6, 28.5, 8, 30.5, 8, 32.5, 9.5, 34, 11.5, 35]], "iscrowd": 0}, {"id": 3534, "image_id": 630, "category_id": 6, "bbox": [9, 35, 12.075, 12.854], "area": 155.207, "segmentation": [[20, 47.5, 21, 46.5, 21, 39.5, 19.5, 37, 19.151, 34.708, 13.987, 35.416, 8.925, 36.833, 9.229, 47.156, 13.987, 47.257, 14.797, 38.047, 15.405, 38.149, 16.519, 38.452, 16.012, 47.561]], "iscrowd": 0}, {"id": 3535, "image_id": 630, "category_id": 3, "bbox": [10, 48, 10, 12.5], "area": 125, "segmentation": [[20, 60.5, 20, 48.5, 10.5, 48, 10, 52.5, 11, 53.5, 11, 60.5, 13, 60.5, 13, 56.5, 14, 55.5, 14.5, 53, 15.5, 53, 17, 54.5, 17, 60.5]], "iscrowd": 0}]}