{"categories": [{"id": 0, "name": "body-parts", "supercategory": "none"}, {"id": 1, "name": "Head", "supercategory": "body-parts"}, {"id": 2, "name": "Lower_Arm", "supercategory": "body-parts"}, {"id": 3, "name": "Lower_Leg", "supercategory": "body-parts"}, {"id": 4, "name": "Torso", "supercategory": "body-parts"}, {"id": 5, "name": "Upper_Arm", "supercategory": "body-parts"}, {"id": 6, "name": "Upper_Leg", "supercategory": "body-parts"}], "images": [{"id": 479, "license": 1, "file_name": "24_prone6.jpg", "height": 64, "width": 27, "date_captured": "2023-06-08T19:45:40+00:00"}], "annotations": [{"id": 2678, "image_id": 479, "category_id": 1, "bbox": [11, 4, 7.051, 7.706], "area": 54.337, "segmentation": [[15.026, 11.474, 11.382, 9.349, 12.013, 5.242, 14.013, 3.768, 17.065, 3.873, 18.433, 6.822, 17.591, 9.349, 16.539, 10.507, 16.223, 10.717, 16.013, 10.928]], "iscrowd": 0}, {"id": 2679, "image_id": 479, "category_id": 4, "bbox": [8, 16, 12.84, 20.532], "area": 263.635, "segmentation": [[13.487, 16.087, 8.014, 17.246, 8.014, 21.879, 9.172, 26.933, 8.961, 31.46, 9.277, 33.882, 14.013, 36.514, 18.328, 36.62, 20.433, 36.093, 20.854, 30.407, 20.538, 23.669, 20.117, 20.615, 17.697, 18.193, 16.96, 17.983, 14.539, 16.509]], "iscrowd": 0}, {"id": 2680, "image_id": 479, "category_id": 6, "bbox": [8, 34, 13.05, 19.361], "area": 252.673, "segmentation": [[9.368, 33.579, 9.909, 38.726, 9.488, 42.516, 8.646, 47.149, 8.33, 50.624, 9.593, 52.94, 13.803, 52.519, 13.803, 49.255, 13.803, 43.043, 14.224, 40.621, 14.96, 44.411, 15.066, 48.202, 15.592, 51.466, 17.065, 51.887, 18.644, 50.308, 20.223, 49.781, 20.854, 46.096, 20.959, 39.568, 21.38, 35.567, 15.697, 35.672]], "iscrowd": 0}, {"id": 2681, "image_id": 479, "category_id": 2, "bbox": [3, 12, 2.631, 11.372], "area": 29.92, "segmentation": [[3.804, 14.087, 2.857, 18.404, 3.068, 20.931, 3.699, 23.774, 5.278, 22.089, 5.488, 19.773, 5.488, 16.719, 4.646, 12.823, 3.804, 12.402]], "iscrowd": 0}, {"id": 2682, "image_id": 479, "category_id": 2, "bbox": [17, 14, 9.577, 7.792], "area": 74.624, "segmentation": [[19.802, 13.56, 25.695, 18.088, 26.958, 19.878, 24.853, 21.352, 19.275, 17.035, 17.381, 14.929, 17.697, 13.56]], "iscrowd": 0}]}