{"categories": [{"id": 0, "name": "body-parts", "supercategory": "none"}, {"id": 1, "name": "Head", "supercategory": "body-parts"}, {"id": 2, "name": "Lower_Arm", "supercategory": "body-parts"}, {"id": 3, "name": "Lower_Leg", "supercategory": "body-parts"}, {"id": 4, "name": "Torso", "supercategory": "body-parts"}, {"id": 5, "name": "Upper_Arm", "supercategory": "body-parts"}, {"id": 6, "name": "Upper_Leg", "supercategory": "body-parts"}], "images": [{"id": 1454, "license": 1, "file_name": "24_prone3.jpg", "height": 64, "width": 27, "date_captured": "2023-06-08T19:45:40+00:00"}], "annotations": [{"id": 8228, "image_id": 1454, "category_id": 4, "bbox": [8, 14, 11.8, 17.5], "area": 206.5, "segmentation": [[14.8, 14.1, 19.5, 16, 20.1, 19.9, 19.7, 23.6, 19.6, 29.1, 19.3, 31.5, 8.6, 30.9, 8.8, 26.9, 9.2, 21.8, 8.3, 17.8, 12.8, 14]], "iscrowd": 0}, {"id": 8229, "image_id": 1454, "category_id": 6, "bbox": [8, 31, 12.1, 19.9], "area": 240.79, "segmentation": [[8.1, 33.1, 8.6, 39.1, 8.9, 44.3, 9.4, 47.5, 10.1, 51, 14.2, 50.8, 17.4, 50.5, 19.4, 48.5, 20.1, 45.6, 20, 40.3, 20.2, 34.4, 19.4, 31.1, 8.6, 31.2]], "iscrowd": 0}, {"id": 8230, "image_id": 1454, "category_id": 3, "bbox": [10, 49, 9.2, 8.9], "area": 81.88, "segmentation": [[17.8, 58.2, 18.6, 52.6, 19.2, 49.3, 10, 51.5, 11.7, 53.4, 13.2, 52, 15, 52, 16.3, 54.2]], "iscrowd": 0}, {"id": 8231, "image_id": 1454, "category_id": 2, "bbox": [0, 6, 27, 4.8], "area": 129.6, "segmentation": [[1.9, 9, 5, 7.7, 8.4, 8.3, 13.2, 9.6, 17.5, 10.3, 21.3, 8.4, 24.5, 8.5, 27, 10.2, 26.8, 6.6, 22.2, 6.8, 17.6, 5.5, 13.4, 5.6, 9.5, 5.8, 7.5, 7, 4, 6.4, 2.6, 5.6, 0, 6.4, 0, 8.8]], "iscrowd": 0}]}