{"categories": [{"id": 0, "name": "body-parts", "supercategory": "none"}, {"id": 1, "name": "Head", "supercategory": "body-parts"}, {"id": 2, "name": "Lower_Arm", "supercategory": "body-parts"}, {"id": 3, "name": "Lower_Leg", "supercategory": "body-parts"}, {"id": 4, "name": "Torso", "supercategory": "body-parts"}, {"id": 5, "name": "Upper_Arm", "supercategory": "body-parts"}, {"id": 6, "name": "Upper_Leg", "supercategory": "body-parts"}], "images": [{"id": 1344, "license": 1, "file_name": "24_right7.jpg", "height": 64, "width": 27, "date_captured": "2023-06-08T19:45:40+00:00"}], "annotations": [{"id": 7599, "image_id": 1344, "category_id": 4, "bbox": [12, 13, 8, 17], "area": 136, "segmentation": [[18, 29.5, 20, 28.5, 20, 14.5, 18.5, 13, 17, 13.5, 18, 15.5, 15.5, 16, 14, 17.5, 14, 19.5, 12, 20.5, 12, 27.5, 13.5, 29, 15.5, 29, 16.5, 30]], "iscrowd": 0}, {"id": 7600, "image_id": 1344, "category_id": 5, "bbox": [6, 14, 12, 8], "area": 96, "segmentation": [[9, 21.5, 15.5, 16, 18, 15.5, 16.5, 14, 12.5, 14, 12, 15.5, 9.5, 18, 7.5, 18, 6, 19.5, 6, 20.5, 7.5, 22]], "iscrowd": 0}, {"id": 7601, "image_id": 1344, "category_id": 6, "bbox": [10, 31, 11, 21], "area": 231, "segmentation": [[15, 51.5, 15, 50.5, 20, 46.5, 20, 43.5, 21, 42.5, 21, 33.5, 19.5, 31, 15.5, 31, 11, 33.5, 11, 37.5, 10, 38.5, 10, 49.5, 13.5, 52]], "iscrowd": 0}, {"id": 7602, "image_id": 1344, "category_id": 3, "bbox": [10, 50, 5, 13.5], "area": 67.5, "segmentation": [[14, 63.5, 15, 62.5, 15, 53.5, 13.5, 51, 10.5, 50, 10, 56.5, 11, 57.5, 11, 63.5]], "iscrowd": 0}]}