{"categories": [{"id": 0, "name": "body-parts", "supercategory": "none"}, {"id": 1, "name": "Head", "supercategory": "body-parts"}, {"id": 2, "name": "Lower_Arm", "supercategory": "body-parts"}, {"id": 3, "name": "Lower_Leg", "supercategory": "body-parts"}, {"id": 4, "name": "Torso", "supercategory": "body-parts"}, {"id": 5, "name": "Upper_Arm", "supercategory": "body-parts"}, {"id": 6, "name": "Upper_Leg", "supercategory": "body-parts"}], "images": [{"id": 245, "license": 1, "file_name": "24_right6.jpg", "height": 64, "width": 27, "date_captured": "2023-06-08T19:45:40+00:00"}], "annotations": [{"id": 1382, "image_id": 245, "category_id": 3, "bbox": [10, 47, 5, 16.5], "area": 82.5, "segmentation": [[15, 63.5, 15, 52.5, 14, 51.5, 15, 48.5, 12.5, 48, 11.5, 47, 10, 48.5, 10, 56.5, 11, 57.5, 11, 63.5]], "iscrowd": 0}, {"id": 1383, "image_id": 245, "category_id": 6, "bbox": [10, 32, 11, 20], "area": 220, "segmentation": [[14, 51.5, 15, 47.5, 20, 42.5, 21, 40.5, 21, 35.5, 20, 34.5, 19.5, 32, 14.5, 32, 11, 34.5, 11, 46.5, 10, 47.5, 10, 49.5, 11.5, 51, 13.5, 52]], "iscrowd": 0}, {"id": 1384, "image_id": 245, "category_id": 4, "bbox": [14, 17, 6, 16], "area": 96, "segmentation": [[20, 32.5, 20, 17.5, 16.5, 17, 14, 20.5, 14, 31.5, 17.5, 32, 18.5, 33]], "iscrowd": 0}, {"id": 1385, "image_id": 245, "category_id": 5, "bbox": [6, 13, 14, 9], "area": 126, "segmentation": [[9, 21.5, 10.5, 21, 14.5, 17, 18.5, 17, 20, 15.5, 20, 13.5, 13.5, 13, 9.5, 18, 6, 19.5, 6, 20.5, 7.5, 22]], "iscrowd": 0}]}