{"categories": [{"id": 0, "name": "body-parts", "supercategory": "none"}, {"id": 1, "name": "Head", "supercategory": "body-parts"}, {"id": 2, "name": "Lower_Arm", "supercategory": "body-parts"}, {"id": 3, "name": "Lower_Leg", "supercategory": "body-parts"}, {"id": 4, "name": "Torso", "supercategory": "body-parts"}, {"id": 5, "name": "Upper_Arm", "supercategory": "body-parts"}, {"id": 6, "name": "Upper_Leg", "supercategory": "body-parts"}], "images": [{"id": 1177, "license": 1, "file_name": "24_right3.jpg", "height": 64, "width": 27, "date_captured": "2023-06-08T19:45:40+00:00"}], "annotations": [{"id": 6640, "image_id": 1177, "category_id": 1, "bbox": [12, 8, 3, 3], "area": 9, "segmentation": [[14, 10.5, 15, 9.5, 13.5, 8, 12, 9.5, 13.5, 11]], "iscrowd": 0}, {"id": 6641, "image_id": 1177, "category_id": 3, "bbox": [14, 48, 6, 15.5], "area": 93, "segmentation": [[20, 63.5, 20, 53.5, 19, 52.5, 18, 48.5, 15.5, 48, 14, 49.5, 15, 50.5, 15, 58.5, 16, 59.5, 17, 63.5]], "iscrowd": 0}, {"id": 6642, "image_id": 1177, "category_id": 6, "bbox": [12, 32, 10, 17], "area": 170, "segmentation": [[17, 48.5, 20, 46.5, 20, 44.5, 21, 43.5, 21, 39.5, 22, 38.5, 21, 37.5, 21, 33.5, 19.5, 32, 15.5, 32, 14, 33.5, 14, 36.5, 12, 38.5, 13, 40.5, 13, 45.5, 15.5, 49]], "iscrowd": 0}, {"id": 6643, "image_id": 1177, "category_id": 4, "bbox": [14, 17, 7, 15], "area": 105, "segmentation": [[18, 31.5, 21, 25.5, 21, 19.5, 19.5, 17, 15.5, 17, 15, 20.5, 14, 21.5, 15, 22.5, 15, 28.5, 16, 29.5, 15, 30.5, 16.5, 32]], "iscrowd": 0}, {"id": 6644, "image_id": 1177, "category_id": 5, "bbox": [9, 14, 11, 10], "area": 110, "segmentation": [[12, 23.5, 15, 20.5, 16, 17.5, 18.5, 17, 20, 15.5, 18.5, 14, 15.5, 14, 14, 15.5, 13, 18.5, 9, 22.5, 9.5, 24]], "iscrowd": 0}]}