{"categories": [{"id": 0, "name": "body-parts", "supercategory": "none"}, {"id": 1, "name": "Head", "supercategory": "body-parts"}, {"id": 2, "name": "Lower_Arm", "supercategory": "body-parts"}, {"id": 3, "name": "Lower_Leg", "supercategory": "body-parts"}, {"id": 4, "name": "Torso", "supercategory": "body-parts"}, {"id": 5, "name": "Upper_Arm", "supercategory": "body-parts"}, {"id": 6, "name": "Upper_Leg", "supercategory": "body-parts"}], "images": [{"id": 762, "license": 1, "file_name": "24_right2.jpg", "height": 64, "width": 27, "date_captured": "2023-06-08T19:45:40+00:00"}], "annotations": [{"id": 4303, "image_id": 762, "category_id": 1, "bbox": [10, 7, 5.775, 5.554], "area": 32.075, "segmentation": [[14.194, 11.833, 11.959, 12.603, 9.849, 12.159, 9.738, 9.826, 10.737, 7.494, 11.959, 7.049, 14.18, 7.271, 15.513, 9.16, 15.402, 10.937, 14.847, 11.937]], "iscrowd": 0}, {"id": 4304, "image_id": 762, "category_id": 5, "bbox": [7, 15, 8.219, 7.22], "area": 59.338, "segmentation": [[11.071, 16.602, 7.739, 19.268, 7.295, 21.934, 9.96, 22.489, 12.403, 21.6, 14.625, 19.934, 15.513, 15.936, 14.291, 15.269]], "iscrowd": 0}, {"id": 4305, "image_id": 762, "category_id": 4, "bbox": [14, 14, 5.664, 18.439], "area": 104.44, "segmentation": [[14.889, 15.444, 15.957, 13.603, 18.956, 14.047, 19.845, 17.157, 19.845, 22.6, 19.289, 28.265, 19.845, 31.264, 14.625, 32.042, 14.847, 26.377, 14.18, 21.267, 14.736, 19.823, 15.513, 17.38, 15.513, 15.602]], "iscrowd": 0}, {"id": 4306, "image_id": 762, "category_id": 6, "bbox": [6, 31, 15.882, 18.439], "area": 292.843, "segmentation": [[14.75, 32.389, 19.733, 31.486, 22.177, 34.485, 22.177, 37.818, 20.955, 41.594, 18.512, 43.15, 14.18, 44.482, 12.514, 45.482, 10.96, 46.149, 10.515, 46.815, 9.516, 49.259, 8.516, 49.925, 6.295, 48.481, 6.406, 44.927, 8.516, 42.705, 10.515, 41.15, 12.626, 39.262, 14.069, 36.707, 14.625, 34.263]], "iscrowd": 0}, {"id": 4307, "image_id": 762, "category_id": 3, "bbox": [9, 48, 16.228, 12.063], "area": 195.756, "segmentation": [[9.472, 49.611, 22.1, 51.4, 22.2, 59, 25.7, 60.1, 25.7, 50.6, 17.734, 48.481, 13.625, 48.037, 10.182, 48.037]], "iscrowd": 0}]}