{"categories": [{"id": 0, "name": "body-parts", "supercategory": "none"}, {"id": 1, "name": "Head", "supercategory": "body-parts"}, {"id": 2, "name": "Lower_Arm", "supercategory": "body-parts"}, {"id": 3, "name": "Lower_Leg", "supercategory": "body-parts"}, {"id": 4, "name": "Torso", "supercategory": "body-parts"}, {"id": 5, "name": "Upper_Arm", "supercategory": "body-parts"}, {"id": 6, "name": "Upper_Leg", "supercategory": "body-parts"}], "images": [{"id": 1033, "license": 1, "file_name": "24_right1.jpg", "height": 64, "width": 27, "date_captured": "2023-06-08T19:45:40+00:00"}], "annotations": [{"id": 5815, "image_id": 1033, "category_id": 1, "bbox": [9, 8, 5, 4.5], "area": 22.5, "segmentation": [[13, 12.5, 14, 11.5, 14, 8.5, 10.5, 8, 9, 9.5, 9, 12.5]], "iscrowd": 0}, {"id": 5816, "image_id": 1033, "category_id": 3, "bbox": [10, 48, 5, 15.5], "area": 77.5, "segmentation": [[14, 63.5, 14, 61.5, 15, 60.5, 15, 53.5, 14, 52.5, 15, 48.5, 11.5, 48, 10, 49.5, 11, 63.5]], "iscrowd": 0}, {"id": 5817, "image_id": 1033, "category_id": 6, "bbox": [10, 32, 11, 19], "area": 209, "segmentation": [[14, 50.5, 14, 49.5, 20, 44.5, 21, 37.5, 20, 36.5, 19.5, 32, 14.5, 32, 11, 34.5, 11, 39.5, 10, 40.5, 10, 42.5, 11, 43.5, 11, 49.5, 12.5, 51]], "iscrowd": 0}, {"id": 5818, "image_id": 1033, "category_id": 4, "bbox": [13, 14, 7, 18], "area": 126, "segmentation": [[20, 31.5, 20, 14.5, 14.5, 14, 14, 16.5, 13, 17.5, 14, 19.5, 14, 23.5, 15, 24.5, 14, 25.5, 14, 28.5, 15, 29.5, 15.5, 32]], "iscrowd": 0}, {"id": 5819, "image_id": 1033, "category_id": 5, "bbox": [9, 14, 5, 11], "area": 55, "segmentation": [[11, 24.5, 13, 22.5, 13, 16.5, 14, 15.5, 13.5, 14, 11.5, 14, 10, 15.5, 10, 20.5, 9, 21.5, 9, 23.5, 10.5, 25]], "iscrowd": 0}]}