{"categories": [{"id": 0, "name": "body-parts", "supercategory": "none"}, {"id": 1, "name": "Head", "supercategory": "body-parts"}, {"id": 2, "name": "Lower_Arm", "supercategory": "body-parts"}, {"id": 3, "name": "Lower_Leg", "supercategory": "body-parts"}, {"id": 4, "name": "Torso", "supercategory": "body-parts"}, {"id": 5, "name": "Upper_Arm", "supercategory": "body-parts"}, {"id": 6, "name": "Upper_Leg", "supercategory": "body-parts"}], "images": [{"id": 548, "license": 1, "file_name": "24_right4.jpg", "height": 64, "width": 27, "date_captured": "2023-06-08T19:45:40+00:00"}], "annotations": [{"id": 3086, "image_id": 548, "category_id": 1, "bbox": [11, 8, 5, 5], "area": 25, "segmentation": [[15, 12.5, 16, 11.5, 16, 8.5, 12.5, 8, 11, 9.5, 11, 11.5, 12.5, 13]], "iscrowd": 0}, {"id": 3087, "image_id": 548, "category_id": 4, "bbox": [14, 14, 7, 14.5], "area": 101.5, "segmentation": [[21, 28.5, 21, 15.5, 19.5, 14, 17.5, 14, 17, 14.5, 18, 15.5, 16.5, 17, 14, 17.5, 15, 19.5, 15, 28.5]], "iscrowd": 0}, {"id": 3088, "image_id": 548, "category_id": 5, "bbox": [9, 14, 9, 10], "area": 90, "segmentation": [[12, 23.5, 14, 21.5, 16, 17.5, 18, 16.5, 17.5, 14, 14.5, 14, 14, 16.5, 9, 21.5, 9.5, 24]], "iscrowd": 0}, {"id": 3089, "image_id": 548, "category_id": 6, "bbox": [8, 33, 14, 14], "area": 196, "segmentation": [[10, 46.5, 10, 44.5, 11.5, 43, 17.5, 43, 22, 39.5, 22, 36.5, 19.5, 33, 16.5, 33, 14, 35.5, 12, 39.5, 9, 41.5, 8, 45.5, 9.5, 47]], "iscrowd": 0}, {"id": 3090, "image_id": 548, "category_id": 3, "bbox": [11, 47, 13, 8], "area": 104, "segmentation": [[24, 54.5, 22, 49.5, 20.5, 48, 13.5, 48, 12.5, 47, 11, 47.5, 11, 48.5, 12.5, 50, 14.5, 51, 19.5, 51, 22.5, 55]], "iscrowd": 0}]}