{"categories": [{"id": 0, "name": "body-parts", "supercategory": "none"}, {"id": 1, "name": "Head", "supercategory": "body-parts"}, {"id": 2, "name": "Lower_Arm", "supercategory": "body-parts"}, {"id": 3, "name": "Lower_Leg", "supercategory": "body-parts"}, {"id": 4, "name": "Torso", "supercategory": "body-parts"}, {"id": 5, "name": "Upper_Arm", "supercategory": "body-parts"}, {"id": 6, "name": "Upper_Leg", "supercategory": "body-parts"}], "images": [{"id": 1297, "license": 1, "file_name": "24_right5.jpg", "height": 64, "width": 27, "date_captured": "2023-06-08T19:45:40+00:00"}], "annotations": [{"id": 7338, "image_id": 1297, "category_id": 3, "bbox": [10, 48, 5, 15.5], "area": 77.5, "segmentation": [[14, 63.5, 14, 61.5, 15, 60.5, 15, 58.5, 14, 57.5, 14, 48.5, 11.5, 48, 11, 50.5, 10, 51.5, 11, 53.5, 11, 63.5]], "iscrowd": 0}, {"id": 7339, "image_id": 1297, "category_id": 6, "bbox": [10, 30, 11, 20.5], "area": 225.5, "segmentation": [[14, 50.5, 14, 48.5, 17.5, 47, 20, 44.5, 21, 35.5, 20, 34.5, 20, 31.5, 18.5, 30, 14.5, 30, 11, 33.5, 11, 41.5, 10, 42.5, 11, 43.5, 10, 44.5, 10, 47.5, 11.5, 50, 12.5, 49, 13, 50.5]], "iscrowd": 0}, {"id": 7340, "image_id": 1297, "category_id": 4, "bbox": [11, 17, 9, 14], "area": 126, "segmentation": [[19, 30.5, 20, 28.5, 20, 18.5, 18.5, 17, 15.5, 17, 11, 20.5, 11, 26.5, 12, 27.5, 12, 29.5, 13.5, 31, 15.5, 30, 17.5, 30, 18.5, 31]], "iscrowd": 0}, {"id": 7341, "image_id": 1297, "category_id": 5, "bbox": [6, 9, 14, 8], "area": 112, "segmentation": [[18, 16.5, 20, 15.5, 19.5, 13, 17.5, 12, 11.5, 12, 10.5, 9, 6, 9.5, 6, 10.5, 11.5, 16, 14.5, 16, 15.5, 17]], "iscrowd": 0}, {"id": 7342, "image_id": 1297, "category_id": 2, "bbox": [8, 7, 9, 3], "area": 27, "segmentation": [[16, 9.5, 17, 8.5, 16.5, 7, 13.5, 7, 12.5, 8, 8, 8.5, 10.5, 10, 13.5, 10, 14.5, 9, 15.5, 10]], "iscrowd": 0}]}