{"categories": [{"id": 0, "name": "body-parts", "supercategory": "none"}, {"id": 1, "name": "Head", "supercategory": "body-parts"}, {"id": 2, "name": "Lower_Arm", "supercategory": "body-parts"}, {"id": 3, "name": "Lower_Leg", "supercategory": "body-parts"}, {"id": 4, "name": "Torso", "supercategory": "body-parts"}, {"id": 5, "name": "Upper_Arm", "supercategory": "body-parts"}, {"id": 6, "name": "Upper_Leg", "supercategory": "body-parts"}], "images": [{"id": 912, "license": 1, "file_name": "24_supine1.jpg", "height": 64, "width": 27, "date_captured": "2023-06-08T19:45:40+00:00"}], "annotations": [{"id": 5135, "image_id": 912, "category_id": 1, "bbox": [10, 5, 8, 5], "area": 40, "segmentation": [[16, 9.5, 18, 8.5, 18, 6.5, 16.5, 5, 12.5, 5, 10, 7.5, 13.5, 10]], "iscrowd": 0}, {"id": 5136, "image_id": 912, "category_id": 4, "bbox": [8, 14, 12, 12.5], "area": 150, "segmentation": [[17, 26.5, 18, 22.5, 19, 21.5, 19, 17.5, 20, 15.5, 17.5, 14, 15.5, 15, 13.5, 15, 12.5, 14, 8.5, 15, 8, 20.5, 9, 21.5, 9, 24.5, 10, 26.5]], "iscrowd": 0}, {"id": 5137, "image_id": 912, "category_id": 6, "bbox": [6, 27, 14, 19.782], "area": 276.947, "segmentation": [[17, 46.5, 19, 43.5, 19, 40.5, 20, 39.5, 19, 31.5, 18.24, 29.647, 17.227, 28.331, 15.709, 27.218, 10.241, 27.927, 8.5, 31, 7, 32.5, 7, 34.5, 6, 35.5, 6, 39.5, 8, 42.5, 8, 44.5, 9.5, 46, 12.5, 46, 14.5, 45, 15.5, 47]], "iscrowd": 0}, {"id": 5138, "image_id": 912, "category_id": 5, "bbox": [3, 18, 4.204, 11.897], "area": 50.009, "segmentation": [[5, 29.5, 7, 25.5, 7, 22.5, 7.204, 17.603, 4, 23.5, 4, 26.5, 3, 27.5, 3, 29.5]], "iscrowd": 0}, {"id": 5139, "image_id": 912, "category_id": 5, "bbox": [20, 18, 4.039, 10.397], "area": 41.992, "segmentation": [[24, 27.5, 24, 23.5, 22.087, 17.705, 20.164, 17.603, 19.961, 21.854, 21, 26.5, 22.5, 28]], "iscrowd": 0}, {"id": 5140, "image_id": 912, "category_id": 3, "bbox": [14, 52, 5, 10], "area": 50, "segmentation": [[17, 61.5, 18, 60.5, 19, 55.5, 16.5, 52, 14, 55.5, 14, 59.5, 15.5, 62]], "iscrowd": 0}]}