{"categories": [{"id": 0, "name": "body-parts", "supercategory": "none"}, {"id": 1, "name": "Head", "supercategory": "body-parts"}, {"id": 2, "name": "Lower_Arm", "supercategory": "body-parts"}, {"id": 3, "name": "Lower_Leg", "supercategory": "body-parts"}, {"id": 4, "name": "Torso", "supercategory": "body-parts"}, {"id": 5, "name": "Upper_Arm", "supercategory": "body-parts"}, {"id": 6, "name": "Upper_Leg", "supercategory": "body-parts"}], "images": [{"id": 846, "license": 1, "file_name": "24_supine5.jpg", "height": 64, "width": 27, "date_captured": "2023-06-08T19:45:40+00:00"}], "annotations": [{"id": 4789, "image_id": 846, "category_id": 1, "bbox": [9, 3, 8.33, 6.95], "area": 57.887, "segmentation": [[12.389, 10.444, 9.738, 8.715, 8.849, 5.939, 9.849, 3.717, 13.181, 3.495, 17.179, 5.605, 17.068, 7.16, 16.513, 8.827, 14.847, 9.937, 13.07, 10.382]], "iscrowd": 0}, {"id": 4790, "image_id": 846, "category_id": 4, "bbox": [7, 13, 13.55, 14.773], "area": 200.171, "segmentation": [[14.18, 12.825, 18.845, 14.714, 20.4, 16.047, 19.289, 19.379, 18.179, 23.822, 16.846, 26.377, 12.292, 27.599, 8.961, 24.377, 7.517, 22.045, 6.85, 17.935, 8.627, 14.158, 12.292, 12.825, 14.291, 12.825]], "iscrowd": 0}, {"id": 4791, "image_id": 846, "category_id": 6, "bbox": [6, 28, 14.105, 15.955], "area": 225.042, "segmentation": [[11.417, 27.528, 10.626, 28.932, 6.184, 32.042, 5.74, 36.929, 7.85, 41.594, 9.627, 43.483, 10.071, 41.15, 13.736, 37.04, 18.068, 38.151, 19.845, 36.041, 17.068, 29.487, 15.624, 27.599, 13.292, 27.599]], "iscrowd": 0}, {"id": 4792, "image_id": 846, "category_id": 3, "bbox": [15, 52, 2.762, 7.442], "area": 20.555, "segmentation": [[15.306, 53.222, 15.735, 57.367, 15.957, 59.589, 16.735, 59.7, 18.068, 55.923, 16.735, 52.591, 16.402, 52.258]], "iscrowd": 0}, {"id": 4793, "image_id": 846, "category_id": 5, "bbox": [4, 14, 4.553, 15.662], "area": 71.316, "segmentation": [[6.417, 21.139, 6.628, 25.266, 5.073, 29.931, 3.519, 29.043, 3.519, 23.6, 3.963, 17.824, 8.072, 14.269, 7.072, 18.49, 6.961, 20.268]], "iscrowd": 0}, {"id": 4794, "image_id": 846, "category_id": 5, "bbox": [19, 16, 2.999, 12.663], "area": 37.971, "segmentation": [[19.067, 19.379, 19.289, 24.044, 20.178, 26.821, 20.844, 29.154, 22.066, 28.265, 22.066, 21.712, 20.955, 17.157, 20.289, 16.491]], "iscrowd": 0}, {"id": 4795, "image_id": 846, "category_id": 3, "bbox": [8, 53, 4.109, 6.442], "area": 26.474, "segmentation": [[10.849, 52.702, 11.737, 54.479, 11.959, 57.479, 9.072, 59.145, 7.961, 58.367, 7.85, 54.924, 8.516, 53.48]], "iscrowd": 0}]}