{"categories": [{"id": 0, "name": "body-parts", "supercategory": "none"}, {"id": 1, "name": "Head", "supercategory": "body-parts"}, {"id": 2, "name": "Lower_Arm", "supercategory": "body-parts"}, {"id": 3, "name": "Lower_Leg", "supercategory": "body-parts"}, {"id": 4, "name": "Torso", "supercategory": "body-parts"}, {"id": 5, "name": "Upper_Arm", "supercategory": "body-parts"}, {"id": 6, "name": "Upper_Leg", "supercategory": "body-parts"}], "images": [{"id": 1128, "license": 1, "file_name": "24_supine7.jpg", "height": 64, "width": 27, "date_captured": "2023-06-08T19:45:40+00:00"}], "annotations": [{"id": 6350, "image_id": 1128, "category_id": 6, "bbox": [7, 31, 13, 10], "area": 130, "segmentation": [[18, 40.5, 20, 38.5, 20, 35.5, 19, 34.5, 19, 32.5, 17.5, 31, 9.5, 31, 8, 32.5, 7, 34.5, 7.5, 40, 14.5, 40, 15.5, 41]], "iscrowd": 0}, {"id": 6351, "image_id": 1128, "category_id": 4, "bbox": [8, 14, 12, 15.5], "area": 186, "segmentation": [[14, 29.5, 15.5, 29, 18, 25.5, 18, 22.5, 20, 18.5, 19, 17.5, 19, 15.5, 17.5, 14, 9.5, 14, 8, 15.5, 8, 20.5, 9, 21.5, 9, 24.5, 10, 25.5, 11, 29.5]], "iscrowd": 0}, {"id": 6352, "image_id": 1128, "category_id": 2, "bbox": [22, 22, 5, 8], "area": 40, "segmentation": [[25, 29.5, 26, 28.5, 25, 27.5, 27, 25.5, 26.5, 22, 23.5, 23, 22, 24.5, 23, 28.5, 24.5, 30]], "iscrowd": 0}, {"id": 6353, "image_id": 1128, "category_id": 2, "bbox": [0, 20, 4, 5.5], "area": 22, "segmentation": [[3, 25.5, 4, 24.5, 4, 21.5, 2.5, 20, 0.5, 20, 0, 25.5]], "iscrowd": 0}, {"id": 6354, "image_id": 1128, "category_id": 1, "bbox": [8, 4, 13, 6], "area": 78, "segmentation": [[15, 9.5, 19.5, 9, 21, 7.5, 21, 5.5, 19.5, 4, 9.5, 4, 8, 5.5, 8, 7.5, 9.5, 9, 12.5, 9, 13.5, 10]], "iscrowd": 0}]}