{"categories": [{"id": 0, "name": "body-parts", "supercategory": "none"}, {"id": 1, "name": "Head", "supercategory": "body-parts"}, {"id": 2, "name": "Lower_Arm", "supercategory": "body-parts"}, {"id": 3, "name": "Lower_Leg", "supercategory": "body-parts"}, {"id": 4, "name": "Torso", "supercategory": "body-parts"}, {"id": 5, "name": "Upper_Arm", "supercategory": "body-parts"}, {"id": 6, "name": "Upper_Leg", "supercategory": "body-parts"}], "images": [{"id": 1119, "license": 1, "file_name": "25_left3.jpg", "height": 64, "width": 27, "date_captured": "2023-06-08T19:45:40+00:00"}], "annotations": [{"id": 6299, "image_id": 1119, "category_id": 1, "bbox": [5, 2, 6.649, 5.227], "area": 34.752, "segmentation": [[11.278, 7.389, 7.406, 7.383, 4.629, 4.161, 7.961, 2.162, 10.849, 3.939, 10.737, 5.494]], "iscrowd": 0}, {"id": 6300, "image_id": 1119, "category_id": 4, "bbox": [7, 8, 8.219, 17.294], "area": 142.129, "segmentation": [[9.056, 8.083, 12.403, 8.16, 13.181, 11.492, 15.069, 18.824, 13.736, 24.044, 13.403, 25.377, 8.405, 25.377, 8.294, 21.045, 8.294, 14.269, 7.628, 11.492, 6.85, 9.826]], "iscrowd": 0}, {"id": 6301, "image_id": 1119, "category_id": 6, "bbox": [5, 26, 18.214, 9.152], "area": 166.695, "segmentation": [[8.222, 26, 5.962, 29.376, 5.184, 31.597, 10.849, 35.152, 19.622, 35.041, 21.844, 34.597, 23.398, 35.041, 22.51, 32.042, 14.736, 26.266]], "iscrowd": 0}, {"id": 6302, "image_id": 1119, "category_id": 3, "bbox": [15, 34, 9.662, 18.55], "area": 179.236, "segmentation": [[23.065, 35.263, 18.623, 41.706, 15.402, 44.816, 14.625, 47.259, 16.291, 51.48, 17.401, 52.147, 19.511, 43.705, 24.176, 37.485, 24.287, 34.485, 23.176, 33.597, 21.399, 34.597]], "iscrowd": 0}, {"id": 6303, "image_id": 1119, "category_id": 5, "bbox": [13, 7, 7.441, 6.665], "area": 49.593, "segmentation": [[13.514, 8.271, 17.734, 7.716, 19.733, 6.938, 20.4, 8.715, 18.623, 9.937, 17.179, 11.159, 15.402, 13.492, 13.847, 13.603, 12.959, 9.271]], "iscrowd": 0}, {"id": 6304, "image_id": 1119, "category_id": 3, "bbox": [16, 58, 6.9, 5.6], "area": 38.64, "segmentation": [[21.2, 58.2, 17.1, 58, 16.1, 59.4, 19.4, 60.7, 20.8, 63.6, 23, 63.6, 22.8, 58.9]], "iscrowd": 0}]}