{"categories": [{"id": 0, "name": "body-parts", "supercategory": "none"}, {"id": 1, "name": "Head", "supercategory": "body-parts"}, {"id": 2, "name": "Lower_Arm", "supercategory": "body-parts"}, {"id": 3, "name": "Lower_Leg", "supercategory": "body-parts"}, {"id": 4, "name": "Torso", "supercategory": "body-parts"}, {"id": 5, "name": "Upper_Arm", "supercategory": "body-parts"}, {"id": 6, "name": "Upper_Leg", "supercategory": "body-parts"}], "images": [{"id": 1652, "license": 1, "file_name": "25_left7.jpg", "height": 64, "width": 27, "date_captured": "2023-06-08T19:45:40+00:00"}], "annotations": [{"id": 9320, "image_id": 1652, "category_id": 6, "bbox": [7, 26, 14, 22], "area": 308, "segmentation": [[21, 47.5, 21, 29.5, 19.5, 29, 16.5, 26, 9.5, 26, 7, 30.5, 7, 33.5, 8, 35.5, 9.5, 37, 11.5, 37, 15, 39.5, 15, 40.5, 18, 43.5, 18.5, 48]], "iscrowd": 0}, {"id": 9321, "image_id": 1652, "category_id": 3, "bbox": [18, 48, 5, 15], "area": 75, "segmentation": [[23, 62.5, 23, 60.5, 22, 59.5, 22, 49.5, 20.5, 48, 18.5, 48, 18, 54.5, 19, 55.5, 19, 58.5, 21, 60.5, 21, 61.5, 22.5, 63]], "iscrowd": 0}, {"id": 9322, "image_id": 1652, "category_id": 4, "bbox": [8, 10, 8, 16], "area": 128, "segmentation": [[15, 25.5, 15, 23.5, 16, 22.5, 16, 19.5, 15, 18.5, 15, 13.5, 13.5, 13, 10.5, 10, 9.5, 10, 8, 12.5, 8, 24.5, 9.5, 26]], "iscrowd": 0}, {"id": 9323, "image_id": 1652, "category_id": 5, "bbox": [9, 8, 13, 5], "area": 65, "segmentation": [[22, 12.5, 22, 10.5, 20.5, 9, 18.5, 9, 17.5, 8, 9, 8.5, 9.5, 12, 16.5, 12, 17.5, 13]], "iscrowd": 0}]}