{"categories": [{"id": 0, "name": "body-parts", "supercategory": "none"}, {"id": 1, "name": "Head", "supercategory": "body-parts"}, {"id": 2, "name": "Lower_Arm", "supercategory": "body-parts"}, {"id": 3, "name": "Lower_Leg", "supercategory": "body-parts"}, {"id": 4, "name": "Torso", "supercategory": "body-parts"}, {"id": 5, "name": "Upper_Arm", "supercategory": "body-parts"}, {"id": 6, "name": "Upper_Leg", "supercategory": "body-parts"}], "images": [{"id": 488, "license": 1, "file_name": "25_left2.jpg", "height": 64, "width": 27, "date_captured": "2023-06-08T19:45:40+00:00"}], "annotations": [{"id": 2736, "image_id": 488, "category_id": 1, "bbox": [8, 3, 5, 4], "area": 20, "segmentation": [[12, 6.5, 13, 4.5, 12.5, 3, 8, 3.5, 9.5, 7]], "iscrowd": 0}, {"id": 2737, "image_id": 488, "category_id": 3, "bbox": [15, 35, 12, 16.5], "area": 198, "segmentation": [[18, 51.5, 18, 46.5, 19, 44.5, 27, 36.5, 26.5, 35, 23.5, 35, 21, 39.5, 19, 41.5, 19, 42.5, 16, 45.5, 15, 47.5, 16, 48.5, 16, 51.5]], "iscrowd": 0}, {"id": 2738, "image_id": 488, "category_id": 6, "bbox": [8, 26, 19, 9], "area": 171, "segmentation": [[27, 34.5, 27, 33.5, 25.5, 32, 21.5, 30, 15.5, 29, 13.5, 26, 9.5, 26, 8, 27.5, 8, 31.5, 13.5, 35]], "iscrowd": 0}, {"id": 2739, "image_id": 488, "category_id": 4, "bbox": [9, 9, 6, 18], "area": 108, "segmentation": [[11, 26.5, 15, 23.5, 15, 12.5, 13.5, 10, 9.5, 9, 9, 25.5, 10.5, 27]], "iscrowd": 0}, {"id": 2740, "image_id": 488, "category_id": 5, "bbox": [9, 7, 13, 4], "area": 52, "segmentation": [[18, 10.5, 21.5, 10, 22, 8.5, 20.5, 7, 19.5, 8, 9, 8.5, 9.5, 11]], "iscrowd": 0}]}