{"categories": [{"id": 0, "name": "body-parts", "supercategory": "none"}, {"id": 1, "name": "Head", "supercategory": "body-parts"}, {"id": 2, "name": "Lower_Arm", "supercategory": "body-parts"}, {"id": 3, "name": "Lower_Leg", "supercategory": "body-parts"}, {"id": 4, "name": "Torso", "supercategory": "body-parts"}, {"id": 5, "name": "Upper_Arm", "supercategory": "body-parts"}, {"id": 6, "name": "Upper_Leg", "supercategory": "body-parts"}], "images": [{"id": 1589, "license": 1, "file_name": "12_left2.jpg", "height": 64, "width": 27, "date_captured": "2023-06-08T19:45:40+00:00"}], "annotations": [{"id": 8981, "image_id": 1589, "category_id": 1, "bbox": [11, 5, 11, 3], "area": 33, "segmentation": [[20, 7.5, 22, 6.5, 20.5, 5, 11, 5.5, 11, 6.5, 12.5, 8]], "iscrowd": 0}, {"id": 8982, "image_id": 1589, "category_id": 4, "bbox": [10, 11, 12, 22.5], "area": 270, "segmentation": [[19, 33.5, 20, 32.5, 20, 21.5, 22, 18.5, 21, 16.5, 21, 12.5, 19.5, 11, 14.5, 11, 13.5, 12, 11, 12.5, 11, 29.5, 10, 30.5, 10, 33.5]], "iscrowd": 0}, {"id": 8983, "image_id": 1589, "category_id": 6, "bbox": [10, 34, 11, 12], "area": 132, "segmentation": [[20, 45.5, 21, 44.5, 21, 37.5, 20, 35.5, 17.5, 34, 10.5, 34, 10, 36.5, 12, 38.5, 14, 42.5, 18.5, 46]], "iscrowd": 0}, {"id": 8984, "image_id": 1589, "category_id": 5, "bbox": [19, 16, 6, 10], "area": 60, "segmentation": [[25, 25.5, 25, 22.5, 23, 20.5, 22, 16.5, 20.5, 16, 19, 17.5, 19, 18.5, 22, 22.5, 22, 23.5, 23.5, 24, 24.5, 26]], "iscrowd": 0}, {"id": 8985, "image_id": 1589, "category_id": 3, "bbox": [2, 46, 19, 10.5], "area": 199.5, "segmentation": [[4, 56.5, 9.5, 52, 16.5, 52, 17.5, 51, 19.5, 51, 21, 49.5, 21, 46.5, 14.5, 46, 10.5, 49, 4.5, 49, 2, 53.5, 2, 56.5]], "iscrowd": 0}]}