{"categories": [{"id": 0, "name": "body-parts", "supercategory": "none"}, {"id": 1, "name": "Head", "supercategory": "body-parts"}, {"id": 2, "name": "Lower_Arm", "supercategory": "body-parts"}, {"id": 3, "name": "Lower_Leg", "supercategory": "body-parts"}, {"id": 4, "name": "Torso", "supercategory": "body-parts"}, {"id": 5, "name": "Upper_Arm", "supercategory": "body-parts"}, {"id": 6, "name": "Upper_Leg", "supercategory": "body-parts"}], "images": [{"id": 1409, "license": 1, "file_name": "12_left7.jpg", "height": 64, "width": 27, "date_captured": "2023-06-08T19:45:40+00:00"}], "annotations": [{"id": 7961, "image_id": 1409, "category_id": 1, "bbox": [15, 4, 7.7, 6.8], "area": 52.36, "segmentation": [[17.3, 10.5, 15.7, 9.3, 15.2, 7.5, 16.9, 5.6, 19, 4.4, 20.2, 4.1, 22.9, 5.4, 21.9, 7.3, 20.8, 9.3, 19.3, 10.9]], "iscrowd": 0}, {"id": 7962, "image_id": 1409, "category_id": 3, "bbox": [10, 48, 6.6, 16.1], "area": 106.26, "segmentation": [[13.5, 47.9, 11.9, 49.6, 10.8, 51.2, 10.2, 52.7, 10.2, 54.6, 10.6, 56.7, 10.7, 59.3, 10.3, 60.7, 9.8, 62.6, 10.4, 63.8, 11.4, 63.9, 12.5, 61.8, 13.2, 59.9, 13.9, 58.2, 15.3, 56.9, 16.1, 55.3, 16.4, 52.5, 16.4, 50.7, 16, 48.9, 14.6, 47.8]], "iscrowd": 0}, {"id": 7963, "image_id": 1409, "category_id": 5, "bbox": [17, 12, 8.3, 11.7], "area": 97.11, "segmentation": [[18.6, 11.9, 20.4, 12.5, 22.3, 13.3, 22.8, 14.8, 22.9, 16.1, 23.2, 17.2, 24, 18.9, 24.6, 20.5, 24.8, 22.2, 24.6, 23.6, 23.2, 23.4, 22.2, 21.9, 21.2, 20.5, 20.5, 19.5, 19.6, 18.3, 18.8, 17.3, 18.1, 16.3, 17.3, 15.7, 16.5, 13.8, 17.1, 12.6]], "iscrowd": 0}, {"id": 7964, "image_id": 1409, "category_id": 2, "bbox": [25, 22, 2.1, 3.8], "area": 7.98, "segmentation": [[25.3, 22.2, 26.4, 22.9, 26.7, 23.3, 26.9, 25, 26.7, 26, 25.8, 25.6, 25.2, 24.4, 24.8, 23.5]], "iscrowd": 0}, {"id": 7965, "image_id": 1409, "category_id": 4, "bbox": [10, 14, 10.7, 15.2], "area": 162.64, "segmentation": [[16.6, 13.5, 17.4, 15.7, 18.2, 17.8, 20.3, 20.1, 20.4, 23.9, 19.9, 26.8, 18.6, 27.4, 17.5, 28.2, 14.5, 28.7, 11, 28.6, 10, 27.9, 9.7, 24.7, 10.2, 22.7, 11.5, 18.9, 13, 16.6, 14, 14.7, 15.1, 13.9]], "iscrowd": 0}, {"id": 7966, "image_id": 1409, "category_id": 6, "bbox": [9, 28, 10.4, 19], "area": 197.6, "segmentation": [[10.6, 28.3, 17.7, 27.8, 18.8, 29.9, 18.9, 32.1, 17.9, 33.5, 18, 35.5, 18, 37.5, 18.5, 40.2, 19.1, 42, 18.9, 44.4, 18.1, 45.6, 17.4, 46, 15.6, 46.8, 14.3, 46.8, 13.6, 46.6, 12.5, 44.6, 12.3, 43.1, 11.8, 41.2, 11.3, 39.9, 10.7, 38.5, 9.7, 36.7, 9, 34.4, 8.8, 33.2, 8.7, 31.5, 8.9, 30.2]], "iscrowd": 0}]}