{"categories": [{"id": 0, "name": "body-parts", "supercategory": "none"}, {"id": 1, "name": "Head", "supercategory": "body-parts"}, {"id": 2, "name": "Lower_Arm", "supercategory": "body-parts"}, {"id": 3, "name": "Lower_Leg", "supercategory": "body-parts"}, {"id": 4, "name": "Torso", "supercategory": "body-parts"}, {"id": 5, "name": "Upper_Arm", "supercategory": "body-parts"}, {"id": 6, "name": "Upper_Leg", "supercategory": "body-parts"}], "images": [{"id": 116, "license": 1, "file_name": "12_left4.jpg", "height": 64, "width": 27, "date_captured": "2023-06-08T19:45:40+00:00"}], "annotations": [{"id": 658, "image_id": 116, "category_id": 1, "bbox": [15, 4, 5, 4.1], "area": 20.5, "segmentation": [[20, 7.5, 20, 5.2, 17.8, 3.9, 15, 5.5, 15.5, 8]], "iscrowd": 0}, {"id": 659, "image_id": 116, "category_id": 5, "bbox": [15, 11, 11, 15], "area": 165, "segmentation": [[26, 25.5, 26, 23.5, 25, 22.5, 23.3, 20.7, 23.6, 20.1, 22.2, 19.1, 21.6, 17.1, 22, 13.5, 20.5, 12, 16.5, 11, 15, 12.5, 15, 15.5, 18, 16.5, 18, 18.5, 20, 19.5, 21, 22.5, 24.5, 26]], "iscrowd": 0}, {"id": 660, "image_id": 116, "category_id": 4, "bbox": [10, 11, 11, 16], "area": 176, "segmentation": [[18, 26.5, 19, 24.5, 19, 21.5, 20, 20.5, 20, 17.5, 21, 16.5, 21, 12.5, 18.5, 12, 17.5, 11, 11.5, 12, 11, 14.5, 10, 15.5, 10, 25.5, 12.5, 27]], "iscrowd": 0}, {"id": 661, "image_id": 116, "category_id": 6, "bbox": [10, 28, 9, 14.1], "area": 126.9, "segmentation": [[17, 42.5, 17, 40.5, 18, 39.5, 18.8, 28.4, 16.5, 29, 12.5, 29, 9.8, 29.5, 10, 35.5, 13, 40.5, 13, 42.5]], "iscrowd": 0}, {"id": 662, "image_id": 116, "category_id": 3, "bbox": [11, 48, 5, 13], "area": 65, "segmentation": [[15, 60.5, 15, 59.5, 15.8, 56.6, 16, 50.1, 15.5, 48, 14, 48.5, 14, 49.5, 11, 53.5, 12, 59.5, 13.5, 61]], "iscrowd": 0}]}