{"categories": [{"id": 0, "name": "body-parts", "supercategory": "none"}, {"id": 1, "name": "Head", "supercategory": "body-parts"}, {"id": 2, "name": "Lower_Arm", "supercategory": "body-parts"}, {"id": 3, "name": "Lower_Leg", "supercategory": "body-parts"}, {"id": 4, "name": "Torso", "supercategory": "body-parts"}, {"id": 5, "name": "Upper_Arm", "supercategory": "body-parts"}, {"id": 6, "name": "Upper_Leg", "supercategory": "body-parts"}], "images": [{"id": 1439, "license": 1, "file_name": "12_left3.jpg", "height": 64, "width": 27, "date_captured": "2023-06-08T19:45:40+00:00"}], "annotations": [{"id": 8136, "image_id": 1439, "category_id": 1, "bbox": [14, 4, 5.9, 5.3], "area": 31.27, "segmentation": [[18.2, 9.3, 16, 8.6, 14.7, 7.4, 14.2, 6.4, 15.2, 4.9, 17.3, 4, 19, 4.2, 20, 5.1, 20.1, 6.7, 19, 7.9]], "iscrowd": 0}, {"id": 8137, "image_id": 1439, "category_id": 3, "bbox": [2, 60, 4.7, 3.7], "area": 17.39, "segmentation": [[7.2, 62.8, 5.9, 60.9, 4.3, 60.3, 3.5, 60.9, 2.6, 62.1, 2.5, 63.2, 3.1, 64, 6.8, 64]], "iscrowd": 0}, {"id": 8138, "image_id": 1439, "category_id": 3, "bbox": [2, 46, 15.8, 8.5], "area": 134.3, "segmentation": [[16, 45.6, 12.1, 45.8, 10.3, 46.7, 7.9, 47.8, 5.2, 48, 4.2, 48.7, 2.6, 51.3, 1.8, 53.7, 4, 54.1, 6.7, 51.8, 8.9, 50.7, 10.9, 50.4, 14.1, 49.8, 15.5, 49.2, 17.6, 48, 17.5, 46.1]], "iscrowd": 0}, {"id": 8139, "image_id": 1439, "category_id": 6, "bbox": [8, 29, 11.9, 17.6], "area": 209.44, "segmentation": [[17.8, 46.7, 17.3, 44.9, 16.1, 43.8, 15.3, 42.9, 12.4, 42.5, 9.9, 40.8, 8.9, 39.7, 8.8, 38.1, 8, 34.9, 8.1, 33.3, 8.4, 30.5, 8.6, 29.8, 10.2, 29.1, 11.8, 29.1, 13.4, 29.8, 14.8, 30.9, 15.5, 31.3, 16.9, 33.3, 17.3, 33.9, 18, 36.1, 18.3, 38.1, 18.3, 39.3, 19.5, 40.3, 19.8, 41.3, 19.9, 43.2, 19.5, 44.4, 19.1, 45.3, 18.5, 46.6]], "iscrowd": 0}, {"id": 8140, "image_id": 1439, "category_id": 4, "bbox": [10, 11, 8.8, 21.6], "area": 190.08, "segmentation": [[17.2, 32.7, 15.1, 30.6, 13.3, 29.6, 12.2, 29.4, 10.5, 29.3, 9.8, 29.2, 9.8, 27.4, 9.8, 25.7, 9.7, 23.2, 9.7, 21.3, 9.9, 19.1, 10.3, 17.7, 10.7, 16.2, 11.2, 14.9, 12.2, 12.7, 13.6, 11.9, 15, 11.1, 15.8, 11.1, 15.8, 12.4, 14.9, 14.3, 14.8, 15.3, 16, 16.8, 16.6, 17.4, 17.2, 18.1, 18.2, 19.7, 18.3, 20, 18.5, 21.6, 18.2, 23.5, 18, 25.2, 16.9, 28.4]], "iscrowd": 0}, {"id": 8141, "image_id": 1439, "category_id": 5, "bbox": [15, 11, 10.4, 14.6], "area": 151.84, "segmentation": [[15.8, 11.3, 15.5, 12.7, 14.8, 14, 14.9, 15.8, 16.1, 17.5, 19, 21, 20.2, 21.6, 22.6, 24.4, 25.2, 25.7, 24.6, 23.1, 23.5, 20.8, 23.2, 19.2, 23, 16.5, 22.7, 13.9, 21.2, 12.6, 19.3, 11.7, 16.8, 11.1]], "iscrowd": 0}]}