{"categories": [{"id": 0, "name": "body-parts", "supercategory": "none"}, {"id": 1, "name": "Head", "supercategory": "body-parts"}, {"id": 2, "name": "Lower_Arm", "supercategory": "body-parts"}, {"id": 3, "name": "Lower_Leg", "supercategory": "body-parts"}, {"id": 4, "name": "Torso", "supercategory": "body-parts"}, {"id": 5, "name": "Upper_Arm", "supercategory": "body-parts"}, {"id": 6, "name": "Upper_Leg", "supercategory": "body-parts"}], "images": [{"id": 1096, "license": 1, "file_name": "12_left1.jpg", "height": 64, "width": 27, "date_captured": "2023-06-08T19:45:40+00:00"}], "annotations": [{"id": 6150, "image_id": 1096, "category_id": 1, "bbox": [14, 5, 6.4, 5], "area": 32, "segmentation": [[18, 9.5, 20, 7.5, 20, 6.5, 17.5, 5, 13.8, 5.3, 13.6, 7.5, 14.5, 9, 15.5, 10]], "iscrowd": 0}, {"id": 6151, "image_id": 1096, "category_id": 4, "bbox": [9, 12, 10.8, 16.5], "area": 178.2, "segmentation": [[18, 28.5, 18, 22.5, 18.4, 18.5, 19.8, 17, 19.8, 14.9, 17.5, 12, 11.5, 12, 10, 13.5, 10, 15.5, 9, 16.5, 9, 28.5]], "iscrowd": 0}, {"id": 6152, "image_id": 1096, "category_id": 5, "bbox": [18, 17, 6, 9], "area": 54, "segmentation": [[24, 25.5, 24, 22.5, 19.5, 17, 18, 18.5, 18, 19.5, 21, 22.5, 21, 23.5, 22.5, 24, 23.5, 26]], "iscrowd": 0}, {"id": 6153, "image_id": 1096, "category_id": 6, "bbox": [7, 29, 11.1, 17], "area": 188.7, "segmentation": [[17, 45.5, 18, 44.5, 18, 31.5, 17.3, 29.4, 14.2, 29, 11.5, 29, 9, 30.5, 8, 32.5, 6.9, 33, 7, 35.5, 8, 36.5, 8, 38.5, 11, 44.5, 12.5, 46]], "iscrowd": 0}, {"id": 6154, "image_id": 1096, "category_id": 3, "bbox": [8, 49, 7, 15], "area": 105, "segmentation": [[10.5, 64, 11.7, 60.6, 13, 58.8, 13.9, 55.2, 14.3, 54, 15, 52.3, 15, 50.5, 15, 49.5, 13.5, 49, 9, 53.5, 9, 62.5, 8, 63.5]], "iscrowd": 0}]}