{"categories": [{"id": 0, "name": "body-parts", "supercategory": "none"}, {"id": 1, "name": "Head", "supercategory": "body-parts"}, {"id": 2, "name": "Lower_Arm", "supercategory": "body-parts"}, {"id": 3, "name": "Lower_Leg", "supercategory": "body-parts"}, {"id": 4, "name": "Torso", "supercategory": "body-parts"}, {"id": 5, "name": "Upper_Arm", "supercategory": "body-parts"}, {"id": 6, "name": "Upper_Leg", "supercategory": "body-parts"}], "images": [{"id": 914, "license": 1, "file_name": "12_prone2.jpg", "height": 64, "width": 27, "date_captured": "2023-06-08T19:45:40+00:00"}], "annotations": [{"id": 5147, "image_id": 914, "category_id": 1, "bbox": [12, 5, 7.7, 5.9], "area": 45.43, "segmentation": [[15.2, 11.3, 12.6, 10, 11.8, 8.6, 12.7, 6.8, 15.5, 5.4, 17.1, 5.9, 19.5, 7.7, 18.2, 9.7]], "iscrowd": 0}, {"id": 5148, "image_id": 914, "category_id": 6, "bbox": [8, 32, 15.1, 19.9], "area": 300.49, "segmentation": [[15, 40.8, 14.8, 43.7, 14.7, 44.4, 14.6, 46.2, 14.7, 47.9, 14.9, 48.7, 14.3, 50, 13.4, 51.1, 11.8, 51.4, 10.4, 51.4, 9.8, 50.1, 9.1, 48.4, 9.4, 47.2, 9.2, 45.4, 8.6, 43.4, 8, 41.4, 8, 40.4, 8.2, 38.8, 9, 37.6, 9.9, 35.8, 10, 35.2, 10.6, 33.4, 11.9, 32.5, 14.7, 32.4, 17.5, 32.4, 18.8, 32.4, 20.9, 32.4, 21.6, 33.7, 22.5, 35.2, 22.7, 36.5, 22.9, 38.6, 23.1, 40, 23.1, 41.6, 22.6, 42.7, 22.1, 44.9, 21.9, 46, 21.9, 47.2, 21.9, 48.2, 21.7, 48.8, 20.9, 50.2, 20.6, 50.8, 19.3, 52, 18.1, 52.3, 17.1, 50.8, 16.4, 48.4, 16.5, 46.7, 15.8, 44.8, 15.7, 42.5]], "iscrowd": 0}, {"id": 5149, "image_id": 914, "category_id": 2, "bbox": [24, 25, 2.7, 11.4], "area": 30.78, "segmentation": [[24, 25.1, 25.2, 25, 25.9, 24.9, 26.1, 26.5, 26, 27.7, 26.2, 29, 26.6, 31.5, 26.6, 32.4, 26.2, 33.5, 25.7, 35, 25, 36.3, 23.9, 36, 24.1, 34.3, 24.4, 32.6, 24.9, 30.9, 24.7, 29.2, 24.3, 27.2]], "iscrowd": 0}, {"id": 5150, "image_id": 914, "category_id": 2, "bbox": [3, 24, 3.3, 13.8], "area": 45.54, "segmentation": [[4.2, 24.1, 5.2, 24.3, 5.3, 25.4, 5.7, 26.6, 5.7, 27.6, 5.7, 28.6, 5.7, 29.7, 5.7, 30.5, 5.7, 32.3, 5.9, 33.3, 6.2, 34.5, 6.7, 36, 6.7, 37.1, 5.8, 37.9, 4.5, 37.1, 3.4, 35.3, 3.7, 32.2, 3.7, 29.9, 3.9, 27.7, 4, 25.7]], "iscrowd": 0}, {"id": 5151, "image_id": 914, "category_id": 5, "bbox": [21, 13, 5.3, 12.6], "area": 66.78, "segmentation": [[26, 24.9, 26, 22.7, 25.6, 19.8, 25.3, 17.9, 24.2, 16, 23.1, 14.4, 21.4, 12.9, 20.9, 12.9, 20.9, 14.7, 21.1, 15.6, 21, 17.4, 20.7, 18.7, 21.1, 20.6, 21.9, 21.9, 24.1, 25.5]], "iscrowd": 0}, {"id": 5152, "image_id": 914, "category_id": 5, "bbox": [4, 13, 5.3, 12.6], "area": 66.78, "segmentation": [[9.1, 13.4, 8.6, 14.5, 8, 16.1, 8, 17.3, 7.4, 19, 7.1, 20.2, 6.7, 22.1, 6.4, 23.3, 5.9, 25.2, 5.7, 26, 4.9, 24.9, 4.2, 24.1, 3.8, 20.8, 4, 18.5, 4.6, 16.2, 5.1, 14.7, 6.6, 13.5]], "iscrowd": 0}, {"id": 5153, "image_id": 914, "category_id": 4, "bbox": [8, 13, 14.1, 20.4], "area": 287.64, "segmentation": [[8.8, 13.4, 10.9, 12.9, 13.1, 12.9, 14.6, 13, 16.1, 13, 17.8, 12.9, 19.9, 12.8, 20.9, 12.7, 20.9, 14.9, 21.6, 16.3, 21.3, 17.8, 21.4, 20, 21.4, 22.1, 21.7, 23.9, 21.6, 26.2, 21.6, 28.2, 21.2, 29.4, 21, 31.6, 20.7, 32.7, 10.8, 33.1, 10.2, 31.7, 9.6, 28.6, 9.4, 26.5, 8.7, 24.3, 8, 22.5, 7.9, 20.7, 7.9, 19.4, 7.6, 17.9, 7.7, 16.1]], "iscrowd": 0}]}