{"categories": [{"id": 0, "name": "body-parts", "supercategory": "none"}, {"id": 1, "name": "Head", "supercategory": "body-parts"}, {"id": 2, "name": "Lower_Arm", "supercategory": "body-parts"}, {"id": 3, "name": "Lower_Leg", "supercategory": "body-parts"}, {"id": 4, "name": "Torso", "supercategory": "body-parts"}, {"id": 5, "name": "Upper_Arm", "supercategory": "body-parts"}, {"id": 6, "name": "Upper_Leg", "supercategory": "body-parts"}], "images": [{"id": 1150, "license": 1, "file_name": "12_prone7.jpg", "height": 64, "width": 27, "date_captured": "2023-06-08T19:45:40+00:00"}], "annotations": [{"id": 6474, "image_id": 1150, "category_id": 6, "bbox": [8, 32, 16.537, 18.4], "area": 304.283, "segmentation": [[8.784, 48.9, 15.189, 49.6, 16.004, 45.5, 16.354, 50, 22.526, 49.7, 23.108, 45.1, 24.273, 40, 22.992, 36.1, 23.341, 32.2, 19.615, 31.6, 11.579, 31.6, 8.551, 32.6, 9.017, 35.7, 8.551, 39.3, 7.736, 44.7]], "iscrowd": 0}, {"id": 6475, "image_id": 1150, "category_id": 3, "bbox": [18, 50, 5.241, 7], "area": 36.684, "segmentation": [[22.177, 56.3, 19.265, 57, 18.916, 52.8, 17.751, 50.4, 22.992, 50, 21.711, 53.6]], "iscrowd": 0}, {"id": 6476, "image_id": 1150, "category_id": 3, "bbox": [8, 49, 6.638, 7.7], "area": 51.113, "segmentation": [[12.394, 56.9, 12.86, 52.3, 14.723, 50.3, 8.085, 49.2, 9.716, 52.7, 9.832, 56.8]], "iscrowd": 0}, {"id": 6477, "image_id": 1150, "category_id": 4, "bbox": [6, 16, 20.962, 15], "area": 314.438, "segmentation": [[24.389, 30.9, 8.202, 31.3, 6.571, 27.9, 5.989, 23.7, 6.222, 19.5, 8.901, 17, 16.82, 16.3, 22.293, 16.3, 26.136, 18.9, 26.952, 25.2, 24.972, 29.5]], "iscrowd": 0}, {"id": 6478, "image_id": 1150, "category_id": 2, "bbox": [1, 32, 3.144, 5.3], "area": 16.665, "segmentation": [[4.009, 35.8, 2.961, 32.8, 1.797, 31.9, 0.865, 33.9, 1.564, 35.8, 2.612, 37.2]], "iscrowd": 0}, {"id": 6479, "image_id": 1150, "category_id": 2, "bbox": [26, 31, 1.446, 4.9], "area": 7.085, "segmentation": [[25.554, 33.8, 26.952, 35.8, 27, 30.9]], "iscrowd": 0}]}