{"categories": [{"id": 0, "name": "body-parts", "supercategory": "none"}, {"id": 1, "name": "Head", "supercategory": "body-parts"}, {"id": 2, "name": "Lower_Arm", "supercategory": "body-parts"}, {"id": 3, "name": "Lower_Leg", "supercategory": "body-parts"}, {"id": 4, "name": "Torso", "supercategory": "body-parts"}, {"id": 5, "name": "Upper_Arm", "supercategory": "body-parts"}, {"id": 6, "name": "Upper_Leg", "supercategory": "body-parts"}], "images": [{"id": 803, "license": 1, "file_name": "12_prone6.jpg", "height": 64, "width": 27, "date_captured": "2023-06-08T19:45:40+00:00"}], "annotations": [{"id": 4541, "image_id": 803, "category_id": 4, "bbox": [9, 18, 13, 15.5], "area": 201.5, "segmentation": [[21, 33.5, 22, 31.5, 22, 19.5, 20.5, 18, 14.5, 18, 13.5, 19, 10.5, 19, 9, 20.5, 9, 33.5]], "iscrowd": 0}, {"id": 4542, "image_id": 803, "category_id": 2, "bbox": [3, 28, 3, 10], "area": 30, "segmentation": [[6, 37.5, 6, 33.5, 5, 32.5, 6, 29.5, 4.5, 28, 3, 30.5, 4, 31.5, 3, 32.5, 3, 36.5, 4.5, 38]], "iscrowd": 0}, {"id": 4543, "image_id": 803, "category_id": 2, "bbox": [24, 28, 3, 9.5], "area": 28.5, "segmentation": [[26, 37.5, 27, 36.5, 26.5, 28, 25, 29.5, 25, 34.5, 24, 35.5, 24, 37.5]], "iscrowd": 0}, {"id": 4544, "image_id": 803, "category_id": 6, "bbox": [8, 34, 16.268, 17.243], "area": 280.503, "segmentation": [[17.79, 50.21, 20.251, 50.881, 22.963, 44.537, 23.963, 39.537, 22.963, 38.537, 22.963, 36.537, 20.463, 34.037, 9.074, 33.9, 7.695, 39.683, 7.993, 45.074, 9.594, 50.167, 12.004, 51.142, 15.113, 41.482]], "iscrowd": 0}]}