{"categories": [{"id": 0, "name": "body-parts", "supercategory": "none"}, {"id": 1, "name": "Head", "supercategory": "body-parts"}, {"id": 2, "name": "Lower_Arm", "supercategory": "body-parts"}, {"id": 3, "name": "Lower_Leg", "supercategory": "body-parts"}, {"id": 4, "name": "Torso", "supercategory": "body-parts"}, {"id": 5, "name": "Upper_Arm", "supercategory": "body-parts"}, {"id": 6, "name": "Upper_Leg", "supercategory": "body-parts"}], "images": [{"id": 128, "license": 1, "file_name": "12_prone3.jpg", "height": 64, "width": 27, "date_captured": "2023-06-08T19:45:40+00:00"}], "annotations": [{"id": 714, "image_id": 128, "category_id": 3, "bbox": [19, 48, 3.4, 8.7], "area": 29.58, "segmentation": [[22, 56.5, 21.6, 47.8, 18.6, 48, 19, 52.5, 20, 53.5, 20, 56.5]], "iscrowd": 0}, {"id": 715, "image_id": 128, "category_id": 3, "bbox": [9, 48, 5, 8.5], "area": 42.5, "segmentation": [[13, 56.5, 13.2, 51.8, 14, 50.5, 14, 48.5, 10.5, 48, 9.1, 48.1, 9, 50.5, 10.3, 53.4, 11, 56.5]], "iscrowd": 0}, {"id": 716, "image_id": 128, "category_id": 6, "bbox": [8, 34, 16, 14], "area": 224, "segmentation": [[22, 47.5, 23, 43.5, 24, 42.5, 24, 38.5, 23, 37.5, 23, 35.5, 21.5, 34, 14.5, 34, 11.5, 36, 9, 36.5, 9, 38.5, 8, 39.5, 8, 43.5, 9, 44.5, 9, 46.5, 10.5, 48]], "iscrowd": 0}, {"id": 717, "image_id": 128, "category_id": 4, "bbox": [9, 17, 13.3, 17], "area": 226.1, "segmentation": [[22, 33.5, 22, 19.5, 19.5, 17, 12.5, 17, 10.5, 18, 9, 19.5, 9, 24.5, 8.9, 25.6, 8.7, 26.9, 9, 31.5, 10.5, 33, 12.5, 33, 13.5, 34]], "iscrowd": 0}, {"id": 718, "image_id": 128, "category_id": 1, "bbox": [11, 3, 8, 7], "area": 56, "segmentation": [[18, 9.5, 18, 6.5, 19, 5.5, 17.5, 4, 13.5, 3, 11, 4.5, 11, 7.5, 13.5, 10]], "iscrowd": 0}, {"id": 719, "image_id": 128, "category_id": 2, "bbox": [2, 6, 8, 4], "area": 32, "segmentation": [[5, 9.5, 7.5, 9, 10, 7.8, 9.9, 6.1, 2.5, 6, 2, 8.5, 3.5, 10]], "iscrowd": 0}, {"id": 720, "image_id": 128, "category_id": 2, "bbox": [22, 5, 5, 5], "area": 25, "segmentation": [[27, 9.5, 26.5, 5, 23.5, 5, 22, 6.5, 22.5, 8, 26.5, 10]], "iscrowd": 0}]}