{"categories": [{"id": 0, "name": "body-parts", "supercategory": "none"}, {"id": 1, "name": "Head", "supercategory": "body-parts"}, {"id": 2, "name": "Lower_Arm", "supercategory": "body-parts"}, {"id": 3, "name": "Lower_Leg", "supercategory": "body-parts"}, {"id": 4, "name": "Torso", "supercategory": "body-parts"}, {"id": 5, "name": "Upper_Arm", "supercategory": "body-parts"}, {"id": 6, "name": "Upper_Leg", "supercategory": "body-parts"}], "images": [{"id": 611, "license": 1, "file_name": "12_prone5.jpg", "height": 64, "width": 27, "date_captured": "2023-06-08T19:45:40+00:00"}], "annotations": [{"id": 3434, "image_id": 611, "category_id": 4, "bbox": [6, 12, 17.5, 20.7], "area": 362.25, "segmentation": [[21.9, 13.2, 16.1, 14.2, 11.5, 13.3, 7.9, 12.4, 6, 15, 6.3, 19, 7.2, 23.7, 8.1, 27.3, 8.5, 31.6, 9.7, 33.1, 13.7, 32.6, 19.6, 33, 20.8, 28.9, 21.9, 25.3, 22.8, 20.1, 23.5, 16.7]], "iscrowd": 0}, {"id": 3435, "image_id": 611, "category_id": 4, "bbox": [7, 34, 18.799, 17.9], "area": 336.509, "segmentation": [[9, 33.6, 19.6, 33.5, 19.8, 37.4, 19.7, 39.2, 23.1, 42.3, 24.7, 45.4, 25.7, 48.1, 23.9, 50.6, 21.6, 51.2, 17.9, 49.4, 17.701, 47, 15.501, 44.5, 15.001, 48, 12.501, 51.4, 8.901, 48.9, 8.301, 45.3, 6.901, 41.8, 7.001, 37.3]], "iscrowd": 0}]}