{"categories": [{"id": 0, "name": "body-parts", "supercategory": "none"}, {"id": 1, "name": "Head", "supercategory": "body-parts"}, {"id": 2, "name": "Lower_Arm", "supercategory": "body-parts"}, {"id": 3, "name": "Lower_Leg", "supercategory": "body-parts"}, {"id": 4, "name": "Torso", "supercategory": "body-parts"}, {"id": 5, "name": "Upper_Arm", "supercategory": "body-parts"}, {"id": 6, "name": "Upper_Leg", "supercategory": "body-parts"}], "images": [{"id": 1383, "license": 1, "file_name": "12_prone4.jpg", "height": 64, "width": 27, "date_captured": "2023-06-08T19:45:40+00:00"}], "annotations": [{"id": 7806, "image_id": 1383, "category_id": 1, "bbox": [10, 5, 7.5, 6.7], "area": 50.25, "segmentation": [[15.7, 11.1, 13.8, 11.2, 11.7, 11.3, 10.3, 8.4, 12, 5.7, 13.2, 4.6, 15.3, 4.9, 17.3, 6.8, 17.6, 8.1, 17.8, 9.9]], "iscrowd": 0}, {"id": 7807, "image_id": 1383, "category_id": 4, "bbox": [8, 13, 15.4, 22.3], "area": 343.42, "segmentation": [[11.6, 13.4, 10, 13.5, 9.4, 14.2, 8.5, 15.2, 7.9, 16.6, 7.8, 18, 8.4, 20.7, 10.3, 23.2, 10.7, 23.9, 11.4, 26.4, 11.6, 29.2, 11.7, 31.2, 12.1, 32.3, 13.2, 35, 15.2, 35.5, 17.8, 34.9, 22.5, 33.8, 23.2, 28.9, 22.8, 24.5, 22.9, 21.9, 23, 19.1, 22.3, 16.2, 21.2, 13.6, 20.1, 13.2, 16, 13.2, 12, 13.3]], "iscrowd": 0}, {"id": 7808, "image_id": 1383, "category_id": 5, "bbox": [3, 13, 7.3, 12.9], "area": 94.17, "segmentation": [[10, 13.5, 8.9, 14.7, 8.2, 16.7, 7.5, 18.8, 6.6, 19.4, 6.4, 20.6, 6, 22.2, 6, 23.3, 5.7, 25, 5.1, 26.3, 3.3, 25.3, 2.7, 24.1, 2.7, 21.1, 2.7, 19.2, 3.2, 17.4, 5.2, 15.1, 6.1, 14.3, 7.3, 13.4]], "iscrowd": 0}, {"id": 7809, "image_id": 1383, "category_id": 5, "bbox": [21, 13, 6.2, 11.5], "area": 71.3, "segmentation": [[20.8, 13.4, 22.2, 12.8, 23.3, 13.6, 24.5, 14.9, 25.7, 16.1, 27, 17.7, 27, 19.2, 27, 22.4, 27, 23.9, 25.9, 24.3, 25.3, 22.4, 25.3, 21.3, 24.9, 20.1, 24.2, 19.5, 22.7, 19.1]], "iscrowd": 0}, {"id": 7810, "image_id": 1383, "category_id": 2, "bbox": [2, 24, 3.2, 12.7], "area": 40.64, "segmentation": [[5.2, 26.4, 5, 28.3, 4.7, 29.2, 4.7, 30.5, 4.7, 31.7, 5, 34, 5.4, 35.3, 5, 36.7, 4, 36, 2.8, 33.5, 2.4, 32.2, 2.2, 30.6, 2.2, 28.3, 2.3, 27, 2.6, 25.2, 2.8, 24]], "iscrowd": 0}, {"id": 7811, "image_id": 1383, "category_id": 2, "bbox": [25, 23, 2, 11.8], "area": 23.6, "segmentation": [[26.1, 23.9, 26.2, 24.8, 26.2, 26.2, 26.4, 27.5, 25.4, 30, 25.4, 30.1, 25.1, 31.3, 25.1, 32.7, 25, 34.3, 25.5, 35.1, 26.2, 35, 26.9, 33.6, 27, 32.7, 27, 24.8, 27, 23.3]], "iscrowd": 0}, {"id": 7812, "image_id": 1383, "category_id": 6, "bbox": [8, 34, 16.3, 18.3], "area": 298.29, "segmentation": [[13.4, 34.4, 12.5, 35.8, 11.9, 37.2, 10.7, 38.9, 9.5, 40.6, 8.5, 42.7, 8, 44.4, 8.4, 47.6, 8.3, 48.5, 9.7, 51, 10.6, 51.7, 12.5, 52, 14.2, 51.1, 15.9, 48.8, 15.8, 46.8, 15.6, 44.3, 15.6, 42.8, 15.9, 41.4, 16.8, 39.2, 17.4, 42.1, 17.6, 44, 17.8, 45.7, 17.8, 47.2, 18.4, 48.7, 18.4, 48.8, 19.8, 50.8, 20.8, 51.9, 22.6, 50.6, 23, 48.1, 23.1, 45.2, 23.6, 43.4, 24, 41.8, 24.3, 39.7, 24.2, 37.9, 23.3, 35.7, 22.3, 33.7]], "iscrowd": 0}]}