{"categories": [{"id": 0, "name": "body-parts", "supercategory": "none"}, {"id": 1, "name": "Head", "supercategory": "body-parts"}, {"id": 2, "name": "Lower_Arm", "supercategory": "body-parts"}, {"id": 3, "name": "Lower_Leg", "supercategory": "body-parts"}, {"id": 4, "name": "Torso", "supercategory": "body-parts"}, {"id": 5, "name": "Upper_Arm", "supercategory": "body-parts"}, {"id": 6, "name": "Upper_Leg", "supercategory": "body-parts"}], "images": [{"id": 99, "license": 1, "file_name": "12_prone1.jpg", "height": 64, "width": 27, "date_captured": "2023-06-08T19:45:40+00:00"}], "annotations": [{"id": 544, "image_id": 99, "category_id": 1, "bbox": [12, 6, 4.9, 4.2], "area": 20.58, "segmentation": [[16.6, 10.5, 17, 8.5, 14.4, 6.3, 12.5, 7.1, 12.1, 10.1]], "iscrowd": 0}, {"id": 545, "image_id": 99, "category_id": 4, "bbox": [7, 13, 17.4, 20.5], "area": 356.7, "segmentation": [[23, 33.5, 23, 25.5, 24, 24.5, 24, 18.5, 24, 17.1, 24, 15.5, 21.5, 13, 19.5, 14, 7.5, 14, 6.6, 16.7, 7, 18.5, 7, 23.5, 8, 24.5, 8, 27.5, 9, 28.5, 9, 33.5]], "iscrowd": 0}, {"id": 546, "image_id": 99, "category_id": 5, "bbox": [4, 15, 3.4, 13.2], "area": 44.88, "segmentation": [[7, 27.5, 6.5, 25.1, 6.5, 15, 5, 16.5, 5, 18.5, 4, 19.5, 3.6, 26.4, 4.1, 28.2]], "iscrowd": 0}, {"id": 547, "image_id": 99, "category_id": 2, "bbox": [4, 28, 3, 9.8], "area": 29.4, "segmentation": [[7, 37.5, 7, 35.5, 6, 34.5, 5.6, 28.2, 4.2, 28.2, 4, 36.5, 5.5, 38]], "iscrowd": 0}, {"id": 548, "image_id": 99, "category_id": 5, "bbox": [24, 16, 2.2, 11.5], "area": 25.3, "segmentation": [[25.1, 27.2, 26, 26.1, 26, 26.6, 25.5, 16, 23.8, 15.7, 24, 19.5, 24, 26.6]], "iscrowd": 0}, {"id": 549, "image_id": 99, "category_id": 2, "bbox": [24, 29, 3.2, 7.8], "area": 24.96, "segmentation": [[26, 36.5, 27, 35.5, 26.5, 29.2, 24.1, 30, 23.8, 33.6, 24, 35.5, 25.5, 37]], "iscrowd": 0}, {"id": 550, "image_id": 99, "category_id": 6, "bbox": [8, 34, 16, 14], "area": 224, "segmentation": [[23, 47.5, 23, 44.5, 24, 43.5, 24, 36.5, 21.5, 34, 11.5, 34, 9, 36.5, 8, 38.5, 8, 44.5, 10.5, 48]], "iscrowd": 0}, {"id": 551, "image_id": 99, "category_id": 3, "bbox": [9, 48, 4, 6.5], "area": 26, "segmentation": [[11, 54.5, 12, 53.5, 12.8, 50.8, 13, 49.5, 11.5, 48, 9.5, 48, 9, 51.5, 10, 52.5, 10.3, 54.2]], "iscrowd": 0}, {"id": 552, "image_id": 99, "category_id": 3, "bbox": [19, 48, 4, 5], "area": 20, "segmentation": [[23, 52.5, 23, 48.5, 19.5, 48, 19, 50.5, 21.5, 53]], "iscrowd": 0}]}