{"categories": [{"id": 0, "name": "body-parts", "supercategory": "none"}, {"id": 1, "name": "Head", "supercategory": "body-parts"}, {"id": 2, "name": "Lower_Arm", "supercategory": "body-parts"}, {"id": 3, "name": "Lower_Leg", "supercategory": "body-parts"}, {"id": 4, "name": "Torso", "supercategory": "body-parts"}, {"id": 5, "name": "Upper_Arm", "supercategory": "body-parts"}, {"id": 6, "name": "Upper_Leg", "supercategory": "body-parts"}], "images": [{"id": 1222, "license": 1, "file_name": "12_right6.jpg", "height": 64, "width": 27, "date_captured": "2023-06-08T19:45:40+00:00"}], "annotations": [{"id": 6889, "image_id": 1222, "category_id": 3, "bbox": [9, 45, 7.8, 18.5], "area": 144.3, "segmentation": [[14.6, 59.5, 14.8, 52.9, 16.3, 47.2, 14.3, 45, 10.1, 45.3, 9.7, 49.7, 10.2, 56.3, 9.9, 60.9, 8.5, 63.5, 11.4, 63.5, 14.7, 59.5]], "iscrowd": 0}, {"id": 6890, "image_id": 1222, "category_id": 6, "bbox": [10, 27, 15, 17.3], "area": 259.5, "segmentation": [[10.2, 44.4, 14.6, 44.4, 15.9, 41.7, 18.5, 39.4, 21.3, 37.4, 24, 34.5, 24.7, 31.4, 24.6, 28.3, 22.9, 27.1, 13.4, 27.6, 11.3, 31.4, 9.7, 34.7, 9.8, 38.4]], "iscrowd": 0}, {"id": 6891, "image_id": 1222, "category_id": 4, "bbox": [13, 13, 11.2, 14.1], "area": 157.92, "segmentation": [[23.4, 26.3, 12.7, 26.9, 12.7, 22.8, 12.9, 19.3, 14, 16.8, 16.1, 14.4, 19.3, 12.8, 22.4, 15.4, 23.6, 19.2, 23.9, 23]], "iscrowd": 0}, {"id": 6892, "image_id": 1222, "category_id": 5, "bbox": [8, 14, 12.7, 8], "area": 101.6, "segmentation": [[7.5, 19.8, 12, 17, 15.5, 14.2, 20.2, 13.7, 20, 16.6, 10.9, 20.8, 8.3, 21.7]], "iscrowd": 0}, {"id": 6893, "image_id": 1222, "category_id": 2, "bbox": [6, 8, 10.7, 10.9], "area": 116.63, "segmentation": [[6.3, 18.5, 7, 13.1, 10.1, 10, 13.3, 8, 16.3, 9.1, 17, 11, 14.1, 12.5, 11.3, 14.7, 9.2, 17.4, 8.1, 18.9]], "iscrowd": 0}]}