{"categories": [{"id": 0, "name": "body-parts", "supercategory": "none"}, {"id": 1, "name": "Head", "supercategory": "body-parts"}, {"id": 2, "name": "Lower_Arm", "supercategory": "body-parts"}, {"id": 3, "name": "Lower_Leg", "supercategory": "body-parts"}, {"id": 4, "name": "Torso", "supercategory": "body-parts"}, {"id": 5, "name": "Upper_Arm", "supercategory": "body-parts"}, {"id": 6, "name": "Upper_Leg", "supercategory": "body-parts"}], "images": [{"id": 556, "license": 1, "file_name": "12_right2.jpg", "height": 64, "width": 27, "date_captured": "2023-06-08T19:45:40+00:00"}], "annotations": [{"id": 3131, "image_id": 556, "category_id": 1, "bbox": [12, 1, 6, 4], "area": 24, "segmentation": [[16, 4.5, 18, 3.5, 18, 2.5, 16.5, 1, 12, 1.5, 12.5, 4, 14.5, 5]], "iscrowd": 0}, {"id": 3132, "image_id": 556, "category_id": 4, "bbox": [11, 8, 11, 18], "area": 198, "segmentation": [[18, 25.5, 22, 24.5, 22, 18.5, 21, 17.5, 22, 16.5, 22, 14.5, 20.5, 13, 19.5, 13, 16.5, 9, 14.5, 8, 13.5, 9, 11, 9.5, 11, 13.5, 13.5, 16, 15, 16.5, 15, 24.5, 17.5, 26]], "iscrowd": 0}, {"id": 3133, "image_id": 556, "category_id": 6, "bbox": [9, 25, 14, 18], "area": 252, "segmentation": [[11, 42.5, 11, 41.5, 12.5, 41, 15.5, 37, 19.5, 37, 22, 35.5, 22, 33.5, 23, 32.5, 23, 27.5, 21.5, 25, 15, 25.5, 15, 29.5, 14, 31.5, 10, 34.5, 10, 38.5, 9, 39.5, 9, 41.5, 10.5, 43]], "iscrowd": 0}, {"id": 3134, "image_id": 556, "category_id": 3, "bbox": [10, 41, 17, 12.5], "area": 212.5, "segmentation": [[27, 53.5, 27, 47.5, 25.5, 46, 22.5, 46, 20.5, 44, 18.5, 44, 15.5, 41, 10, 41.5, 10, 43.5, 13.5, 46, 16.5, 46, 17.5, 47, 21.5, 47, 23.5, 48, 24, 50.5, 25, 51.5, 25, 53.5]], "iscrowd": 0}, {"id": 3135, "image_id": 556, "category_id": 5, "bbox": [7, 8, 6, 15.5], "area": 93, "segmentation": [[8, 23.5, 10, 21.5, 11, 17.5, 12, 16.5, 12, 10.5, 13, 9.5, 10.5, 8, 8, 10.5, 8, 18.5, 7, 19.5, 7, 23.5]], "iscrowd": 0}]}