{"categories": [{"id": 0, "name": "body-parts", "supercategory": "none"}, {"id": 1, "name": "Head", "supercategory": "body-parts"}, {"id": 2, "name": "Lower_Arm", "supercategory": "body-parts"}, {"id": 3, "name": "Lower_Leg", "supercategory": "body-parts"}, {"id": 4, "name": "Torso", "supercategory": "body-parts"}, {"id": 5, "name": "Upper_Arm", "supercategory": "body-parts"}, {"id": 6, "name": "Upper_Leg", "supercategory": "body-parts"}], "images": [{"id": 129, "license": 1, "file_name": "12_right7.jpg", "height": 64, "width": 27, "date_captured": "2023-06-08T19:45:40+00:00"}], "annotations": [{"id": 721, "image_id": 129, "category_id": 3, "bbox": [9, 48, 6, 16], "area": 96, "segmentation": [[12, 63.5, 15, 60.5, 15, 49.5, 13.5, 48, 11, 48.5, 11, 55.5, 12, 56.5, 12, 58.5, 9, 62.5, 9.5, 64]], "iscrowd": 0}, {"id": 722, "image_id": 129, "category_id": 6, "bbox": [11, 26, 12, 21.5], "area": 258, "segmentation": [[15, 47.5, 14, 45.5, 14, 41.5, 15.5, 41, 20.5, 36, 21.5, 36, 23, 34.5, 22.5, 26, 13, 26.5, 13, 30.5, 11, 34.5, 11, 47.5]], "iscrowd": 0}, {"id": 723, "image_id": 129, "category_id": 4, "bbox": [12, 9, 11, 17.045], "area": 187.497, "segmentation": [[23, 25.5, 23, 19.5, 22.393, 9.355, 12.251, 8.955, 13, 19.5, 12, 20.5, 14, 23.5, 13, 24.5, 14.5, 26]], "iscrowd": 0}, {"id": 724, "image_id": 129, "category_id": 5, "bbox": [6, 9, 6.513, 13.307], "area": 86.677, "segmentation": [[8.79, 19.177, 9.034, 17.153, 12.455, 15.033, 12.513, 8.693, 8.098, 14.179, 7.5, 16, 6, 16.5, 6, 19.5, 7.5, 21, 9.5, 22]], "iscrowd": 0}]}