{"categories": [{"id": 0, "name": "body-parts", "supercategory": "none"}, {"id": 1, "name": "Head", "supercategory": "body-parts"}, {"id": 2, "name": "Lower_Arm", "supercategory": "body-parts"}, {"id": 3, "name": "Lower_Leg", "supercategory": "body-parts"}, {"id": 4, "name": "Torso", "supercategory": "body-parts"}, {"id": 5, "name": "Upper_Arm", "supercategory": "body-parts"}, {"id": 6, "name": "Upper_Leg", "supercategory": "body-parts"}], "images": [{"id": 886, "license": 1, "file_name": "12_supine5.jpg", "height": 64, "width": 27, "date_captured": "2023-06-08T19:45:40+00:00"}], "annotations": [{"id": 4994, "image_id": 886, "category_id": 1, "bbox": [9, 3, 12, 5], "area": 60, "segmentation": [[16, 7.5, 20.5, 7, 21, 4.5, 18.5, 4, 17.5, 3, 11.5, 3, 9, 4.5, 9, 5.5, 10.5, 7, 12.5, 7, 13.5, 8]], "iscrowd": 0}, {"id": 4995, "image_id": 886, "category_id": 4, "bbox": [7, 13, 16, 17], "area": 272, "segmentation": [[21, 29.5, 21, 23.5, 22, 22.5, 22, 18.5, 23, 17.5, 22, 14.5, 19.5, 13, 9.5, 13, 9, 14.5, 7, 15.5, 8, 17.5, 7, 18.5, 8, 19.5, 8, 24.5, 9, 25.5, 9, 27.5, 10.5, 29, 18.5, 29, 19.5, 30]], "iscrowd": 0}, {"id": 4996, "image_id": 886, "category_id": 6, "bbox": [8, 29, 12.306, 17], "area": 209.209, "segmentation": [[17, 45.573, 19, 44.573, 19, 39.573, 20, 38.573, 19, 36.573, 20, 35.573, 20, 31.573, 18.5, 30.073, 16.5, 30.073, 15.5, 29.073, 8.405, 29.412, 7.694, 37.636, 9.697, 43.004, 11.354, 45.754, 14.602, 37.276, 15.5, 46.073]], "iscrowd": 0}, {"id": 4997, "image_id": 886, "category_id": 3, "bbox": [8, 50, 6, 13.5], "area": 81, "segmentation": [[13, 63.5, 12, 62.5, 12, 57.5, 14, 54.5, 13, 53.5, 13, 51.5, 11.5, 50, 10.5, 50, 9, 51.5, 8, 54.5, 10, 58.5, 10, 63.5]], "iscrowd": 0}, {"id": 4998, "image_id": 886, "category_id": 3, "bbox": [16, 48, 4, 7.5], "area": 30, "segmentation": [[18, 55.5, 20, 53.5, 20, 49.5, 18.5, 48, 16.5, 48, 16, 55.5]], "iscrowd": 0}, {"id": 4999, "image_id": 886, "category_id": 5, "bbox": [3, 15, 3, 13.5], "area": 40.5, "segmentation": [[5, 28.5, 6, 26.5, 5.5, 15, 3, 18.5, 3, 28.5]], "iscrowd": 0}, {"id": 5000, "image_id": 886, "category_id": 5, "bbox": [22, 13, 4, 12.5], "area": 50, "segmentation": [[25, 25.5, 26, 24.5, 26, 18.5, 25, 17.5, 25, 15.5, 22.5, 13, 22, 14.5, 23, 15.5, 23, 18.5, 24, 19.5, 23, 22.5, 24, 23.5, 24, 25.5]], "iscrowd": 0}]}