{"categories": [{"id": 0, "name": "body-parts", "supercategory": "none"}, {"id": 1, "name": "Head", "supercategory": "body-parts"}, {"id": 2, "name": "Lower_Arm", "supercategory": "body-parts"}, {"id": 3, "name": "Lower_Leg", "supercategory": "body-parts"}, {"id": 4, "name": "Torso", "supercategory": "body-parts"}, {"id": 5, "name": "Upper_Arm", "supercategory": "body-parts"}, {"id": 6, "name": "Upper_Leg", "supercategory": "body-parts"}], "images": [{"id": 1280, "license": 1, "file_name": "12_supine6.jpg", "height": 64, "width": 27, "date_captured": "2023-06-08T19:45:40+00:00"}], "annotations": [{"id": 7233, "image_id": 1280, "category_id": 1, "bbox": [12, 3, 6, 8.8], "area": 52.8, "segmentation": [[12.5, 11.2, 12.1, 8, 12.2, 5.5, 14, 3.1, 16.1, 3.1, 17.7, 4, 18.1, 6, 17.9, 8.8, 16.9, 10.8, 14.1, 11.9]], "iscrowd": 0}, {"id": 7234, "image_id": 1280, "category_id": 3, "bbox": [9, 50, 4.7, 13.8], "area": 64.86, "segmentation": [[11.6, 50.2, 10.1, 50.7, 9.2, 51.8, 8.7, 52.7, 8.6, 54.1, 8.8, 56.2, 8.9, 57.7, 9.1, 59.6, 9.1, 61.4, 9.1, 63, 9.7, 64, 11.4, 64, 11.9, 61.3, 11.9, 58.1, 13, 55.7, 13.1, 53.7, 13.3, 51]], "iscrowd": 0}, {"id": 7235, "image_id": 1280, "category_id": 3, "bbox": [16, 50, 5.3, 14.3], "area": 75.79, "segmentation": [[15.9, 53.6, 17.1, 51.4, 17.4, 50.1, 18.5, 49.7, 20, 50.6, 20.6, 51.9, 21.2, 53.7, 20.6, 56, 20.1, 58.1, 19.9, 60.1, 19.9, 62, 19.9, 63.2, 19.8, 64, 17.5, 64, 17.9, 62.9, 18, 60.9, 18, 59.2, 17.7, 58.2, 17.1, 57.1, 16.3, 55.5]], "iscrowd": 0}, {"id": 7236, "image_id": 1280, "category_id": 6, "bbox": [8, 29, 15.1, 18], "area": 271.8, "segmentation": [[12.7, 46.7, 11.1, 46.3, 9.4, 45.4, 8.3, 42.5, 8.5, 41.1, 8.5, 39.5, 7.7, 37.3, 7.6, 36.3, 7.6, 34.4, 7.6, 32.5, 8.1, 30.8, 8.6, 29.5, 10.1, 28.8, 12, 28.7, 20.9, 29.4, 21.8, 30.9, 22.5, 33.3, 22.5, 36, 22.7, 38.5, 22.5, 40.3, 21.7, 42.3, 21.3, 44, 20.8, 45.2, 20.4, 45.9, 19.2, 46.2, 18.2, 46.4, 17.4, 46, 17, 44.8, 16.3, 42.8, 16.2, 42.6, 16.3, 40.7, 15.8, 39.8, 14.7, 39, 14.4, 39.3, 14.2, 40.2, 14.2, 41.4, 13.8, 42.2, 12.9, 44.4]], "iscrowd": 0}, {"id": 7237, "image_id": 1280, "category_id": 4, "bbox": [8, 13, 14.1, 17.4], "area": 245.34, "segmentation": [[10.3, 29.1, 9.2, 27.1, 8.2, 23.8, 8, 21.9, 7.9, 20, 8.1, 18.2, 8.4, 16.7, 9, 15.3, 9.5, 13.4, 12.9, 12.5, 16.3, 12.7, 19.8, 13.1, 21.5, 14, 22, 16.5, 22, 18.8, 22, 21.3, 21.4, 24.9, 21, 27.7, 20.5, 29.9]], "iscrowd": 0}, {"id": 7238, "image_id": 1280, "category_id": 5, "bbox": [3, 13, 6.3, 11.1], "area": 69.93, "segmentation": [[9.6, 13.2, 7.4, 13.8, 5.8, 15.8, 4.1, 18.4, 3.3, 21.7, 3.3, 23.8, 5.7, 24.3, 6.4, 21.5, 7.4, 19.5, 7.7, 19.3, 8.7, 18.4]], "iscrowd": 0}, {"id": 7239, "image_id": 1280, "category_id": 5, "bbox": [21, 14, 5.2, 10.6], "area": 55.12, "segmentation": [[21.2, 13.9, 21.7, 20.3, 22.8, 21.5, 23.4, 22.4, 24.4, 23.9, 25.1, 24.5, 26.2, 23.4, 26.4, 22.1, 26, 20.8, 25.3, 19.4, 25.3, 17.7, 24.9, 16.3, 23.3, 14.8]], "iscrowd": 0}, {"id": 7240, "image_id": 1280, "category_id": 2, "bbox": [25, 22, 1.8, 6.9], "area": 12.42, "segmentation": [[25.2, 24.3, 25.4, 25.9, 26.3, 27.8, 26.6, 29.1, 27, 28.2, 27, 25.6, 27, 23.2, 27, 22.6, 25.8, 22.2]], "iscrowd": 0}, {"id": 7241, "image_id": 1280, "category_id": 2, "bbox": [2, 23, 3.4, 12.7], "area": 43.18, "segmentation": [[5.8, 24.1, 5.7, 25.7, 5.5, 26.6, 5.2, 28.4, 5.5, 31.5, 5.5, 34, 4.2, 35.9, 3.5, 34.4, 2.8, 31.9, 2.8, 29.9, 2.4, 26.9, 2.8, 24.9, 3.7, 23.2]], "iscrowd": 0}]}