{"categories": [{"id": 0, "name": "body-parts", "supercategory": "none"}, {"id": 1, "name": "Head", "supercategory": "body-parts"}, {"id": 2, "name": "Lower_Arm", "supercategory": "body-parts"}, {"id": 3, "name": "Lower_Leg", "supercategory": "body-parts"}, {"id": 4, "name": "Torso", "supercategory": "body-parts"}, {"id": 5, "name": "Upper_Arm", "supercategory": "body-parts"}, {"id": 6, "name": "Upper_Leg", "supercategory": "body-parts"}], "images": [{"id": 247, "license": 1, "file_name": "12_supine2.jpg", "height": 64, "width": 27, "date_captured": "2023-06-08T19:45:40+00:00"}], "annotations": [{"id": 1393, "image_id": 247, "category_id": 1, "bbox": [10, 3, 8.4, 6], "area": 50.4, "segmentation": [[14.5, 9.2, 13.2, 8.7, 11.9, 8.2, 10.6, 7.5, 9.7, 5.9, 11, 4.2, 12.6, 3.2, 15.9, 3.6, 18, 4.1, 18.1, 5.3, 17.2, 6.4, 15.6, 7.6]], "iscrowd": 0}, {"id": 1394, "image_id": 247, "category_id": 3, "bbox": [12, 49, 6.9, 14.7], "area": 101.43, "segmentation": [[18.4, 49.6, 16, 49.3, 15, 50, 13.9, 51.9, 13.4, 53.6, 13.7, 56, 13.8, 59.8, 13.3, 61, 11.5, 63.7, 11.7, 64, 15.6, 64, 16.7, 63.5, 16, 61.1, 16.6, 58.7, 17.6, 56.8, 18.4, 53.7]], "iscrowd": 0}, {"id": 1395, "image_id": 247, "category_id": 2, "bbox": [3, 26, 3.4, 13.8], "area": 46.92, "segmentation": [[6.2, 25.5, 4, 25.9, 3.7, 28.8, 2.8, 31.8, 2.9, 34.5, 3.1, 37.1, 5, 39.3, 5.2, 37.3, 5.4, 34.7, 5.7, 31.5, 6.1, 29.1]], "iscrowd": 0}, {"id": 1396, "image_id": 247, "category_id": 2, "bbox": [24, 25, 2.6, 11.4], "area": 29.64, "segmentation": [[24.3, 24.7, 26.4, 24.7, 26.8, 26, 26.9, 28.1, 26.7, 30.6, 26.8, 33.7, 26.9, 36.1, 25.3, 34.3, 25.1, 32.8, 24.9, 30.1, 24.4, 26.7]], "iscrowd": 0}, {"id": 1397, "image_id": 247, "category_id": 5, "bbox": [3, 12, 7.3, 13.5], "area": 98.55, "segmentation": [[3.6, 25.2, 6.4, 24.7, 6.4, 22.9, 6.5, 20.9, 7.1, 19.4, 8.2, 17.4, 9.1, 15.9, 10, 12.9, 8.9, 11.7, 6.6, 13.5, 3.4, 18.5, 2.7, 22.4]], "iscrowd": 0}, {"id": 1398, "image_id": 247, "category_id": 5, "bbox": [22, 12, 5.3, 11.5], "area": 60.95, "segmentation": [[22.2, 12.4, 23.8, 14.4, 25.6, 17.5, 26.9, 19.9, 27, 20.9, 26.7, 23.9, 25.9, 23.9, 24.8, 22.5, 23.7, 20.6, 22.9, 18.6, 22.3, 17.1, 21.7, 14.5]], "iscrowd": 0}, {"id": 1399, "image_id": 247, "category_id": 4, "bbox": [8, 11, 14.7, 18], "area": 264.6, "segmentation": [[8.8, 11.6, 13.3, 10.8, 19.3, 11.3, 22.3, 11.7, 22.3, 14, 22.5, 16.9, 22.7, 20.5, 21.7, 23.3, 20, 25.9, 19.4, 28.8, 15, 28.8, 9.4, 28.8, 8.5, 27.3, 8.1, 23.5, 8, 20.1, 8.6, 18]], "iscrowd": 0}, {"id": 1400, "image_id": 247, "category_id": 6, "bbox": [8, 29, 14.3, 17.7], "area": 253.11, "segmentation": [[9.3, 28.7, 18.9, 28.7, 20.7, 30.1, 21.2, 31.4, 21.7, 34.5, 21.8, 36.2, 20.8, 38.9, 20.2, 40.4, 19.8, 42.5, 19.1, 44.2, 18.4, 45.8, 18, 46.4, 16.8, 46.4, 15.5, 46.1, 15, 44.8, 15, 43.1, 15, 40.9, 14.9, 39.3, 13.9, 38.6, 13.5, 39.7, 13.5, 41, 13.3, 41.8, 12.8, 42.5, 11.5, 42.8, 10.2, 42.2, 9.2, 41.5, 8.3, 40.2, 7.5, 37.8, 7.7, 34.7]], "iscrowd": 0}]}