{"categories": [{"id": 0, "name": "body-parts", "supercategory": "none"}, {"id": 1, "name": "Head", "supercategory": "body-parts"}, {"id": 2, "name": "Lower_Arm", "supercategory": "body-parts"}, {"id": 3, "name": "Lower_Leg", "supercategory": "body-parts"}, {"id": 4, "name": "Torso", "supercategory": "body-parts"}, {"id": 5, "name": "Upper_Arm", "supercategory": "body-parts"}, {"id": 6, "name": "Upper_Leg", "supercategory": "body-parts"}], "images": [{"id": 1630, "license": 1, "file_name": "12_supine3.jpg", "height": 64, "width": 27, "date_captured": "2023-06-08T19:45:40+00:00"}], "annotations": [{"id": 9188, "image_id": 1630, "category_id": 6, "bbox": [7, 28, 14.8, 17.2], "area": 254.56, "segmentation": [[8.2, 28.2, 20.6, 28.3, 21.5, 31.6, 21.1, 36.9, 20.7, 40.7, 19.7, 44.5, 18.3, 45.4, 14.4, 44.6, 12.2, 45.3, 9.8, 45, 8.4, 42.5, 7.9, 39, 6.9, 35.2, 6.7, 31.3]], "iscrowd": 0}, {"id": 9189, "image_id": 1630, "category_id": 3, "bbox": [8, 50, 11.2, 14.2], "area": 159.04, "segmentation": [[8.5, 52.1, 9.5, 50.3, 11.9, 50.4, 13.4, 52.3, 15, 51.5, 17.1, 49.8, 19.5, 51, 19.4, 54.6, 18.7, 57.8, 17.9, 59.9, 17.4, 62.2, 17.1, 63.8, 14.6, 63.6, 15.3, 60.2, 14.6, 57.6, 13.2, 56.1, 12, 58.1, 11.8, 61.4, 12.5, 63.5, 11.8, 64, 8.9, 64, 8.8, 62.9, 9.5, 60.6, 8.7, 56.9, 8.3, 54.1]], "iscrowd": 0}, {"id": 9190, "image_id": 1630, "category_id": 4, "bbox": [8, 12, 13.6, 15.8], "area": 214.88, "segmentation": [[20.3, 27.5, 9.1, 27.3, 8.2, 24.3, 7.6, 20.1, 7.7, 17.1, 7.6, 14.7, 8.4, 12.6, 10.8, 11.7, 17.2, 11.7, 21.1, 13, 21.2, 18.3, 20.9, 24.6]], "iscrowd": 0}, {"id": 9191, "image_id": 1630, "category_id": 5, "bbox": [19, 5, 7.7, 9.5], "area": 73.15, "segmentation": [[22.4, 14.9, 25.2, 11.6, 26.6, 8, 26.7, 6.1, 24.9, 5.4, 23.5, 7.5, 21, 10.7, 19, 11.9, 19.5, 14.3]], "iscrowd": 0}, {"id": 9192, "image_id": 1630, "category_id": 5, "bbox": [3, 6, 7.6, 9.6], "area": 72.96, "segmentation": [[10.6, 12.6, 10.3, 14.7, 7.8, 15.5, 5.9, 13, 4.8, 10, 3.1, 7.5, 3, 5.9, 4.6, 5.9, 6.5, 8.5, 8.5, 11.1]], "iscrowd": 0}, {"id": 9193, "image_id": 1630, "category_id": 2, "bbox": [9, 5, 12.1, 4], "area": 48.4, "segmentation": [[20.3, 7.9, 16.2, 9.3, 12.9, 9, 10.6, 7.9, 9, 6.9, 10.4, 5.4, 13.9, 5.4, 16.5, 5.3, 19.5, 6.1, 21.1, 6.8, 19.6, 8.2]], "iscrowd": 0}]}