{"categories": [{"id": 0, "name": "body-parts", "supercategory": "none"}, {"id": 1, "name": "Head", "supercategory": "body-parts"}, {"id": 2, "name": "Lower_Arm", "supercategory": "body-parts"}, {"id": 3, "name": "Lower_Leg", "supercategory": "body-parts"}, {"id": 4, "name": "Torso", "supercategory": "body-parts"}, {"id": 5, "name": "Upper_Arm", "supercategory": "body-parts"}, {"id": 6, "name": "Upper_Leg", "supercategory": "body-parts"}], "images": [{"id": 663, "license": 1, "file_name": "12_supine7.jpg", "height": 64, "width": 27, "date_captured": "2023-06-08T19:45:40+00:00"}], "annotations": [{"id": 3715, "image_id": 663, "category_id": 1, "bbox": [11, 3, 9.8, 6.3], "area": 61.74, "segmentation": [[20, 8.5, 20.3, 7.8, 20.2, 5.6, 19.8, 4.4, 19, 3, 10.9, 3.7, 10.5, 8, 12, 9.3, 13.5, 9]], "iscrowd": 0}, {"id": 3716, "image_id": 663, "category_id": 4, "bbox": [7, 13, 16, 14.5], "area": 232, "segmentation": [[22, 27.5, 23, 16.5, 19.5, 13, 10.5, 13, 8, 15.5, 8, 17.5, 7, 18.5, 8, 20.5, 8, 25.5, 9, 27.5]], "iscrowd": 0}, {"id": 3717, "image_id": 663, "category_id": 6, "bbox": [8, 28, 14, 11], "area": 154, "segmentation": [[21, 38.5, 22, 37.5, 21.5, 28, 9, 28.5, 8, 30.5, 8, 37.5, 9.5, 39]], "iscrowd": 0}, {"id": 3718, "image_id": 663, "category_id": 3, "bbox": [6, 42, 19, 14], "area": 266, "segmentation": [[22, 55.5, 24, 54.5, 24, 50.5, 23, 49.5, 23, 48.5, 25, 46.5, 24, 44.5, 21.5, 42, 10.5, 42, 9, 43.5, 9, 45.5, 6, 49.5, 6, 52.5, 8.5, 55, 15.5, 55, 16.5, 56]], "iscrowd": 0}, {"id": 3719, "image_id": 663, "category_id": 2, "bbox": [0, 20, 5, 13], "area": 65, "segmentation": [[5, 32.5, 5, 21.5, 0.5, 20, 0, 28.5, 2.5, 33]], "iscrowd": 0}, {"id": 3720, "image_id": 663, "category_id": 2, "bbox": [26, 21, 1, 13.5], "area": 13.5, "segmentation": [[27, 34.5, 26.5, 21, 26, 34.5]], "iscrowd": 0}]}