{"categories": [{"id": 0, "name": "body-parts", "supercategory": "none"}, {"id": 1, "name": "Head", "supercategory": "body-parts"}, {"id": 2, "name": "Lower_Arm", "supercategory": "body-parts"}, {"id": 3, "name": "Lower_Leg", "supercategory": "body-parts"}, {"id": 4, "name": "Torso", "supercategory": "body-parts"}, {"id": 5, "name": "Upper_Arm", "supercategory": "body-parts"}, {"id": 6, "name": "Upper_Leg", "supercategory": "body-parts"}], "images": [{"id": 1608, "license": 1, "file_name": "17_left7.jpg", "height": 64, "width": 27, "date_captured": "2023-06-08T19:45:40+00:00"}], "annotations": [{"id": 9071, "image_id": 1608, "category_id": 6, "bbox": [11, 33, 11.1, 14.7], "area": 163.17, "segmentation": [[18.5, 33.4, 13.8, 32.7, 11.7, 34.3, 11.4, 37.8, 11.6, 41.7, 13.1, 44.5, 14.4, 47.2, 17.3, 47.4, 20.9, 47.3, 22.5, 47.2, 22.1, 42.9, 22, 39.6, 21.4, 36.4, 20.6, 34.3]], "iscrowd": 0}, {"id": 9072, "image_id": 1608, "category_id": 3, "bbox": [14, 47, 8.1, 16.3], "area": 132.03, "segmentation": [[17, 62.7, 19.2, 56.3, 20.7, 53.1, 22.2, 49.1, 21.9, 47.6, 18.8, 46.8, 16.1, 47.7, 15.8, 49.8, 15.6, 52.2, 14.6, 54.8, 14.1, 57.7, 14.5, 60.3, 15, 61.8, 15.7, 63.1]], "iscrowd": 0}, {"id": 9073, "image_id": 1608, "category_id": 4, "bbox": [12, 17, 8.2, 16.4], "area": 134.48, "segmentation": [[19.8, 33.4, 12.8, 32.6, 12.6, 26.8, 12.6, 23, 12.1, 19.4, 14, 17, 15.5, 17.7, 14.1, 20.2, 16.1, 21.4, 19.1, 22.6, 20.3, 23.5, 19.9, 26, 19.2, 27.1, 20.1, 30.6]], "iscrowd": 0}, {"id": 9074, "image_id": 1608, "category_id": 5, "bbox": [14, 17, 11.2, 5.1], "area": 57.12, "segmentation": [[17, 21.4, 22.4, 21.5, 25, 21.4, 24.3, 19.2, 21.2, 18, 18.3, 17, 16.2, 16.8, 14.8, 18.3, 13.8, 20.4, 15.3, 21.9]], "iscrowd": 0}, {"id": 9075, "image_id": 1608, "category_id": 2, "bbox": [22, 21, 3.2, 3.8], "area": 12.16, "segmentation": [[23.3, 25.1, 21.9, 23.1, 22, 21.7, 24, 21.3, 25.1, 22.7, 24.4, 24.6]], "iscrowd": 0}, {"id": 9076, "image_id": 1608, "category_id": 2, "bbox": [25, 18, 2, 3.6], "area": 7.2, "segmentation": [[25, 18.5, 25.2, 20.5, 26.7, 21.3, 27, 21.1, 27, 17.7]], "iscrowd": 0}]}