{"categories": [{"id": 0, "name": "body-parts", "supercategory": "none"}, {"id": 1, "name": "Head", "supercategory": "body-parts"}, {"id": 2, "name": "Lower_Arm", "supercategory": "body-parts"}, {"id": 3, "name": "Lower_Leg", "supercategory": "body-parts"}, {"id": 4, "name": "Torso", "supercategory": "body-parts"}, {"id": 5, "name": "Upper_Arm", "supercategory": "body-parts"}, {"id": 6, "name": "Upper_Leg", "supercategory": "body-parts"}], "images": [{"id": 1020, "license": 1, "file_name": "17_left1.jpg", "height": 64, "width": 27, "date_captured": "2023-06-08T19:45:40+00:00"}], "annotations": [{"id": 5750, "image_id": 1020, "category_id": 1, "bbox": [13, 11, 5, 4], "area": 20, "segmentation": [[17, 14.5, 18, 13.5, 17.5, 11, 14.5, 11, 13, 12.5, 13, 13.5, 14.5, 15]], "iscrowd": 0}, {"id": 5751, "image_id": 1020, "category_id": 4, "bbox": [13, 17, 9, 15.5], "area": 139.5, "segmentation": [[19, 32.5, 20, 31.5, 20, 26.5, 21, 25.5, 22, 18.5, 19.5, 17, 14.5, 17, 13, 18.5, 13, 28.5, 14, 29.5, 14, 32.5]], "iscrowd": 0}, {"id": 5752, "image_id": 1020, "category_id": 5, "bbox": [21, 19, 6, 4], "area": 24, "segmentation": [[26, 22.5, 27, 21.5, 25.5, 20, 23.5, 20, 22.5, 19, 21, 21.5, 21.5, 23]], "iscrowd": 0}, {"id": 5753, "image_id": 1020, "category_id": 6, "bbox": [12, 34, 10, 14], "area": 140, "segmentation": [[21, 47.5, 22, 46.5, 22, 40.5, 21.6, 38.8, 21, 35.5, 19.5, 34, 13.5, 34, 12, 35.5, 12, 41.5, 14, 43.5, 14, 45.5, 17.5, 48]], "iscrowd": 0}, {"id": 5754, "image_id": 1020, "category_id": 3, "bbox": [16, 48, 5.5, 16], "area": 88, "segmentation": [[19, 63.5, 19.6, 59.5, 20.2, 57.2, 21, 51.5, 21.5, 50.3, 21.5, 48, 16, 48.5, 16, 62.5, 17.5, 64]], "iscrowd": 0}]}