{"categories": [{"id": 0, "name": "body-parts", "supercategory": "none"}, {"id": 1, "name": "Head", "supercategory": "body-parts"}, {"id": 2, "name": "Lower_Arm", "supercategory": "body-parts"}, {"id": 3, "name": "Lower_Leg", "supercategory": "body-parts"}, {"id": 4, "name": "Torso", "supercategory": "body-parts"}, {"id": 5, "name": "Upper_Arm", "supercategory": "body-parts"}, {"id": 6, "name": "Upper_Leg", "supercategory": "body-parts"}], "images": [{"id": 152, "license": 1, "file_name": "17_left2.jpg", "height": 64, "width": 27, "date_captured": "2023-06-08T19:45:40+00:00"}], "annotations": [{"id": 856, "image_id": 152, "category_id": 3, "bbox": [1, 48, 21.2, 7], "area": 148.4, "segmentation": [[10.1, 49.5, 13.5, 48.5, 15.8, 48.4, 17.3, 47.5, 20.5, 47.5, 21.8, 48.6, 21.3, 50.8, 19.2, 52.9, 16.1, 53.1, 12.1, 53.1, 9.4, 52.8, 6.9, 52.4, 3.5, 53.2, 2.1, 54.5, 0.8, 53.9, 0.6, 52.4, 1.9, 51.2, 3.7, 50.9, 6.3, 50.8]], "iscrowd": 0}, {"id": 857, "image_id": 152, "category_id": 6, "bbox": [11, 32, 11.3, 16], "area": 180.8, "segmentation": [[21.6, 46.5, 22.1, 42.3, 22.1, 38.9, 21.6, 35.5, 20, 33.1, 16.6, 32, 13.1, 32.4, 11.4, 34.9, 10.9, 38.4, 10.8, 42.1, 12.9, 45.3, 15.8, 47.3, 19.1, 48]], "iscrowd": 0}, {"id": 858, "image_id": 152, "category_id": 4, "bbox": [11, 16, 10.1, 16.5], "area": 166.65, "segmentation": [[19.8, 32.3, 12.3, 31.8, 12.3, 27.9, 11.8, 24.2, 10.8, 20, 11.1, 16.9, 14.4, 15.8, 17.5, 16.5, 18.5, 21.2, 20.4, 23.8, 20.9, 27, 19.9, 29.7]], "iscrowd": 0}, {"id": 859, "image_id": 152, "category_id": 5, "bbox": [17, 16, 8.9, 6.3], "area": 56.07, "segmentation": [[24.9, 22.5, 19.9, 22.6, 18, 20.6, 17, 17.6, 18.6, 16.3, 21.2, 17.6, 24.4, 19.4, 25.9, 19.5, 25.8, 20.9]], "iscrowd": 0}, {"id": 860, "image_id": 152, "category_id": 1, "bbox": [12, 10, 5.4, 4.9], "area": 26.46, "segmentation": [[13.1, 14.1, 12.4, 11.9, 13.8, 10.2, 16.5, 10.4, 17.8, 11.4, 17.2, 14.4, 15.4, 15.1]], "iscrowd": 0}]}