{"categories": [{"id": 0, "name": "body-parts", "supercategory": "none"}, {"id": 1, "name": "Head", "supercategory": "body-parts"}, {"id": 2, "name": "Lower_Arm", "supercategory": "body-parts"}, {"id": 3, "name": "Lower_Leg", "supercategory": "body-parts"}, {"id": 4, "name": "Torso", "supercategory": "body-parts"}, {"id": 5, "name": "Upper_Arm", "supercategory": "body-parts"}, {"id": 6, "name": "Upper_Leg", "supercategory": "body-parts"}], "images": [{"id": 712, "license": 1, "file_name": "17_prone5.jpg", "height": 64, "width": 27, "date_captured": "2023-06-08T19:45:40+00:00"}], "annotations": [{"id": 4004, "image_id": 712, "category_id": 1, "bbox": [10, 8, 6.8, 5.8], "area": 39.44, "segmentation": [[10.5, 13.2, 9.6, 10.1, 11.6, 8.2, 14.2, 7.7, 16.4, 8.7, 16.4, 11.4, 14.5, 13.5]], "iscrowd": 0}, {"id": 4005, "image_id": 712, "category_id": 4, "bbox": [6, 17, 13.4, 16.1], "area": 215.74, "segmentation": [[9.9, 16.8, 14.4, 17.3, 17.8, 16.6, 19.7, 17.9, 19.9, 22.1, 18.7, 25, 17, 25.7, 17.7, 29.5, 16.2, 32.7, 6.5, 32, 7.7, 27.2, 7.9, 24.4, 7.6, 20.2, 8.1, 17.8, 9.9, 16.8]], "iscrowd": 0}, {"id": 4006, "image_id": 712, "category_id": 6, "bbox": [5, 32, 21.8, 17.7], "area": 385.86, "segmentation": [[6.1, 32.5, 17.4, 32.3, 17.9, 35.7, 23.2, 37.3, 25.7, 39.8, 27, 41.1, 26.7, 44.7, 20.3, 46.7, 18.4, 43.8, 13.4, 43.3, 11.4, 47.2, 9.3, 50, 6.6, 49.3, 5.2, 43.5, 5.4, 36.7]], "iscrowd": 0}, {"id": 4007, "image_id": 712, "category_id": 5, "bbox": [4, 16, 4.4, 9], "area": 39.6, "segmentation": [[8.1, 16.4, 8, 21.4, 6.4, 25, 4.3, 25.1, 3.7, 20.9, 5.3, 17.1, 6.4, 16.1]], "iscrowd": 0}, {"id": 4008, "image_id": 712, "category_id": 2, "bbox": [3, 25, 2.9, 11.1], "area": 32.19, "segmentation": [[2.8, 35.6, 3.5, 32.3, 3.5, 29, 3.1, 24.8, 5.7, 25, 5.6, 27.9, 5.2, 31.4, 5.4, 33.8, 4.2, 35.9]], "iscrowd": 0}, {"id": 4009, "image_id": 712, "category_id": 5, "bbox": [20, 17, 5.8, 10.5], "area": 60.9, "segmentation": [[20, 17.1, 23.8, 17.8, 25.3, 18.6, 25.8, 24, 25.6, 27.6, 23.7, 26.4, 22.4, 23, 20.2, 21.5]], "iscrowd": 0}, {"id": 4010, "image_id": 712, "category_id": 2, "bbox": [23, 28, 3.4, 9.7], "area": 32.98, "segmentation": [[23.3, 27.5, 26.3, 27.9, 26.7, 31.1, 26.2, 35.4, 25.4, 37.2, 23.5, 36.1, 23.6, 32.1, 23.4, 30.2]], "iscrowd": 0}, {"id": 4011, "image_id": 712, "category_id": 3, "bbox": [6, 63, 1.7, 1.5], "area": 2.55, "segmentation": [[5.7, 62.7, 6.8, 62.5, 7.4, 63.8, 5.7, 64]], "iscrowd": 0}]}