{"categories": [{"id": 0, "name": "body-parts", "supercategory": "none"}, {"id": 1, "name": "Head", "supercategory": "body-parts"}, {"id": 2, "name": "Lower_Arm", "supercategory": "body-parts"}, {"id": 3, "name": "Lower_Leg", "supercategory": "body-parts"}, {"id": 4, "name": "Torso", "supercategory": "body-parts"}, {"id": 5, "name": "Upper_Arm", "supercategory": "body-parts"}, {"id": 6, "name": "Upper_Leg", "supercategory": "body-parts"}], "images": [{"id": 350, "license": 1, "file_name": "17_prone2.jpg", "height": 64, "width": 27, "date_captured": "2023-06-08T19:45:40+00:00"}], "annotations": [{"id": 1952, "image_id": 350, "category_id": 4, "bbox": [8, 17, 12.3, 18.4], "area": 226.32, "segmentation": [[8.7, 35.4, 18.3, 34.8, 19, 29.4, 19, 24.1, 19.9, 21.3, 18.3, 17, 7.6, 17.4, 7.7, 22.2, 8.2, 26.4, 8.1, 31.5]], "iscrowd": 0}, {"id": 1953, "image_id": 350, "category_id": 6, "bbox": [6, 35, 13.7, 19.2], "area": 263.04, "segmentation": [[18.6, 50.2, 19.6, 44.5, 19.4, 38.3, 18.2, 34.9, 8.2, 35.1, 7.1, 39.3, 5.9, 44.7, 6.8, 48.9, 8.6, 52, 11.3, 54.1, 13.7, 50.8, 16.3, 51.6]], "iscrowd": 0}, {"id": 1954, "image_id": 350, "category_id": 2, "bbox": [19, 27, 4.4, 10.6], "area": 46.64, "segmentation": [[20.3, 31.3, 20.9, 27.4, 23.8, 27.2, 23.5, 31.5, 22.2, 35.7, 20.9, 37.8, 19.4, 35.4, 20.2, 33.4]], "iscrowd": 0}, {"id": 1955, "image_id": 350, "category_id": 2, "bbox": [4, 29, 3.3, 9.5], "area": 31.35, "segmentation": [[3.9, 29, 7, 28.9, 7, 32.3, 6.6, 36.4, 6.4, 38.4, 4.2, 38, 3.7, 36, 3.7, 32]], "iscrowd": 0}, {"id": 1956, "image_id": 350, "category_id": 5, "bbox": [18, 16, 6.1, 11.7], "area": 71.37, "segmentation": [[24.3, 26.8, 23.4, 23.2, 23.5, 19.1, 22.1, 16.7, 20.8, 15.8, 18.2, 17.1, 19.6, 21.1, 19.7, 25.1, 20.6, 27.5]], "iscrowd": 0}, {"id": 1957, "image_id": 350, "category_id": 5, "bbox": [4, 17, 4.3, 11.6], "area": 49.88, "segmentation": [[7, 17.4, 8, 20.5, 7.6, 25.4, 7.3, 29, 3.7, 29, 4.5, 24.2, 3.9, 20.7, 5.1, 17.9]], "iscrowd": 0}]}