{"categories": [{"id": 0, "name": "body-parts", "supercategory": "none"}, {"id": 1, "name": "Head", "supercategory": "body-parts"}, {"id": 2, "name": "Lower_Arm", "supercategory": "body-parts"}, {"id": 3, "name": "Lower_Leg", "supercategory": "body-parts"}, {"id": 4, "name": "Torso", "supercategory": "body-parts"}, {"id": 5, "name": "Upper_Arm", "supercategory": "body-parts"}, {"id": 6, "name": "Upper_Leg", "supercategory": "body-parts"}], "images": [{"id": 775, "license": 1, "file_name": "17_prone6.jpg", "height": 64, "width": 27, "date_captured": "2023-06-08T19:45:40+00:00"}], "annotations": [{"id": 4373, "image_id": 775, "category_id": 1, "bbox": [10, 7, 9.551, 8.034], "area": 76.736, "segmentation": [[15.306, 15.306, 11.515, 14.269, 9.738, 10.271, 11.515, 7.271, 17.956, 7.605, 19.178, 10.048, 19.289, 12.825, 17.845, 14.158, 16.513, 14.714]], "iscrowd": 0}, {"id": 4374, "image_id": 775, "category_id": 4, "bbox": [7, 17, 14.105, 17.439], "area": 245.976, "segmentation": [[17.068, 17.268, 20.844, 18.601, 19.511, 23.267, 19.067, 26.377, 19.622, 29.598, 19.956, 31.82, 18.956, 33.708, 16.291, 34.597, 12.181, 34.708, 9.627, 34.263, 7.85, 33.597, 6.739, 31.82, 7.072, 29.487, 7.295, 25.155, 7.406, 21.489, 7.961, 18.712, 9.849, 17.602, 11.848, 17.268, 13.625, 17.491, 15.624, 17.602]], "iscrowd": 0}, {"id": 4375, "image_id": 775, "category_id": 6, "bbox": [6, 34, 15.438, 15.218], "area": 234.922, "segmentation": [[18.917, 34.75, 21.399, 39.928, 20.733, 44.371, 20.4, 46.593, 19.4, 49.148, 14.18, 48.815, 13.07, 47.482, 13.403, 43.483, 13.403, 40.706, 12.626, 39.595, 11.848, 43.705, 11.404, 46.482, 10.404, 48.037, 8.183, 48.592, 6.517, 47.259, 5.962, 44.594, 5.962, 40.15, 6.073, 37.929, 8.183, 34.263, 10.849, 33.93]], "iscrowd": 0}, {"id": 4376, "image_id": 775, "category_id": 2, "bbox": [1, 8, 5.997, 12.885], "area": 77.275, "segmentation": [[4.851, 21.378, 0.964, 21.156, 1.075, 16.935, 3.963, 9.715, 6.961, 8.493, 4.74, 14.492, 3.852, 17.602, 3.963, 20.268]], "iscrowd": 0}, {"id": 4377, "image_id": 775, "category_id": 2, "bbox": [23, 11, 4.268, 11.108], "area": 47.407, "segmentation": [[22.732, 11.604, 23.954, 15.047, 24.953, 19.49, 27, 22.156, 27, 19.49, 26.175, 13.048, 23.954, 11.048]], "iscrowd": 0}, {"id": 4378, "image_id": 775, "category_id": 3, "bbox": [6, 48, 4.4, 3.5], "area": 15.4, "segmentation": [[6.3, 48.3, 10.7, 48.3, 9.2, 51.1, 6.7, 51.8]], "iscrowd": 0}, {"id": 4379, "image_id": 775, "category_id": 3, "bbox": [5, 62, 3.5, 2.2], "area": 7.7, "segmentation": [[6.3, 61.8, 4.5, 63.6, 6.8, 64, 8, 63.5]], "iscrowd": 0}, {"id": 4380, "image_id": 775, "category_id": 3, "bbox": [15, 49, 4.7, 3.1], "area": 14.57, "segmentation": [[15.2, 49.2, 19.7, 49.2, 18.9, 51.5, 18.9, 51.6, 16.6, 52.3, 15, 50]], "iscrowd": 0}]}