{"categories": [{"id": 0, "name": "body-parts", "supercategory": "none"}, {"id": 1, "name": "Head", "supercategory": "body-parts"}, {"id": 2, "name": "Lower_Arm", "supercategory": "body-parts"}, {"id": 3, "name": "Lower_Leg", "supercategory": "body-parts"}, {"id": 4, "name": "Torso", "supercategory": "body-parts"}, {"id": 5, "name": "Upper_Arm", "supercategory": "body-parts"}, {"id": 6, "name": "Upper_Leg", "supercategory": "body-parts"}], "images": [{"id": 931, "license": 1, "file_name": "17_prone3.jpg", "height": 64, "width": 27, "date_captured": "2023-06-08T19:45:40+00:00"}], "annotations": [{"id": 5241, "image_id": 931, "category_id": 4, "bbox": [7, 18, 13, 17.5], "area": 227.5, "segmentation": [[19, 35.5, 20, 33.5, 19, 31.5, 20, 30.5, 20, 19.5, 18.5, 18, 9.5, 18, 7, 21.5, 7, 35.5]], "iscrowd": 0}, {"id": 5242, "image_id": 931, "category_id": 6, "bbox": [7, 36, 13, 17], "area": 221, "segmentation": [[18, 52.5, 19, 51.5, 19, 47.5, 20, 46.5, 20, 37.5, 18.5, 36, 8.5, 36, 7, 37.5, 7, 47.5, 8, 48.5, 8, 52.5, 9.5, 53, 12.5, 51, 14.5, 51, 16.5, 53]], "iscrowd": 0}, {"id": 5243, "image_id": 931, "category_id": 5, "bbox": [21, 9, 6, 5], "area": 30, "segmentation": [[25, 13.5, 27, 11.5, 27, 10.5, 25.5, 9, 22.5, 9, 21, 10.5, 21, 11.5, 24.5, 14]], "iscrowd": 0}, {"id": 5244, "image_id": 931, "category_id": 5, "bbox": [2, 9, 6, 4.5], "area": 27, "segmentation": [[6, 13.5, 6, 12.5, 7.5, 12, 8, 10.5, 6.5, 9, 2.5, 9, 2, 11.5, 3, 13.5]], "iscrowd": 0}, {"id": 5245, "image_id": 931, "category_id": 2, "bbox": [8, 10, 11.297, 3.126], "area": 35.317, "segmentation": [[8.286, 10.143, 19.583, 10.424, 18.951, 13.269, 9.049, 13.204]], "iscrowd": 0}]}