{"categories": [{"id": 0, "name": "body-parts", "supercategory": "none"}, {"id": 1, "name": "Head", "supercategory": "body-parts"}, {"id": 2, "name": "Lower_Arm", "supercategory": "body-parts"}, {"id": 3, "name": "Lower_Leg", "supercategory": "body-parts"}, {"id": 4, "name": "Torso", "supercategory": "body-parts"}, {"id": 5, "name": "Upper_Arm", "supercategory": "body-parts"}, {"id": 6, "name": "Upper_Leg", "supercategory": "body-parts"}], "images": [{"id": 1437, "license": 1, "file_name": "17_prone7.jpg", "height": 64, "width": 27, "date_captured": "2023-06-08T19:45:40+00:00"}], "annotations": [{"id": 8123, "image_id": 1437, "category_id": 2, "bbox": [22, 14, 3.5, 4.4], "area": 15.4, "segmentation": [[24.1, 18.4, 22.3, 15.8, 24.3, 14, 25.8, 16.8]], "iscrowd": 0}, {"id": 8124, "image_id": 1437, "category_id": 2, "bbox": [0, 13, 4.6, 11.1], "area": 51.06, "segmentation": [[4.6, 15.8, 3.1, 19.7, 4.3, 22.2, 1.9, 23.6, 0, 22.6, 0.5, 20.3, 0.9, 17, 2.8, 14.1, 3.2, 12.5, 4.6, 13.6]], "iscrowd": 0}, {"id": 8125, "image_id": 1437, "category_id": 6, "bbox": [5, 27, 16.1, 24.2], "area": 389.62, "segmentation": [[19.1, 50.3, 20.5, 44.1, 20.6, 40.4, 19.8, 36.8, 21, 32.5, 21.5, 29.8, 19.3, 27.7, 13.7, 27.3, 7.9, 27.7, 6, 29.5, 5.4, 35.1, 7.8, 38.3, 6.6, 42.6, 5.9, 46.6, 5.7, 50, 7.4, 51.5, 11.7, 50, 13.2, 45.2, 14.2, 45.1, 14.8, 48.3, 15.7, 50.8, 17.3, 51.4]], "iscrowd": 0}, {"id": 8126, "image_id": 1437, "category_id": 3, "bbox": [16, 51, 3.3, 6], "area": 19.8, "segmentation": [[19, 57.1, 16.7, 54.8, 16, 51.6, 19.1, 51.1, 19.3, 53.6]], "iscrowd": 0}, {"id": 8127, "image_id": 1437, "category_id": 3, "bbox": [6, 51, 4.4, 4.8], "area": 21.12, "segmentation": [[6.1, 54.9, 6.3, 51.5, 10.5, 50.9, 8.9, 54, 7.4, 55.7]], "iscrowd": 0}, {"id": 8128, "image_id": 1437, "category_id": 4, "bbox": [5, 18, 18.8, 11.5], "area": 216.2, "segmentation": [[5.9, 27.7, 5.2, 21.9, 11.8, 19.2, 15.9, 18.1, 20.5, 18.8, 24, 20.4, 23.2, 25.3, 22.1, 29.6, 18, 27.4, 8.9, 27.8, 6, 29.1]], "iscrowd": 0}]}