{"categories": [{"id": 0, "name": "body-parts", "supercategory": "none"}, {"id": 1, "name": "Head", "supercategory": "body-parts"}, {"id": 2, "name": "Lower_Arm", "supercategory": "body-parts"}, {"id": 3, "name": "Lower_Leg", "supercategory": "body-parts"}, {"id": 4, "name": "Torso", "supercategory": "body-parts"}, {"id": 5, "name": "Upper_Arm", "supercategory": "body-parts"}, {"id": 6, "name": "Upper_Leg", "supercategory": "body-parts"}], "images": [{"id": 651, "license": 1, "file_name": "17_prone1.jpg", "height": 64, "width": 27, "date_captured": "2023-06-08T19:45:40+00:00"}], "annotations": [{"id": 3637, "image_id": 651, "category_id": 1, "bbox": [9, 9, 9.44, 7.541], "area": 71.19, "segmentation": [[14.194, 16.139, 10.515, 14.483, 8.849, 11.596, 10.737, 9.264, 15.846, 8.598, 18.29, 10.263, 17.068, 13.928]], "iscrowd": 0}, {"id": 3638, "image_id": 651, "category_id": 4, "bbox": [7, 17, 12.011, 16.212], "area": 194.734, "segmentation": [[7.389, 19.056, 7.961, 22.589, 7.406, 25.587, 7.517, 32.472, 10.849, 33.027, 17.401, 33.472, 18.734, 31.362, 18.179, 21.701, 19.4, 17.703, 17.401, 17.259, 12.292, 17.37, 7.628, 17.37]], "iscrowd": 0}, {"id": 3639, "image_id": 651, "category_id": 6, "bbox": [7, 32, 12.994, 15.879], "area": 206.339, "segmentation": [[7.389, 32.806, 7.072, 42.244, 7.406, 47.574, 13.736, 47.13, 13.403, 38.802, 15.069, 47.352, 20.067, 47.685, 19.178, 37.469, 18.845, 31.806, 13.847, 33.361]], "iscrowd": 0}, {"id": 3640, "image_id": 651, "category_id": 3, "bbox": [7, 47, 4.776, 3.776], "area": 18.03, "segmentation": [[7.528, 48.222, 12.181, 47.463, 7.406, 51.239]], "iscrowd": 0}, {"id": 3641, "image_id": 651, "category_id": 3, "bbox": [16, 48, 4.095, 3.072], "area": 12.579, "segmentation": [[15.861, 47.944, 19.956, 48.129, 19.4, 51.017, 17.068, 50.683]], "iscrowd": 0}, {"id": 3642, "image_id": 651, "category_id": 5, "bbox": [3, 18, 4.442, 4.783], "area": 21.249, "segmentation": [[6.833, 18.361, 7.739, 22.034, 7.295, 23.144, 3.296, 22.478]], "iscrowd": 0}, {"id": 3643, "image_id": 651, "category_id": 5, "bbox": [19, 18, 3.887, 5.061], "area": 19.675, "segmentation": [[19.611, 17.528, 18.623, 21.812, 19.733, 22.589, 22.51, 22.589]], "iscrowd": 0}]}