{"categories": [{"id": 0, "name": "body-parts", "supercategory": "none"}, {"id": 1, "name": "Head", "supercategory": "body-parts"}, {"id": 2, "name": "Lower_Arm", "supercategory": "body-parts"}, {"id": 3, "name": "Lower_Leg", "supercategory": "body-parts"}, {"id": 4, "name": "Torso", "supercategory": "body-parts"}, {"id": 5, "name": "Upper_Arm", "supercategory": "body-parts"}, {"id": 6, "name": "Upper_Leg", "supercategory": "body-parts"}], "images": [{"id": 1494, "license": 1, "file_name": "17_right2.jpg", "height": 64, "width": 27, "date_captured": "2023-06-08T19:45:40+00:00"}], "annotations": [{"id": 8465, "image_id": 1494, "category_id": 1, "bbox": [10, 10, 6, 6], "area": 36, "segmentation": [[14, 15.5, 16, 13.5, 16, 12.5, 13.5, 10, 10, 13.5, 12.5, 16]], "iscrowd": 0}, {"id": 8466, "image_id": 1494, "category_id": 4, "bbox": [13, 18, 8, 13], "area": 104, "segmentation": [[18, 30.5, 20, 29.5, 20, 26.5, 21, 25.5, 21, 20.5, 17.5, 18, 13.5, 18, 13, 18.5, 15, 19.5, 15, 27.5, 14, 29.5, 16.5, 31]], "iscrowd": 0}, {"id": 8467, "image_id": 1494, "category_id": 5, "bbox": [9, 19, 6, 8.5], "area": 51, "segmentation": [[13, 27.5, 12, 26.5, 13, 25.5, 13, 22.5, 14.5, 22, 15, 20.5, 13.5, 19, 10.5, 19, 9, 20.5, 9, 27.5]], "iscrowd": 0}, {"id": 8468, "image_id": 1494, "category_id": 2, "bbox": [7, 28, 6, 6.5], "area": 39, "segmentation": [[9, 34.5, 11, 32.5, 13, 28.5, 12.5, 28, 9, 28.5, 7, 32.5, 7, 34.5]], "iscrowd": 0}, {"id": 8469, "image_id": 1494, "category_id": 6, "bbox": [11, 30, 12, 18], "area": 216, "segmentation": [[17, 47.5, 22, 42.5, 23, 40.5, 23, 36.5, 21, 33.5, 21, 31.5, 19.5, 30, 16.5, 30, 15, 31.5, 15, 33.5, 13, 34.5, 13, 41.5, 11, 45.5, 11.5, 48]], "iscrowd": 0}, {"id": 8470, "image_id": 1494, "category_id": 3, "bbox": [12, 48, 13, 5], "area": 65, "segmentation": [[25, 52.5, 25, 50.5, 22.5, 50, 21.5, 49, 16.5, 49, 15.5, 48, 12, 48.5, 12.5, 52, 16.5, 52, 17.5, 53]], "iscrowd": 0}]}