{"categories": [{"id": 0, "name": "body-parts", "supercategory": "none"}, {"id": 1, "name": "Head", "supercategory": "body-parts"}, {"id": 2, "name": "Lower_Arm", "supercategory": "body-parts"}, {"id": 3, "name": "Lower_Leg", "supercategory": "body-parts"}, {"id": 4, "name": "Torso", "supercategory": "body-parts"}, {"id": 5, "name": "Upper_Arm", "supercategory": "body-parts"}, {"id": 6, "name": "Upper_Leg", "supercategory": "body-parts"}], "images": [{"id": 603, "license": 1, "file_name": "17_right6.jpg", "height": 64, "width": 27, "date_captured": "2023-06-08T19:45:40+00:00"}], "annotations": [{"id": 3383, "image_id": 603, "category_id": 1, "bbox": [10, 8, 8.33, 7.312], "area": 60.908, "segmentation": [[15.306, 15.583, 12.181, 14.269, 10.071, 11.159, 13.07, 8.271, 17.845, 9.271, 18.401, 13.048, 17.956, 14.269]], "iscrowd": 0}, {"id": 3384, "image_id": 603, "category_id": 4, "bbox": [14, 18, 8.663, 14.125], "area": 122.362, "segmentation": [[17.111, 18.361, 20.067, 23.267, 22.288, 28.265, 21.955, 30.153, 20.4, 31.82, 17.29, 32.486, 15.18, 32.486, 14.069, 30.931, 13.625, 28.376, 13.625, 24.933, 14.291, 22.933, 15.291, 20.823, 16.624, 18.935, 16.846, 18.601]], "iscrowd": 0}, {"id": 3385, "image_id": 603, "category_id": 5, "bbox": [6, 18, 9.899, 6.776], "area": 67.074, "segmentation": [[15.861, 18.917, 14.958, 21.045, 12.292, 24.044, 8.961, 24.822, 6.961, 24.822, 5.962, 23.711, 9.183, 21.045, 10.737, 19.601, 11.626, 18.601, 13.736, 18.046, 14.736, 18.268]], "iscrowd": 0}, {"id": 3386, "image_id": 603, "category_id": 6, "bbox": [11, 32, 12.883, 17.217], "area": 221.808, "segmentation": [[20.955, 31.709, 23.732, 34.597, 23.843, 38.262, 21.288, 44.594, 19.289, 46.704, 18.401, 47.593, 15.735, 48.815, 12.959, 48.037, 10.96, 46.038, 11.626, 42.594, 13.181, 38.929, 14.958, 35.596, 15.957, 33.597, 16.735, 32.264, 19.178, 31.597]], "iscrowd": 0}, {"id": 3387, "image_id": 603, "category_id": 3, "bbox": [14, 49, 3.845, 13.329], "area": 51.255, "segmentation": [[14.333, 49.611, 14.625, 52.813, 14.625, 56.368, 14.403, 61.144, 16.068, 62.588, 17.512, 62.588, 18.179, 57.034, 18.179, 55.701, 18.068, 52.147, 15.957, 49.259]], "iscrowd": 0}]}