{"categories": [{"id": 0, "name": "body-parts", "supercategory": "none"}, {"id": 1, "name": "Head", "supercategory": "body-parts"}, {"id": 2, "name": "Lower_Arm", "supercategory": "body-parts"}, {"id": 3, "name": "Lower_Leg", "supercategory": "body-parts"}, {"id": 4, "name": "Torso", "supercategory": "body-parts"}, {"id": 5, "name": "Upper_Arm", "supercategory": "body-parts"}, {"id": 6, "name": "Upper_Leg", "supercategory": "body-parts"}], "images": [{"id": 764, "license": 1, "file_name": "17_right7.jpg", "height": 64, "width": 27, "date_captured": "2023-06-08T19:45:40+00:00"}], "annotations": [{"id": 4313, "image_id": 764, "category_id": 6, "bbox": [11, 33, 13, 15.9], "area": 206.7, "segmentation": [[13.6, 33.9, 22.3, 32.9, 23.6, 35.3, 24, 38, 23.1, 42.1, 21, 45.1, 19.4, 47.8, 16.9, 48.8, 11.8, 48.2, 11, 44, 12, 40, 12.8, 36.4]], "iscrowd": 0}, {"id": 4314, "image_id": 764, "category_id": 4, "bbox": [12, 19, 9.7, 15.1], "area": 146.47, "segmentation": [[21.4, 31.9, 21.8, 27.7, 21.9, 23.7, 22, 20.3, 21, 18.6, 17.2, 18.6, 13.9, 23.6, 12.3, 26.3, 13.9, 28.8, 13.7, 31.4, 14.4, 33.7]], "iscrowd": 0}, {"id": 4315, "image_id": 764, "category_id": 5, "bbox": [6, 18, 12, 7.2], "area": 86.4, "segmentation": [[12.1, 17.9, 16, 17.7, 17.5, 18.2, 16, 21.1, 12.9, 24.1, 7.9, 24.9, 5.7, 23.6, 5.5, 22, 8.4, 20, 10.6, 18.6]], "iscrowd": 0}, {"id": 4316, "image_id": 764, "category_id": 3, "bbox": [12, 48, 7, 15.1], "area": 105.7, "segmentation": [[11.9, 48.1, 17.9, 48.2, 17.1, 52.4, 18.7, 54.6, 18.2, 58.2, 16.3, 61.7, 15.6, 63.2, 13.4, 58.6, 13, 53.9, 12.7, 50.9, 11.7, 49.4]], "iscrowd": 0}]}