{"categories": [{"id": 0, "name": "body-parts", "supercategory": "none"}, {"id": 1, "name": "Head", "supercategory": "body-parts"}, {"id": 2, "name": "Lower_Arm", "supercategory": "body-parts"}, {"id": 3, "name": "Lower_Leg", "supercategory": "body-parts"}, {"id": 4, "name": "Torso", "supercategory": "body-parts"}, {"id": 5, "name": "Upper_Arm", "supercategory": "body-parts"}, {"id": 6, "name": "Upper_Leg", "supercategory": "body-parts"}], "images": [{"id": 768, "license": 1, "file_name": "17_supine3.jpg", "height": 64, "width": 27, "date_captured": "2023-06-08T19:45:40+00:00"}], "annotations": [{"id": 4333, "image_id": 768, "category_id": 1, "bbox": [12, 10, 6.664, 6.118], "area": 40.771, "segmentation": [[15.167, 16.278, 12.959, 14.936, 12.181, 12.381, 12.626, 10.826, 16.513, 10.159, 18.179, 11.27, 18.845, 12.936, 18.623, 14.158, 18.179, 14.936]], "iscrowd": 0}, {"id": 4334, "image_id": 768, "category_id": 4, "bbox": [8, 17, 14.771, 11.885], "area": 175.559, "segmentation": [[16.179, 17.157, 19.845, 18.157, 22.399, 19.268, 21.399, 24.266, 21.066, 27.043, 20.289, 28.709, 14.847, 28.709, 11.515, 28.376, 9.405, 23.711, 8.294, 20.601, 7.628, 17.491, 9.183, 16.824, 13.514, 17.268, 15.513, 17.935]], "iscrowd": 0}, {"id": 4335, "image_id": 768, "category_id": 6, "bbox": [8, 29, 15.771, 15.884], "area": 250.503, "segmentation": [[21.844, 29.931, 23.398, 35.041, 23.398, 38.262, 21.51, 42.039, 19.178, 44.594, 15.069, 44.149, 11.182, 43.594, 8.072, 41.372, 7.628, 36.929, 9.183, 33.597, 10.515, 31.597, 12.07, 28.709]], "iscrowd": 0}, {"id": 4336, "image_id": 768, "category_id": 3, "bbox": [19, 52, 3.11, 11.108], "area": 34.542, "segmentation": [[21.399, 54.368, 21.733, 58.923, 21.733, 61.255, 21.066, 63.144, 19.4, 61.477, 18.623, 58.811, 18.623, 55.701, 19.067, 52.036, 21.177, 53.369]], "iscrowd": 0}, {"id": 4337, "image_id": 768, "category_id": 3, "bbox": [11, 53, 4.442, 11.108], "area": 49.345, "segmentation": [[14.75, 53.917, 15.624, 62.588, 15.846, 63.699, 12.181, 60.7, 11.404, 55.812, 12.403, 52.591, 14.514, 52.813]], "iscrowd": 0}]}