{"categories": [{"id": 0, "name": "body-parts", "supercategory": "none"}, {"id": 1, "name": "Head", "supercategory": "body-parts"}, {"id": 2, "name": "Lower_Arm", "supercategory": "body-parts"}, {"id": 3, "name": "Lower_Leg", "supercategory": "body-parts"}, {"id": 4, "name": "Torso", "supercategory": "body-parts"}, {"id": 5, "name": "Upper_Arm", "supercategory": "body-parts"}, {"id": 6, "name": "Upper_Leg", "supercategory": "body-parts"}], "images": [{"id": 1646, "license": 1, "file_name": "17_supine6.jpg", "height": 64, "width": 27, "date_captured": "2023-06-08T19:45:40+00:00"}], "annotations": [{"id": 9285, "image_id": 1646, "category_id": 1, "bbox": [12, 7, 7.33, 8.451], "area": 61.944, "segmentation": [[16.278, 15.722, 13.07, 14.825, 12.07, 12.048, 12.403, 8.16, 14.958, 7.271, 17.068, 8.271, 19.289, 10.493, 19.4, 12.714, 18.401, 14.936]], "iscrowd": 0}, {"id": 9286, "image_id": 1646, "category_id": 4, "bbox": [9, 18, 13.438, 12.626], "area": 169.667, "segmentation": [[17.528, 18.083, 22.177, 21.045, 20.067, 24.6, 19.067, 28.154, 14.403, 30.709, 11.071, 29.931, 8.738, 25.155, 9.183, 21.267, 10.293, 18.268, 15.957, 18.157, 18.623, 18.157, 15.846, 18.712, 15.846, 18.601]], "iscrowd": 0}, {"id": 9287, "image_id": 1646, "category_id": 6, "bbox": [8, 30, 14.438, 17.211], "area": 248.494, "segmentation": [[16.417, 29.889, 21.399, 33.708, 22.621, 36.374, 22.732, 39.262, 21.8, 47.1, 18.5, 45.6, 17.6, 41, 13.9, 40.5, 13.7, 46.1, 9.9, 45.9, 8.294, 35.485, 10.071, 32.597, 11.737, 31.597, 13.847, 30.709]], "iscrowd": 0}, {"id": 9288, "image_id": 1646, "category_id": 3, "bbox": [10, 52, 3.32, 12.186], "area": 40.453, "segmentation": [[10.306, 52.944, 11.071, 57.701, 11.182, 60.255, 11.182, 62.255, 11.293, 63.921, 13.403, 64, 13.625, 58.478, 12.848, 53.924, 12.403, 51.814]], "iscrowd": 0}, {"id": 9289, "image_id": 1646, "category_id": 3, "bbox": [18, 51, 4.442, 12.631], "area": 56.111, "segmentation": [[19.067, 51.925, 17.734, 59.811, 18.512, 63.921, 20.622, 64, 21.733, 61.033, 21.844, 57.923, 22.177, 55.146, 21.733, 51.814, 20.955, 51.369]], "iscrowd": 0}, {"id": 9290, "image_id": 1646, "category_id": 5, "bbox": [6, 18, 3.761, 14.107], "area": 53.05, "segmentation": [[10.167, 19.194, 8.627, 23.156, 7.517, 26.599, 7.85, 31.931, 6.517, 30.265, 6.406, 27.599, 6.406, 23.822, 7.517, 19.379, 9.294, 17.824]], "iscrowd": 0}, {"id": 9291, "image_id": 1646, "category_id": 5, "bbox": [22, 19, 3.443, 10.441], "area": 35.948, "segmentation": [[21.51, 19.157, 24.065, 24.933, 24.953, 29.376, 23.398, 29.598, 22.177, 25.933, 21.621, 23.156, 21.621, 21.823]], "iscrowd": 0}, {"id": 9292, "image_id": 1646, "category_id": 2, "bbox": [23, 30, 3.2, 9.4], "area": 30.08, "segmentation": [[23.2, 30.3, 25.2, 29.9, 26.4, 38.8, 24.3, 39.3]], "iscrowd": 0}, {"id": 9293, "image_id": 1646, "category_id": 2, "bbox": [7, 31, 1.7, 9.8], "area": 16.66, "segmentation": [[6.5, 31, 8, 32.3, 8.2, 40.8, 7.2, 40.5]], "iscrowd": 0}]}