{"categories": [{"id": 0, "name": "body-parts", "supercategory": "none"}, {"id": 1, "name": "Head", "supercategory": "body-parts"}, {"id": 2, "name": "Lower_Arm", "supercategory": "body-parts"}, {"id": 3, "name": "Lower_Leg", "supercategory": "body-parts"}, {"id": 4, "name": "Torso", "supercategory": "body-parts"}, {"id": 5, "name": "Upper_Arm", "supercategory": "body-parts"}, {"id": 6, "name": "Upper_Leg", "supercategory": "body-parts"}], "images": [{"id": 1144, "license": 1, "file_name": "15_left5.jpg", "height": 64, "width": 27, "date_captured": "2023-06-08T19:45:40+00:00"}], "annotations": [{"id": 6442, "image_id": 1144, "category_id": 4, "bbox": [7, 10, 13.7, 17], "area": 232.9, "segmentation": [[12.8, 10.4, 16.8, 10.7, 19.8, 12.5, 21.1, 15.1, 20.9, 19.3, 20.2, 22.1, 19, 25.9, 17.3, 27.4, 13.9, 27.4, 9, 27.4, 8.7, 24.9, 7.9, 20.1, 7.4, 16, 8.8, 13.4, 10.2, 11.2]], "iscrowd": 0}, {"id": 6443, "image_id": 1144, "category_id": 6, "bbox": [8, 26, 12.4, 20.7], "area": 256.68, "segmentation": [[9.6, 27, 8.1, 29, 7.7, 32.1, 8.8, 35.2, 10.4, 38.1, 12.1, 40.9, 14.1, 44.3, 16.6, 46.7, 19.5, 45.7, 20.1, 42.4, 19.1, 38.1, 18.3, 34.8, 17.8, 32.7, 18.1, 30.1, 18.1, 28.3, 17.3, 26]], "iscrowd": 0}, {"id": 6444, "image_id": 1144, "category_id": 3, "bbox": [12, 44, 7.2, 19.6], "area": 141.12, "segmentation": [[15.3, 44.8, 13.9, 46.6, 12.5, 49.6, 11.9, 51.9, 11.8, 54.6, 12.5, 56.4, 12.6, 58.7, 12.7, 61.5, 12.7, 63.8, 15.2, 64, 15.6, 61.5, 15.2, 58.8, 15.7, 56.2, 17.4, 53.5, 18.6, 50.2, 19, 48.4, 18.9, 46.4, 16.3, 44.4]], "iscrowd": 0}, {"id": 6445, "image_id": 1144, "category_id": 1, "bbox": [13, 0, 7.7, 7.1], "area": 54.67, "segmentation": [[13.8, 6.8, 12.6, 3.8, 12.9, 2.2, 13.4, 0, 16.1, 0, 19.4, 0.4, 20.3, 3, 19, 5.6, 16.7, 7.1]], "iscrowd": 0}]}