{"categories": [{"id": 0, "name": "body-parts", "supercategory": "none"}, {"id": 1, "name": "Head", "supercategory": "body-parts"}, {"id": 2, "name": "Lower_Arm", "supercategory": "body-parts"}, {"id": 3, "name": "Lower_Leg", "supercategory": "body-parts"}, {"id": 4, "name": "Torso", "supercategory": "body-parts"}, {"id": 5, "name": "Upper_Arm", "supercategory": "body-parts"}, {"id": 6, "name": "Upper_Leg", "supercategory": "body-parts"}], "images": [{"id": 373, "license": 1, "file_name": "15_left7.jpg", "height": 64, "width": 27, "date_captured": "2023-06-08T19:45:40+00:00"}], "annotations": [{"id": 2067, "image_id": 373, "category_id": 2, "bbox": [19, 1, 7.9, 11.4], "area": 90.06, "segmentation": [[27, 11.5, 27, 7.5, 23.2, 0.6, 19.1, 3.4, 24, 7.5, 24, 9.5, 25.5, 12]], "iscrowd": 0}, {"id": 2068, "image_id": 373, "category_id": 5, "bbox": [12, 6, 15.3, 11], "area": 168.3, "segmentation": [[27, 16.5, 27, 15.5, 24.5, 13, 21.5, 12, 16.5, 6, 13, 6.5, 11.7, 7.8, 12, 10.5, 13.5, 12, 17.5, 14, 19.5, 14, 22.5, 16, 24.5, 16, 25.5, 17]], "iscrowd": 0}, {"id": 2069, "image_id": 373, "category_id": 4, "bbox": [7, 6, 13, 18.9], "area": 245.7, "segmentation": [[18.6, 24.9, 20, 11.5, 19, 8.5, 16.5, 6, 12.5, 6, 10.5, 7, 9, 9.5, 7.9, 11.3, 7, 14.5, 7, 15.5, 7.5, 19, 8.6, 24.4]], "iscrowd": 0}, {"id": 2070, "image_id": 373, "category_id": 6, "bbox": [6, 25, 13.1, 23], "area": 301.3, "segmentation": [[18, 47.5, 19, 46.5, 19, 38.5, 18, 37.5, 18, 34.5, 17, 33.5, 18, 32.5, 17.3, 28.2, 17.1, 25.1, 14.4, 25.4, 11.5, 25, 8.2, 25.4, 5.9, 30.7, 8.4, 35.7, 11, 40.5, 13, 43.5, 13, 46.5, 14.5, 48]], "iscrowd": 0}, {"id": 2071, "image_id": 373, "category_id": 3, "bbox": [12, 48, 5, 9.5], "area": 47.5, "segmentation": [[14, 57.5, 17, 52.5, 16.5, 48, 13.5, 48, 12, 49.5, 12, 57.5]], "iscrowd": 0}]}