{"categories": [{"id": 0, "name": "body-parts", "supercategory": "none"}, {"id": 1, "name": "Head", "supercategory": "body-parts"}, {"id": 2, "name": "Lower_Arm", "supercategory": "body-parts"}, {"id": 3, "name": "Lower_Leg", "supercategory": "body-parts"}, {"id": 4, "name": "Torso", "supercategory": "body-parts"}, {"id": 5, "name": "Upper_Arm", "supercategory": "body-parts"}, {"id": 6, "name": "Upper_Leg", "supercategory": "body-parts"}], "images": [{"id": 1264, "license": 1, "file_name": "15_prone7.jpg", "height": 64, "width": 27, "date_captured": "2023-06-08T19:45:40+00:00"}], "annotations": [{"id": 7137, "image_id": 1264, "category_id": 4, "bbox": [5, 16, 19.3, 17.8], "area": 343.54, "segmentation": [[6.4, 16.1, 11.6, 15.9, 18.4, 15.9, 22.3, 16.3, 24.3, 19, 24.1, 23.2, 23.8, 28.1, 21.6, 31.2, 17.1, 33.4, 11.8, 33.7, 8.7, 33.6, 5.3, 30.2, 5, 26.2, 5, 21.1]], "iscrowd": 0}, {"id": 7138, "image_id": 1264, "category_id": 6, "bbox": [5, 32, 16, 17.6], "area": 281.6, "segmentation": [[8.8, 33.6, 6.9, 36.3, 7, 41.1, 5.6, 45.2, 4.8, 48.5, 7, 49.6, 10.3, 49.6, 11.3, 47.3, 12.3, 42.2, 13.3, 38.8, 15, 40.4, 15.2, 43.9, 15.4, 45.5, 15.7, 48.8, 16.9, 49.3, 19.8, 49.2, 20.8, 46.2, 20.7, 37.9, 19.9, 33.8, 19.4, 32]], "iscrowd": 0}, {"id": 7139, "image_id": 1264, "category_id": 3, "bbox": [5, 48, 6.1, 7.9], "area": 48.19, "segmentation": [[4.8, 48.4, 10.9, 48.7, 10.4, 55.9, 8.2, 56.3, 7, 54.6, 5.8, 52.1]], "iscrowd": 0}, {"id": 7140, "image_id": 1264, "category_id": 3, "bbox": [16, 48, 4.6, 8.6], "area": 39.56, "segmentation": [[15.7, 48.7, 20.3, 48.4, 20.3, 57, 18.5, 57, 17.5, 56.7, 17.5, 54.5, 16.3, 51.5]], "iscrowd": 0}]}