{"categories": [{"id": 0, "name": "body-parts", "supercategory": "none"}, {"id": 1, "name": "Head", "supercategory": "body-parts"}, {"id": 2, "name": "Lower_Arm", "supercategory": "body-parts"}, {"id": 3, "name": "Lower_Leg", "supercategory": "body-parts"}, {"id": 4, "name": "Torso", "supercategory": "body-parts"}, {"id": 5, "name": "Upper_Arm", "supercategory": "body-parts"}, {"id": 6, "name": "Upper_Leg", "supercategory": "body-parts"}], "images": [{"id": 701, "license": 1, "file_name": "15_prone1.jpg", "height": 64, "width": 27, "date_captured": "2023-06-08T19:45:40+00:00"}], "annotations": [{"id": 3944, "image_id": 701, "category_id": 1, "bbox": [11, 3, 8.1, 8], "area": 64.8, "segmentation": [[15.7, 10.6, 11.4, 9.9, 10.9, 7.2, 11.5, 4.5, 12.7, 2.6, 15.4, 3, 17.6, 3.5, 18.5, 5.3, 19, 7.6, 18.4, 9.1]], "iscrowd": 0}, {"id": 3945, "image_id": 701, "category_id": 4, "bbox": [8, 12, 15, 18.3], "area": 274.5, "segmentation": [[10.2, 12.2, 9.4, 14.8, 8.1, 17, 7.7, 19.5, 8, 21.6, 8.1, 24.3, 8.4, 26.3, 9.1, 28.2, 11.1, 29.5, 14, 29.7, 17.6, 29.8, 20, 29.9, 21.3, 29, 22.3, 26.1, 22.7, 23.3, 22.4, 19.8, 22.4, 17.8, 22.7, 15.7, 22.7, 14, 22.1, 12.4, 20.1, 11.6, 16.4, 11.8, 12.9, 11.9]], "iscrowd": 0}, {"id": 3946, "image_id": 701, "category_id": 6, "bbox": [8, 29, 14.7, 16.9], "area": 248.43, "segmentation": [[10.4, 28.8, 9.5, 30.5, 8.2, 32.8, 8, 34.3, 8, 36.9, 7.9, 39, 8.2, 41.5, 8.6, 43.7, 9.1, 45.3, 11.2, 45.5, 12.7, 45.7, 13.3, 45.4, 14, 42.3, 14.7, 39.6, 15.4, 37.4, 16.1, 38.3, 16.4, 40.2, 16.9, 42, 17, 43.7, 17.6, 45.1, 19.7, 45.6, 21, 45.6, 22.5, 45.3, 22.6, 41.4, 21.8, 35.9, 21.7, 32.7, 20.5, 30.5, 19.7, 29.4]], "iscrowd": 0}, {"id": 3947, "image_id": 701, "category_id": 5, "bbox": [3, 11, 7.7, 15.9], "area": 122.43, "segmentation": [[10.4, 12.2, 9.1, 15.3, 7.4, 17.2, 6.5, 19.2, 5.7, 22.1, 5.5, 24, 5.4, 26.4, 3.8, 27.1, 2.7, 26.4, 2.7, 23.2, 2.8, 20.2, 3.1, 17.9, 4.7, 15.9, 6.2, 13.5, 7, 11.7, 8.9, 11.2]], "iscrowd": 0}, {"id": 3948, "image_id": 701, "category_id": 5, "bbox": [22, 12, 4.9, 14.3], "area": 70.07, "segmentation": [[22.6, 12.5, 24.2, 13.2, 25.6, 14.6, 26.2, 17.6, 26.3, 20.3, 26.4, 22.5, 26.6, 25.1, 26.3, 26.3, 24.8, 26.8, 23.6, 26, 23.6, 24.3, 23.6, 22.6, 23.7, 19.8, 23.7, 17.9, 23.5, 16.4, 21.7, 15.1]], "iscrowd": 0}, {"id": 3949, "image_id": 701, "category_id": 2, "bbox": [2, 26, 3.7, 11.4], "area": 42.18, "segmentation": [[5.8, 26.4, 3, 26.4, 2.4, 27.9, 2.1, 30, 2.3, 32.9, 2.9, 36.2, 4.1, 37.8, 5.2, 37.5, 5.3, 36.3, 5.3, 33.9, 5.3, 31.5, 5.3, 29.4, 5.5, 27.8]], "iscrowd": 0}, {"id": 3950, "image_id": 701, "category_id": 2, "bbox": [23, 26, 4.2, 11.9], "area": 49.98, "segmentation": [[23.8, 26.1, 23.9, 27.7, 23.7, 29.8, 23.4, 32.4, 23.4, 33.7, 22.8, 35.2, 22.6, 36.6, 23.5, 37.7, 24.6, 37.5, 25.1, 36, 25.8, 33.8, 26.3, 31.9, 26.6, 29.9, 26.8, 28.2, 26.7, 26.8, 26, 25.8]], "iscrowd": 0}, {"id": 3951, "image_id": 701, "category_id": 3, "bbox": [8, 45, 4.6, 8.9], "area": 40.94, "segmentation": [[8.9, 44.8, 12.1, 45.4, 12.8, 45.4, 12.8, 47.4, 13, 49.2, 12.4, 51, 11.5, 52.6, 10.9, 53.7, 9, 53.2, 8.4, 51.4, 8.4, 48.8, 8.6, 47.3]], "iscrowd": 0}, {"id": 3952, "image_id": 701, "category_id": 3, "bbox": [17, 45, 5.5, 6.9], "area": 37.95, "segmentation": [[17.7, 45, 22.2, 45, 22.9, 46.4, 22.6, 48.4, 22.1, 50.2, 21.3, 51.9, 19.9, 51.9, 18.9, 50.8, 17.9, 49.5, 17.4, 46.9]], "iscrowd": 0}]}