{"categories": [{"id": 0, "name": "body-parts", "supercategory": "none"}, {"id": 1, "name": "Head", "supercategory": "body-parts"}, {"id": 2, "name": "Lower_Arm", "supercategory": "body-parts"}, {"id": 3, "name": "Lower_Leg", "supercategory": "body-parts"}, {"id": 4, "name": "Torso", "supercategory": "body-parts"}, {"id": 5, "name": "Upper_Arm", "supercategory": "body-parts"}, {"id": 6, "name": "Upper_Leg", "supercategory": "body-parts"}], "images": [{"id": 1476, "license": 1, "file_name": "15_prone6.jpg", "height": 64, "width": 27, "date_captured": "2023-06-08T19:45:40+00:00"}], "annotations": [{"id": 8355, "image_id": 1476, "category_id": 4, "bbox": [7, 17, 14, 13.1], "area": 183.4, "segmentation": [[20, 29.5, 20, 27.5, 21, 26.5, 21, 19.5, 18.5, 17, 12.5, 17, 10.6, 16.9, 8, 18.6, 7.3, 20.7, 7, 22.5, 7.5, 30, 9.5, 29, 10.5, 30]], "iscrowd": 0}, {"id": 8356, "image_id": 1476, "category_id": 6, "bbox": [7, 30, 13.3, 13.4], "area": 178.22, "segmentation": [[20.1, 43.4, 20, 30.5, 10.5, 30, 7.8, 31.2, 7, 35.5, 6.8, 42.8, 13.7, 39]], "iscrowd": 0}, {"id": 8357, "image_id": 1476, "category_id": 3, "bbox": [6, 43, 4.4, 8.5], "area": 37.4, "segmentation": [[9, 51.5, 8.8, 50.7, 9.7, 49.5, 9.8, 48.3, 10, 46.5, 10, 43.5, 7.5, 43, 6, 44.5, 5.6, 45.3, 6, 46.5, 6, 51.5]], "iscrowd": 0}, {"id": 8358, "image_id": 1476, "category_id": 3, "bbox": [15, 43, 5, 10], "area": 50, "segmentation": [[18, 52.5, 20, 50.5, 20, 44.5, 18.5, 43, 16.5, 43, 15, 45.5, 15, 50.5, 16.5, 53]], "iscrowd": 0}]}