{"categories": [{"id": 0, "name": "body-parts", "supercategory": "none"}, {"id": 1, "name": "Head", "supercategory": "body-parts"}, {"id": 2, "name": "Lower_Arm", "supercategory": "body-parts"}, {"id": 3, "name": "Lower_Leg", "supercategory": "body-parts"}, {"id": 4, "name": "Torso", "supercategory": "body-parts"}, {"id": 5, "name": "Upper_Arm", "supercategory": "body-parts"}, {"id": 6, "name": "Upper_Leg", "supercategory": "body-parts"}], "images": [{"id": 500, "license": 1, "file_name": "15_prone2.jpg", "height": 64, "width": 27, "date_captured": "2023-06-08T19:45:40+00:00"}], "annotations": [{"id": 2804, "image_id": 500, "category_id": 1, "bbox": [12, 4, 5.5, 6.6], "area": 36.3, "segmentation": [[12.3, 8.9, 12.1, 6.1, 13.3, 4.9, 15.7, 4.4, 17.4, 6, 17.6, 7.7, 16.9, 9.8, 15.7, 10.9, 14, 11, 12.4, 10]], "iscrowd": 0}, {"id": 2805, "image_id": 500, "category_id": 5, "bbox": [3, 11, 8.4, 16.3], "area": 136.92, "segmentation": [[10.9, 11.6, 9.5, 14.1, 8.5, 17.4, 7.7, 21, 6.9, 22.9, 6.1, 24.9, 5.4, 26.8, 3.4, 27.3, 2.5, 26.7, 2.6, 24.8, 2.6, 22.4, 2.8, 20.1, 3.2, 17.6, 4.2, 15.4, 5.3, 13.5, 6.1, 11.5, 7.5, 11]], "iscrowd": 0}, {"id": 2806, "image_id": 500, "category_id": 5, "bbox": [19, 11, 6.1, 14.3], "area": 87.23, "segmentation": [[19, 11.6, 20.1, 14, 21.1, 15.9, 21.8, 17.2, 22.2, 19.1, 22.2, 21.4, 22.5, 23.7, 24.6, 24.9, 25, 24.2, 25, 22.5, 25, 19.1, 25.1, 16.5, 24.4, 14.5, 22.9, 12.7, 21.5, 10.6]], "iscrowd": 0}, {"id": 2807, "image_id": 500, "category_id": 4, "bbox": [9, 12, 12.5, 20], "area": 250, "segmentation": [[11, 11.5, 14.8, 11.7, 18.8, 11.7, 20.5, 13.8, 21.3, 17.1, 21.1, 19, 20.8, 21.3, 20.5, 24.2, 20.2, 26.9, 19.9, 28.6, 19, 30.7, 17.4, 31.5, 14.9, 31.5, 11.8, 31.4, 10, 31, 9, 29.8, 8.8, 26.8, 8.8, 23.4, 8.8, 19.9, 9, 16.7, 9, 14.1]], "iscrowd": 0}, {"id": 2808, "image_id": 500, "category_id": 6, "bbox": [8, 31, 14, 17.8], "area": 249.2, "segmentation": [[9.5, 30.6, 8.4, 33.8, 8, 36.5, 7.8, 39.4, 8, 42, 8.6, 45.8, 8.8, 47, 9.5, 46.9, 10.4, 47.1, 11.9, 47.5, 13, 47.7, 13.1, 45.6, 13.2, 43.5, 13.7, 41.4, 14.7, 41.4, 14.7, 43.1, 15, 44.7, 15.2, 46, 15.7, 47.7, 16.8, 48.4, 18.5, 47.5, 20.2, 47.9, 21.2, 46.8, 21.8, 46.2, 21.8, 42.8, 21.5, 40.2, 20.4, 37.3, 19.8, 34.4, 19.6, 32.6, 18.4, 30.6]], "iscrowd": 0}, {"id": 2809, "image_id": 500, "category_id": 2, "bbox": [2, 27, 3.2, 10.8], "area": 34.56, "segmentation": [[2.5, 26.6, 5, 26.7, 4.7, 28.5, 4.6, 30.7, 4.5, 33.3, 4.5, 35.3, 4.2, 37.2, 3.4, 37.4, 2.2, 37, 1.8, 35.5, 1.8, 31.8, 2, 29.4]], "iscrowd": 0}, {"id": 2810, "image_id": 500, "category_id": 2, "bbox": [22, 24, 3.4, 13.3], "area": 45.22, "segmentation": [[22.4, 23.6, 24.4, 24.1, 25.2, 24.3, 25.6, 27.2, 25.6, 30.4, 25.8, 33, 25.6, 35.2, 24.7, 36.9, 23, 36.4, 23.2, 35.2, 23.5, 33.9, 23.3, 31.7, 22.8, 27.9, 23, 25.8]], "iscrowd": 0}, {"id": 2811, "image_id": 500, "category_id": 3, "bbox": [9, 48, 3.9, 5.4], "area": 21.06, "segmentation": [[8.5, 47.5, 11.7, 47.6, 12.4, 49.4, 12.1, 51.1, 11.3, 52.3, 10.2, 52.9, 9, 52, 8.6, 50.1]], "iscrowd": 0}, {"id": 2812, "image_id": 500, "category_id": 3, "bbox": [16, 48, 4.7, 4.4], "area": 20.68, "segmentation": [[16.1, 48.1, 18.7, 47.8, 20.2, 47.6, 20.8, 50.2, 19.7, 52, 17.2, 52, 16.1, 51.1]], "iscrowd": 0}]}