{"categories": [{"id": 0, "name": "body-parts", "supercategory": "none"}, {"id": 1, "name": "Head", "supercategory": "body-parts"}, {"id": 2, "name": "Lower_Arm", "supercategory": "body-parts"}, {"id": 3, "name": "Lower_Leg", "supercategory": "body-parts"}, {"id": 4, "name": "Torso", "supercategory": "body-parts"}, {"id": 5, "name": "Upper_Arm", "supercategory": "body-parts"}, {"id": 6, "name": "Upper_Leg", "supercategory": "body-parts"}], "images": [{"id": 1188, "license": 1, "file_name": "15_right4.jpg", "height": 64, "width": 27, "date_captured": "2023-06-08T19:45:40+00:00"}], "annotations": [{"id": 6699, "image_id": 1188, "category_id": 1, "bbox": [13, 1, 5.7, 5.5], "area": 31.35, "segmentation": [[17, 6.5, 18.2, 3, 17.5, 1, 14.5, 1, 12.5, 2.6, 13, 6.5]], "iscrowd": 0}, {"id": 6700, "image_id": 1188, "category_id": 5, "bbox": [2, 5, 4.2, 10.7], "area": 44.94, "segmentation": [[5, 15.5, 6, 14.5, 5.3, 8.6, 5.5, 7.2, 5, 5.5, 1.8, 4.8, 2, 10.5, 2.3, 12.4, 3, 15.5]], "iscrowd": 0}, {"id": 6701, "image_id": 1188, "category_id": 4, "bbox": [13, 8, 12, 19], "area": 228, "segmentation": [[15, 26.5, 21, 24.5, 21, 16.5, 22.9, 14.5, 24, 12.5, 25, 11.5, 25, 10.5, 22.5, 8, 16.5, 8, 14, 9.5, 14, 12.5, 13, 13.5, 13, 19.5, 13.2, 20.5, 13.2, 21.7, 13, 23.5, 13, 25.5, 14.5, 27]], "iscrowd": 0}, {"id": 6702, "image_id": 1188, "category_id": 6, "bbox": [6, 26, 18, 11], "area": 198, "segmentation": [[10, 36.5, 12.5, 36, 15.5, 34, 19.5, 34, 21.5, 33, 24, 31.5, 24, 29.5, 20.5, 26, 18.5, 26, 11.4, 30.3, 10.5, 32, 6.8, 33.9, 6, 35.5, 8.5, 36, 9.5, 37]], "iscrowd": 0}, {"id": 6703, "image_id": 1188, "category_id": 3, "bbox": [5, 35, 15, 20], "area": 300, "segmentation": [[18, 54.5, 20, 49.5, 12, 40.5, 12, 39.5, 6.5, 35, 5, 36.5, 5, 37.5, 7, 39.5, 8, 42.5, 15, 48.5, 16, 50.5, 16, 53.5, 17.5, 55]], "iscrowd": 0}]}