{"categories": [{"id": 0, "name": "body-parts", "supercategory": "none"}, {"id": 1, "name": "Head", "supercategory": "body-parts"}, {"id": 2, "name": "Lower_Arm", "supercategory": "body-parts"}, {"id": 3, "name": "Lower_Leg", "supercategory": "body-parts"}, {"id": 4, "name": "Torso", "supercategory": "body-parts"}, {"id": 5, "name": "Upper_Arm", "supercategory": "body-parts"}, {"id": 6, "name": "Upper_Leg", "supercategory": "body-parts"}], "images": [{"id": 520, "license": 1, "file_name": "15_right7.jpg", "height": 64, "width": 27, "date_captured": "2023-06-08T19:45:40+00:00"}], "annotations": [{"id": 2917, "image_id": 520, "category_id": 4, "bbox": [11, 17, 10, 11], "area": 110, "segmentation": [[17, 27.5, 20, 26.5, 21, 19.5, 18.5, 17, 13.5, 17, 11, 19.5, 11, 25.5, 12.5, 27, 15.5, 27, 16.5, 28]], "iscrowd": 0}, {"id": 2918, "image_id": 520, "category_id": 6, "bbox": [10, 26, 12, 17.5], "area": 210, "segmentation": [[16, 43.5, 18, 41.5, 21, 35.5, 21, 33.5, 22, 32.5, 22, 28.5, 20.5, 26, 11, 26.5, 11, 36.5, 10, 37.5, 10, 43.5]], "iscrowd": 0}, {"id": 2919, "image_id": 520, "category_id": 3, "bbox": [16, 60, 4, 3.5], "area": 14, "segmentation": [[19, 63.5, 20, 61.5, 18.5, 60, 17.5, 60, 17, 62.5, 16, 63.5]], "iscrowd": 0}, {"id": 2920, "image_id": 520, "category_id": 3, "bbox": [11, 43, 8, 13.5], "area": 108, "segmentation": [[18, 56.5, 19, 55.5, 19, 49.5, 17, 47.5, 17, 44.5, 14.5, 43, 11.5, 43, 11, 44.5, 13, 47.5, 13, 50.5, 17, 55.5, 17, 56.5]], "iscrowd": 0}, {"id": 2921, "image_id": 520, "category_id": 2, "bbox": [0, 4, 3.978, 12.999], "area": 51.708, "segmentation": [[1.286, 4.143, 4.312, 4.329, 4.233, 15.744, 2.117, 17.142, 0.334, 14.18]], "iscrowd": 0}, {"id": 2922, "image_id": 520, "category_id": 5, "bbox": [22, 0, 4.857, 9.261], "area": 44.98, "segmentation": [[22.143, 1.857, 25.013, 0.067, 27, 2.375, 26.796, 9.328, 22.252, 2.374]], "iscrowd": 0}]}