{"categories": [{"id": 0, "name": "body-parts", "supercategory": "none"}, {"id": 1, "name": "Head", "supercategory": "body-parts"}, {"id": 2, "name": "Lower_Arm", "supercategory": "body-parts"}, {"id": 3, "name": "Lower_Leg", "supercategory": "body-parts"}, {"id": 4, "name": "Torso", "supercategory": "body-parts"}, {"id": 5, "name": "Upper_Arm", "supercategory": "body-parts"}, {"id": 6, "name": "Upper_Leg", "supercategory": "body-parts"}], "images": [{"id": 44, "license": 1, "file_name": "15_right6.jpg", "height": 64, "width": 27, "date_captured": "2023-06-08T19:45:40+00:00"}], "annotations": [{"id": 225, "image_id": 44, "category_id": 4, "bbox": [9, 12, 12.5, 14.3], "area": 178.75, "segmentation": [[20.6, 26.5, 9.7, 26.4, 9.4, 22.3, 9.4, 15.8, 10, 13.1, 19.9, 12.2, 21.9, 19.4]], "iscrowd": 0}, {"id": 226, "image_id": 44, "category_id": 6, "bbox": [10, 26, 12.5, 16.4], "area": 205, "segmentation": [[9.9, 26.6, 20.4, 26.3, 21.9, 29.3, 22.4, 32.1, 20.8, 35.1, 19.2, 37.6, 16, 40.8, 14.1, 42.5, 11, 42.7, 10.2, 42.3, 10.3, 38.4, 10.8, 35.6, 11.4, 33.5, 11.6, 29.8, 11, 28]], "iscrowd": 0}, {"id": 227, "image_id": 44, "category_id": 3, "bbox": [10, 42, 10.8, 21.3], "area": 230.04, "segmentation": [[14.4, 42.3, 16.5, 45, 18.6, 48.6, 19.7, 52.2, 19.7, 55.5, 20.8, 58.5, 20.8, 60.8, 19.3, 63, 16.5, 62.8, 18.4, 59.4, 17.9, 57.3, 15.1, 53.6, 13.2, 51, 11.5, 47.5, 10.2, 44.9, 10, 42.7, 10.6, 41.7]], "iscrowd": 0}]}