{"categories": [{"id": 0, "name": "body-parts", "supercategory": "none"}, {"id": 1, "name": "Head", "supercategory": "body-parts"}, {"id": 2, "name": "Lower_Arm", "supercategory": "body-parts"}, {"id": 3, "name": "Lower_Leg", "supercategory": "body-parts"}, {"id": 4, "name": "Torso", "supercategory": "body-parts"}, {"id": 5, "name": "Upper_Arm", "supercategory": "body-parts"}, {"id": 6, "name": "Upper_Leg", "supercategory": "body-parts"}], "images": [{"id": 916, "license": 1, "file_name": "15_right5.jpg", "height": 64, "width": 27, "date_captured": "2023-06-08T19:45:40+00:00"}], "annotations": [{"id": 5159, "image_id": 916, "category_id": 1, "bbox": [10, 0, 13, 5.5], "area": 71.5, "segmentation": [[12, 5.5, 15.5, 3, 18.5, 3, 20.5, 5, 23, 2.5, 23, 0.5, 11.5, 0, 10, 3.5, 11, 5.5]], "iscrowd": 0}, {"id": 5160, "image_id": 916, "category_id": 4, "bbox": [10, 12, 11, 16], "area": 176, "segmentation": [[15, 27.5, 16.5, 26, 19.5, 26, 20, 22.5, 21, 21.5, 20, 14.5, 17.5, 12, 12.5, 12, 11, 13.5, 11, 15.5, 10, 16.5, 11, 17.5, 10, 18.5, 10, 22.5, 11, 23.5, 11, 25.5, 12.5, 28]], "iscrowd": 0}, {"id": 5161, "image_id": 916, "category_id": 6, "bbox": [11, 25, 9, 18.5], "area": 166.5, "segmentation": [[14.477, 43.969, 17.477, 41.969, 19.477, 37.969, 19.477, 34.969, 20.477, 33.969, 20.477, 28.969, 19.477, 27.969, 18.977, 25.469, 16.977, 26.469, 13.977, 25.469, 11.477, 26.969, 11.477, 43.969]], "iscrowd": 0}, {"id": 5162, "image_id": 916, "category_id": 3, "bbox": [11, 43, 11, 20.5], "area": 225.5, "segmentation": [[22, 63.5, 22, 60.5, 20, 58.5, 20, 48.5, 17, 45.5, 16.5, 43, 12.5, 43, 11, 44.5, 11, 45.5, 13, 48.5, 13, 52.5, 17, 55.5, 17, 60.5, 18, 61.5, 18, 63.5]], "iscrowd": 0}, {"id": 5163, "image_id": 916, "category_id": 2, "bbox": [0, 4, 5.759, 11.967], "area": 68.917, "segmentation": [[3.429, 15.714, 3.371, 7.564, 4.796, 5.424, 5.917, 4.662, 2.729, 3.747, 1.296, 9.319, 0.403, 13.203, 0.158, 15.602]], "iscrowd": 0}]}