{"categories": [{"id": 0, "name": "body-parts", "supercategory": "none"}, {"id": 1, "name": "Head", "supercategory": "body-parts"}, {"id": 2, "name": "Lower_Arm", "supercategory": "body-parts"}, {"id": 3, "name": "Lower_Leg", "supercategory": "body-parts"}, {"id": 4, "name": "Torso", "supercategory": "body-parts"}, {"id": 5, "name": "Upper_Arm", "supercategory": "body-parts"}, {"id": 6, "name": "Upper_Leg", "supercategory": "body-parts"}], "images": [{"id": 782, "license": 1, "file_name": "15_right2.jpg", "height": 64, "width": 27, "date_captured": "2023-06-08T19:45:40+00:00"}], "annotations": [{"id": 4412, "image_id": 782, "category_id": 3, "bbox": [4, 34, 14.2, 19.9], "area": 282.58, "segmentation": [[15.8, 54.3, 18.2, 50, 17.6, 46.2, 15, 42.2, 13.7, 38.4, 10.5, 35.3, 7.2, 34.4, 4, 34.8, 5, 37.3, 7, 39.3, 9.9, 41.8, 12, 43.2, 14.1, 46.2, 14.7, 48.4, 14.6, 50.5, 14.3, 53.3]], "iscrowd": 0}, {"id": 4413, "image_id": 782, "category_id": 6, "bbox": [5, 26, 19, 10], "area": 190, "segmentation": [[22, 33.2, 23.7, 31.3, 23.8, 28.3, 22.8, 26.4, 21, 26.3, 18.8, 25.8, 16.7, 26.9, 13.6, 28.3, 11.4, 29.5, 9.3, 30.8, 6.4, 32, 5.1, 33.2, 4.8, 34.8, 7.3, 35.4, 10.4, 35.8, 15, 35.2, 18.4, 34.5, 20.8, 33.7]], "iscrowd": 0}, {"id": 4414, "image_id": 782, "category_id": 4, "bbox": [11, 9, 11.2, 18.5], "area": 207.2, "segmentation": [[22.2, 25.8, 22.3, 22.3, 21.9, 20, 20.7, 16.2, 20.6, 13.4, 20.1, 10.4, 19.1, 8.5, 17.5, 8.5, 15.3, 8.9, 13.1, 9.2, 12.5, 11.8, 11.7, 14.1, 11.1, 16.9, 11.1, 18.9, 11.7, 21.4, 12.9, 24, 14.1, 26.5, 15.9, 27, 18.3, 27, 20, 26.6]], "iscrowd": 0}, {"id": 4415, "image_id": 782, "category_id": 2, "bbox": [0, 4, 5.1, 13.3], "area": 67.83, "segmentation": [[4.1, 16.1, 4.3, 11.6, 4.3, 8.8, 5, 6.9, 5.5, 5.4, 4.1, 4.4, 2.1, 4.8, 1.7, 6.7, 1.7, 8.3, 1.1, 11, 0.6, 12.5, 0.4, 14.2, 0.7, 16.8, 2.5, 17.7]], "iscrowd": 0}, {"id": 4416, "image_id": 782, "category_id": 1, "bbox": [11, 2, 5.3, 6.4], "area": 33.92, "segmentation": [[10.6, 4.7, 11.7, 2.6, 14, 1.5, 15.6, 2.2, 15.9, 4.1, 15.3, 6.7, 12.6, 7.9, 12, 7.8, 10.6, 7.1]], "iscrowd": 0}, {"id": 4417, "image_id": 782, "category_id": 5, "bbox": [18, 7, 8.6, 9.4], "area": 80.84, "segmentation": [[19.3, 7.7, 22.2, 8.7, 24, 10.1, 24.9, 12.1, 25.7, 13.6, 27, 15.4, 26.6, 16.8, 24.7, 16.1, 22.3, 14.7, 20.6, 13.8, 19.5, 11.7, 18.7, 9.7, 18.4, 7.4]], "iscrowd": 0}, {"id": 4418, "image_id": 782, "category_id": 2, "bbox": [26, 16, 1.5, 12.6], "area": 18.9, "segmentation": [[25.9, 28.5, 25.5, 17, 26.1, 16.2, 27, 16.3, 27, 28.8]], "iscrowd": 0}]}