{"categories": [{"id": 0, "name": "body-parts", "supercategory": "none"}, {"id": 1, "name": "Head", "supercategory": "body-parts"}, {"id": 2, "name": "Lower_Arm", "supercategory": "body-parts"}, {"id": 3, "name": "Lower_Leg", "supercategory": "body-parts"}, {"id": 4, "name": "Torso", "supercategory": "body-parts"}, {"id": 5, "name": "Upper_Arm", "supercategory": "body-parts"}, {"id": 6, "name": "Upper_Leg", "supercategory": "body-parts"}], "images": [{"id": 1162, "license": 1, "file_name": "15_right3.jpg", "height": 64, "width": 27, "date_captured": "2023-06-08T19:45:40+00:00"}], "annotations": [{"id": 6541, "image_id": 1162, "category_id": 1, "bbox": [12, 1, 6, 5.5], "area": 33, "segmentation": [[17, 6.5, 18, 5.5, 18, 2.5, 16.5, 1, 13.5, 1, 12, 2.5, 12, 6.5]], "iscrowd": 0}, {"id": 6542, "image_id": 1162, "category_id": 3, "bbox": [11, 42, 9, 14], "area": 126, "segmentation": [[19, 55.5, 20, 54.5, 20, 48.5, 17, 44.5, 17, 43.5, 15.5, 42, 13.5, 42, 11.5, 43, 11, 44.5, 13, 46.5, 13, 48.5, 16, 52.5, 16, 53.5, 18.5, 56]], "iscrowd": 0}, {"id": 6543, "image_id": 1162, "category_id": 3, "bbox": [18, 62, 2, 2], "area": 4, "segmentation": [[20, 63.5, 19.5, 62, 18, 62.5, 18.5, 64]], "iscrowd": 0}, {"id": 6544, "image_id": 1162, "category_id": 6, "bbox": [2, 36, 7, 7], "area": 49, "segmentation": [[8, 42.5, 9, 41.5, 9, 37.5, 7.5, 36, 4.5, 36, 2, 37.5, 2, 40.5, 4.5, 43]], "iscrowd": 0}, {"id": 6545, "image_id": 1162, "category_id": 6, "bbox": [12, 25, 9, 16.5], "area": 148.5, "segmentation": [[17, 41.5, 18.2, 39.4, 20, 34.5, 21, 33.5, 21, 29.5, 20.4, 27.1, 19.5, 25, 17.5, 26, 15.3, 26.4, 13.5, 27, 12, 28.5, 12, 41.5]], "iscrowd": 0}, {"id": 6546, "image_id": 1162, "category_id": 2, "bbox": [1, 4, 4.9, 14.1], "area": 69.09, "segmentation": [[4, 17.5, 5.9, 14.9, 4.6, 3.9, 1.3, 4.7, 1, 11.5, 1, 16.5, 2.5, 18]], "iscrowd": 0}, {"id": 6547, "image_id": 1162, "category_id": 4, "bbox": [9, 7, 11.8, 20.2], "area": 238.36, "segmentation": [[11.7, 27.6, 20, 24.2, 20.9, 18.6, 20.3, 15.8, 20.5, 13.4, 17.5, 9.8, 16.8, 7.7, 14.6, 7.4, 12.1, 7.6, 11.2, 10.2, 10.7, 14, 10.1, 16.9, 9.1, 20.1, 9.4, 22.2, 10.1, 25, 10.4, 25.7]], "iscrowd": 0}, {"id": 6548, "image_id": 1162, "category_id": 5, "bbox": [18, 7, 8.9, 9.2], "area": 81.88, "segmentation": [[17.6, 7.6, 20.7, 7.2, 23.2, 9, 25, 11.4, 26.5, 13.9, 26.2, 15.8, 25.3, 16.4, 22, 14.5, 19.9, 12.8, 18.2, 11.2]], "iscrowd": 0}, {"id": 6549, "image_id": 1162, "category_id": 2, "bbox": [25, 15, 1.8, 13.5], "area": 24.3, "segmentation": [[25.2, 28.2, 25.8, 23.5, 25.4, 19.5, 25.4, 17.1, 25.6, 15.8, 26.3, 14.7, 27, 14.9, 27, 17.6, 27, 21.8, 27, 25.7, 26.8, 28]], "iscrowd": 0}]}