{"categories": [{"id": 0, "name": "body-parts", "supercategory": "none"}, {"id": 1, "name": "Head", "supercategory": "body-parts"}, {"id": 2, "name": "Lower_Arm", "supercategory": "body-parts"}, {"id": 3, "name": "Lower_Leg", "supercategory": "body-parts"}, {"id": 4, "name": "Torso", "supercategory": "body-parts"}, {"id": 5, "name": "Upper_Arm", "supercategory": "body-parts"}, {"id": 6, "name": "Upper_Leg", "supercategory": "body-parts"}], "images": [{"id": 783, "license": 1, "file_name": "15_supine3.jpg", "height": 64, "width": 27, "date_captured": "2023-06-08T19:45:40+00:00"}], "annotations": [{"id": 4419, "image_id": 783, "category_id": 1, "bbox": [13, 4, 6, 3], "area": 18, "segmentation": [[19, 6.5, 19, 5.5, 17.5, 4, 15.5, 4, 13, 5.5, 14.5, 7]], "iscrowd": 0}, {"id": 4420, "image_id": 783, "category_id": 4, "bbox": [8, 8, 16, 15.4], "area": 246.4, "segmentation": [[19.9, 23.3, 21, 20.5, 22, 14.5, 24, 12.5, 24, 8.5, 21.5, 8, 20.5, 9, 11.5, 9, 10.5, 8, 8.5, 8, 8, 12.5, 9, 13.5, 9, 16.5, 9.5, 21, 12.1, 23.4]], "iscrowd": 0}, {"id": 4421, "image_id": 783, "category_id": 6, "bbox": [9, 28, 13, 17.5], "area": 227.5, "segmentation": [[19, 45.5, 21, 41.5, 22, 30.5, 19.5, 28, 11.5, 28, 9, 30.5, 10, 42.5, 11.5, 45, 12.5, 45, 14, 40.9, 16.4, 40.6, 17, 45.5]], "iscrowd": 0}, {"id": 4422, "image_id": 783, "category_id": 3, "bbox": [16, 49, 5, 11.5], "area": 57.5, "segmentation": [[19, 60.5, 20, 56.5, 21, 55.5, 21, 50.5, 19.5, 49, 18.5, 49, 16, 51.5, 16, 54.5, 17, 55.5, 17, 60.5]], "iscrowd": 0}, {"id": 4423, "image_id": 783, "category_id": 3, "bbox": [9, 49, 5, 11.5], "area": 57.5, "segmentation": [[12, 60.5, 12, 55.5, 14, 52.5, 14, 50.5, 12.5, 49, 10.5, 49, 9, 50.5, 9, 57.5, 10, 58.5, 10, 60.5]], "iscrowd": 0}]}