{"categories": [{"id": 0, "name": "body-parts", "supercategory": "none"}, {"id": 1, "name": "Head", "supercategory": "body-parts"}, {"id": 2, "name": "Lower_Arm", "supercategory": "body-parts"}, {"id": 3, "name": "Lower_Leg", "supercategory": "body-parts"}, {"id": 4, "name": "Torso", "supercategory": "body-parts"}, {"id": 5, "name": "Upper_Arm", "supercategory": "body-parts"}, {"id": 6, "name": "Upper_Leg", "supercategory": "body-parts"}], "images": [{"id": 773, "license": 1, "file_name": "15_supine7.jpg", "height": 64, "width": 27, "date_captured": "2023-06-08T19:45:40+00:00"}], "annotations": [{"id": 4361, "image_id": 773, "category_id": 1, "bbox": [9, 2, 13, 5], "area": 65, "segmentation": [[21, 6.5, 22, 4.5, 18.5, 2, 10.5, 2, 9, 3.5, 9, 5.5, 10.5, 6.3, 12.5, 7]], "iscrowd": 0}, {"id": 4362, "image_id": 773, "category_id": 4, "bbox": [8, 11, 14, 16.5], "area": 231, "segmentation": [[20, 27.5, 20.2, 25.3, 20.5, 23.3, 21, 20.5, 22, 19.5, 22, 12.5, 19.5, 11, 11.5, 11, 9.5, 12, 8, 13.5, 8, 16.5, 8.4, 19, 10, 27.5]], "iscrowd": 0}, {"id": 4363, "image_id": 773, "category_id": 2, "bbox": [0, 18, 6, 11], "area": 66, "segmentation": [[5, 28.5, 5, 26.5, 6, 25.5, 6, 19.5, 4.5, 18, 1.5, 18, 0, 20.5, 0, 27.5, 1.5, 29]], "iscrowd": 0}, {"id": 4364, "image_id": 773, "category_id": 2, "bbox": [24, 19, 3.1, 10.5], "area": 32.55, "segmentation": [[27, 29.5, 27, 19.5, 25.5, 19, 24, 20.5, 23.9, 24.4, 24.5, 26.8, 25.7, 28.9]], "iscrowd": 0}, {"id": 4365, "image_id": 773, "category_id": 6, "bbox": [8, 28, 13, 9], "area": 117, "segmentation": [[20, 36.5, 21, 35.5, 21, 29.5, 19.5, 28, 10.5, 28, 9, 29.5, 8, 33.5, 10.5, 37]], "iscrowd": 0}, {"id": 4366, "image_id": 773, "category_id": 3, "bbox": [6, 39, 19, 16], "area": 304, "segmentation": [[23, 54.5, 25, 53.5, 25, 49.5, 24, 48.5, 24, 46.5, 25, 45.5, 24, 44.5, 24, 42.5, 21.5, 40, 19.5, 39, 18.5, 40, 15.5, 40, 14.5, 41, 13.5, 40, 10.5, 40, 8, 42.9, 8, 44.5, 7, 45.5, 6, 52.5, 7.5, 54, 19.5, 54, 20.5, 55]], "iscrowd": 0}]}