{"categories": [{"id": 0, "name": "body-parts", "supercategory": "none"}, {"id": 1, "name": "Head", "supercategory": "body-parts"}, {"id": 2, "name": "Lower_Arm", "supercategory": "body-parts"}, {"id": 3, "name": "Lower_Leg", "supercategory": "body-parts"}, {"id": 4, "name": "Torso", "supercategory": "body-parts"}, {"id": 5, "name": "Upper_Arm", "supercategory": "body-parts"}, {"id": 6, "name": "Upper_Leg", "supercategory": "body-parts"}], "images": [{"id": 144, "license": 1, "file_name": "15_supine4.jpg", "height": 64, "width": 27, "date_captured": "2023-06-08T19:45:40+00:00"}], "annotations": [{"id": 816, "image_id": 144, "category_id": 6, "bbox": [8, 26, 14.3, 16.5], "area": 235.95, "segmentation": [[20, 42.5, 21, 40.5, 21, 37.5, 22, 36.5, 22, 28.5, 21, 26.5, 18.5, 26, 15.5, 26, 12.5, 26.3, 10.5, 26, 8.6, 28.2, 7.7, 31.8, 10, 35.5, 11.5, 37, 15.5, 37, 17.5, 38, 18, 42.5]], "iscrowd": 0}, {"id": 817, "image_id": 144, "category_id": 3, "bbox": [8, 50, 14, 13.6], "area": 190.4, "segmentation": [[21, 63.5, 21, 56.5, 22, 55.5, 22, 51.5, 20.5, 50, 18.5, 50, 16.5, 53, 14.5, 53, 11.5, 51, 9, 53.5, 9, 57.5, 8, 58.5, 8, 61.5, 11.9, 57.6, 14.3, 55.2, 16.7, 55.9, 17.4, 59.8, 16.5, 63.6]], "iscrowd": 0}, {"id": 818, "image_id": 144, "category_id": 4, "bbox": [8, 10, 16, 19], "area": 304, "segmentation": [[21, 28.5, 21, 25.5, 22, 24.5, 22, 21.5, 23, 20.5, 24, 12.5, 21.5, 11, 18.5, 11, 17.5, 10, 14.5, 10, 13.5, 11, 10.5, 11, 8.5, 12, 8, 16.5, 9, 17.5, 10, 27.5, 19.5, 28, 20.5, 29]], "iscrowd": 0}, {"id": 819, "image_id": 144, "category_id": 5, "bbox": [2, 12, 6.3, 10.9], "area": 68.67, "segmentation": [[5, 22.5, 5, 19.5, 8, 14.5, 8.3, 11.6, 6.9, 12, 5.5, 14.9, 2, 19.5, 2, 22.5]], "iscrowd": 0}, {"id": 820, "image_id": 144, "category_id": 2, "bbox": [2, 21, 2.6, 15.5], "area": 40.3, "segmentation": [[4.6, 34.6, 4.5, 21, 4, 22.5, 2, 23.5, 2, 36.5]], "iscrowd": 0}, {"id": 821, "image_id": 144, "category_id": 5, "bbox": [24, 13, 3, 13], "area": 39, "segmentation": [[27, 25.5, 27, 13.8, 24.7, 13, 24, 15, 25.4, 19.6, 25.1, 24, 26.5, 26]], "iscrowd": 0}, {"id": 822, "image_id": 144, "category_id": 1, "bbox": [12, 1, 6.2, 5.2], "area": 32.24, "segmentation": [[13.9, 6.4, 12, 4.3, 12.4, 2.5, 14.5, 1.3, 16.5, 1.6, 18.2, 3.1, 17.9, 5, 16.6, 6.5]], "iscrowd": 0}]}