{"categories": [{"id": 0, "name": "body-parts", "supercategory": "none"}, {"id": 1, "name": "Head", "supercategory": "body-parts"}, {"id": 2, "name": "Lower_Arm", "supercategory": "body-parts"}, {"id": 3, "name": "Lower_Leg", "supercategory": "body-parts"}, {"id": 4, "name": "Torso", "supercategory": "body-parts"}, {"id": 5, "name": "Upper_Arm", "supercategory": "body-parts"}, {"id": 6, "name": "Upper_Leg", "supercategory": "body-parts"}], "images": [{"id": 1725, "license": 1, "file_name": "15_supine6.jpg", "height": 64, "width": 27, "date_captured": "2023-06-08T19:45:40+00:00"}], "annotations": [{"id": 9748, "image_id": 1725, "category_id": 1, "bbox": [10, 2, 13, 7], "area": 91, "segmentation": [[17, 8.5, 21.5, 8, 23, 6.5, 22, 5.5, 22, 3.5, 20.5, 2, 11.5, 2, 10, 3.5, 10, 5.5, 11.5, 7, 15.5, 9]], "iscrowd": 0}, {"id": 9749, "image_id": 1725, "category_id": 4, "bbox": [8, 11, 16, 16.5], "area": 264, "segmentation": [[21, 27.5, 22, 17.5, 24, 15.5, 24, 13.5, 20.5, 11, 12.5, 11, 8.5, 13, 8, 15.5, 9, 16.5, 9, 19.5, 10, 20.5, 10, 27.5]], "iscrowd": 0}, {"id": 9750, "image_id": 1725, "category_id": 6, "bbox": [9, 28, 13, 17], "area": 221, "segmentation": [[20, 44.5, 21, 43.5, 21, 39.5, 22, 38.5, 22, 30.5, 21, 28.5, 11.5, 28, 9, 30.5, 9, 34.5, 10, 35.5, 10, 41.5, 11, 43.5, 13, 43.5, 13, 41.5, 14, 40.5, 14.5, 38, 17.5, 38, 18, 43.5, 19.5, 45]], "iscrowd": 0}, {"id": 9751, "image_id": 1725, "category_id": 3, "bbox": [9, 48, 4, 15.5], "area": 62, "segmentation": [[13, 63.5, 12, 62.5, 12, 54.5, 13, 53.5, 13, 49.5, 11.5, 48, 9, 50.5, 9, 63.5]], "iscrowd": 0}, {"id": 9752, "image_id": 1725, "category_id": 3, "bbox": [18, 49, 5, 14.5], "area": 72.5, "segmentation": [[21, 63.5, 21, 59.5, 22, 58.5, 23, 52.5, 22, 50.5, 20.5, 49, 19.5, 49, 18, 51.5, 18, 55.5, 19, 56.5, 19, 63.5]], "iscrowd": 0}, {"id": 9753, "image_id": 1725, "category_id": 5, "bbox": [2, 13, 7, 10], "area": 70, "segmentation": [[5, 22.5, 5, 20.5, 6, 19.5, 5, 18.5, 9, 16.5, 8.5, 13, 7.5, 13, 7, 14.5, 2, 19.5, 2, 21.5, 4.5, 23]], "iscrowd": 0}, {"id": 9754, "image_id": 1725, "category_id": 2, "bbox": [1, 19, 4, 12.5], "area": 50, "segmentation": [[2, 31.5, 2, 30.5, 4, 28.5, 4, 24.5, 5, 23.5, 5, 20.5, 3.5, 19, 1, 20.5, 1, 31.5]], "iscrowd": 0}, {"id": 9755, "image_id": 1725, "category_id": 5, "bbox": [22, 12, 4, 6], "area": 24, "segmentation": [[26, 17.5, 26, 15.5, 22.5, 12, 22, 14.5, 25.5, 18]], "iscrowd": 0}, {"id": 9756, "image_id": 1725, "category_id": 2, "bbox": [26, 18, 1, 6.5], "area": 6.5, "segmentation": [[27, 24.5, 27, 20.5, 26.5, 18, 26, 24.5]], "iscrowd": 0}]}