{"categories": [{"id": 0, "name": "body-parts", "supercategory": "none"}, {"id": 1, "name": "Head", "supercategory": "body-parts"}, {"id": 2, "name": "Lower_Arm", "supercategory": "body-parts"}, {"id": 3, "name": "Lower_Leg", "supercategory": "body-parts"}, {"id": 4, "name": "Torso", "supercategory": "body-parts"}, {"id": 5, "name": "Upper_Arm", "supercategory": "body-parts"}, {"id": 6, "name": "Upper_Leg", "supercategory": "body-parts"}], "images": [{"id": 903, "license": 1, "file_name": "15_supine2.jpg", "height": 64, "width": 27, "date_captured": "2023-06-08T19:45:40+00:00"}], "annotations": [{"id": 5087, "image_id": 903, "category_id": 1, "bbox": [10, 2, 10.189, 5.841], "area": 59.517, "segmentation": [[13.714, 2.429, 17.586, 3.482, 20.449, 4.613, 18.393, 6.778, 15.557, 8.27, 12.325, 6.75, 10.26, 4.368]], "iscrowd": 0}, {"id": 5088, "image_id": 903, "category_id": 4, "bbox": [9, 11, 12.631, 16.679], "area": 210.669, "segmentation": [[8.857, 12.143, 9.131, 27.648, 20.844, 28.142, 21.488, 16.493, 20.673, 11.464]], "iscrowd": 0}, {"id": 5089, "image_id": 903, "category_id": 5, "bbox": [1, 13, 8.267, 14.196], "area": 117.357, "segmentation": [[8.857, 12.571, 9.015, 17.226, 5.211, 22.146, 4.698, 26.768, 0.748, 25.072]], "iscrowd": 0}, {"id": 5090, "image_id": 903, "category_id": 5, "bbox": [21, 11, 5.857, 9.578], "area": 56.1, "segmentation": [[21.143, 10.714, 25.513, 15.042, 27, 17.451, 25.113, 20.292, 21.469, 16.521]], "iscrowd": 0}, {"id": 5091, "image_id": 903, "category_id": 2, "bbox": [24, 19, 2.525, 13.335], "area": 33.667, "segmentation": [[26.714, 18.857, 24.475, 21.017, 26.271, 31.938, 27, 32.193]], "iscrowd": 0}, {"id": 5092, "image_id": 903, "category_id": 2, "bbox": [1, 25, 3.36, 13.382], "area": 44.961, "segmentation": [[1.429, 25.429, 4.789, 25.644, 4.557, 35.424, 1.983, 38.81]], "iscrowd": 0}, {"id": 5093, "image_id": 903, "category_id": 3, "bbox": [12, 47, 7.898, 16.571], "area": 130.888, "segmentation": [[15.571, 47.429, 18.806, 47.852, 20.005, 53.269, 18.316, 57.257, 16.892, 59.887, 16.392, 61.939, 18.127, 64, 12.107, 63.96, 14.806, 60.672, 14.845, 56.758, 14.051, 54.837, 14.214, 49.819]], "iscrowd": 0}, {"id": 5094, "image_id": 903, "category_id": 6, "bbox": [8, 28, 14.182, 19.036], "area": 269.962, "segmentation": [[10.143, 28.429, 19.811, 28.347, 21.892, 34.329, 20.443, 43.233, 18.939, 46.973, 16.493, 46.934, 16.14, 40.443, 15.881, 38.58, 13.955, 38.58, 13.822, 42.574, 10.41, 39.142, 7.947, 35.526, 7.71, 33.03, 9.57, 28.849, 10.478, 28.81, 10.544, 28.81, 12.282, 27.938, 13.983, 28.578, 20.079, 28.245, 8.891, 29.194]], "iscrowd": 0}]}