{"categories": [{"id": 0, "name": "body-parts", "supercategory": "none"}, {"id": 1, "name": "Head", "supercategory": "body-parts"}, {"id": 2, "name": "Lower_Arm", "supercategory": "body-parts"}, {"id": 3, "name": "Lower_Leg", "supercategory": "body-parts"}, {"id": 4, "name": "Torso", "supercategory": "body-parts"}, {"id": 5, "name": "Upper_Arm", "supercategory": "body-parts"}, {"id": 6, "name": "Upper_Leg", "supercategory": "body-parts"}], "images": [{"id": 1722, "license": 1, "file_name": "2_left6.jpg", "height": 64, "width": 27, "date_captured": "2023-06-08T19:45:40+00:00"}], "annotations": [{"id": 9731, "image_id": 1722, "category_id": 6, "bbox": [2, 26, 12.6, 21.1], "area": 265.86, "segmentation": [[4.7, 25.9, 13.3, 27, 14.5, 31.4, 14.4, 38.2, 13.9, 43.8, 13.9, 47, 9.1, 47, 7, 38.6, 3.1, 35, 1.9, 32.2, 3.9, 29.2, 3.7, 27.2]], "iscrowd": 0}, {"id": 9732, "image_id": 1722, "category_id": 3, "bbox": [8, 47, 6.1, 16.6], "area": 101.26, "segmentation": [[9.1, 47.4, 14, 47.4, 13.9, 55.2, 11.5, 61.5, 12.7, 63.9, 9.5, 64, 8, 62.6, 8.8, 60.5, 8, 55.1, 7.9, 50.5]], "iscrowd": 0}, {"id": 9733, "image_id": 1722, "category_id": 4, "bbox": [5, 13, 10.8, 13.7], "area": 147.96, "segmentation": [[13.7, 26.3, 4.5, 25.4, 5.6, 16.2, 7.8, 12.6, 13.5, 14.1, 15.3, 18.2, 13.7, 22.8]], "iscrowd": 0}, {"id": 9734, "image_id": 1722, "category_id": 5, "bbox": [8, 8, 15.6, 9.3], "area": 145.08, "segmentation": [[9.4, 10.3, 13.8, 8.6, 16, 8.3, 18.6, 11.2, 21.9, 13, 23.7, 15, 22.7, 17.6, 16.8, 15.3, 13.6, 13.6, 8.1, 12]], "iscrowd": 0}]}