{"categories": [{"id": 0, "name": "body-parts", "supercategory": "none"}, {"id": 1, "name": "Head", "supercategory": "body-parts"}, {"id": 2, "name": "Lower_Arm", "supercategory": "body-parts"}, {"id": 3, "name": "Lower_Leg", "supercategory": "body-parts"}, {"id": 4, "name": "Torso", "supercategory": "body-parts"}, {"id": 5, "name": "Upper_Arm", "supercategory": "body-parts"}, {"id": 6, "name": "Upper_Leg", "supercategory": "body-parts"}], "images": [{"id": 511, "license": 1, "file_name": "2_left2.jpg", "height": 64, "width": 27, "date_captured": "2023-06-08T19:45:40+00:00"}], "annotations": [{"id": 2869, "image_id": 511, "category_id": 5, "bbox": [13, 9, 12, 10], "area": 120, "segmentation": [[23, 18.5, 25, 15.5, 23.5, 14, 21.5, 15, 16.5, 9, 14.5, 9, 13, 10.5, 15.202, 14.466, 16.62, 15.579, 18.5, 16, 22.5, 19]], "iscrowd": 0}, {"id": 2870, "image_id": 511, "category_id": 1, "bbox": [17, 4, 5, 6], "area": 30, "segmentation": [[20, 9.5, 22, 7.5, 22, 6.5, 19.5, 4, 18.5, 4, 17, 5.5, 17, 8.5, 19.5, 10]], "iscrowd": 0}, {"id": 2871, "image_id": 511, "category_id": 4, "bbox": [5, 9, 12.923, 18.5], "area": 239.068, "segmentation": [[12, 27.5, 14, 26.5, 16, 22.5, 16, 18.5, 15, 16.5, 18, 14.5, 18, 10.5, 16.5, 9, 14.5, 9, 10, 12.5, 7.912, 16.389, 8, 18.5, 6.191, 22.259, 5.077, 24.485, 5.685, 26.813, 6.596, 27.319, 8, 27.5]], "iscrowd": 0}, {"id": 2872, "image_id": 511, "category_id": 2, "bbox": [18, 21, 4, 4], "area": 16, "segmentation": [[21, 24.5, 22, 22.5, 20.5, 21, 18.5, 21, 18, 23.5, 19.5, 25]], "iscrowd": 0}, {"id": 2873, "image_id": 511, "category_id": 6, "bbox": [5, 28, 16, 15.5], "area": 248, "segmentation": [[19.556, 43.007, 21, 43.5, 21, 41.5, 18, 38.5, 18, 37.5, 11, 29.5, 10.5, 28, 6.5, 28, 5, 29.5, 5, 32.5, 6, 34.5, 11.5, 37, 16, 41.5, 15, 43.5, 18.037, 43.108]], "iscrowd": 0}, {"id": 2874, "image_id": 511, "category_id": 3, "bbox": [3, 43, 18, 13.5], "area": 243, "segmentation": [[6, 56.5, 6, 53.5, 7, 52.5, 7.204, 50.395, 9.5, 50, 12.5, 48, 15.5, 48, 19.5, 46, 21, 44.5, 21, 43.5, 20.5, 43, 19.5, 44, 16.5, 44, 15.5, 43, 14.5, 44, 12.5, 44, 6.799, 47.763, 5.5, 49, 3, 51.5, 3, 56.5]], "iscrowd": 0}]}