{"categories": [{"id": 0, "name": "body-parts", "supercategory": "none"}, {"id": 1, "name": "Head", "supercategory": "body-parts"}, {"id": 2, "name": "Lower_Arm", "supercategory": "body-parts"}, {"id": 3, "name": "Lower_Leg", "supercategory": "body-parts"}, {"id": 4, "name": "Torso", "supercategory": "body-parts"}, {"id": 5, "name": "Upper_Arm", "supercategory": "body-parts"}, {"id": 6, "name": "Upper_Leg", "supercategory": "body-parts"}], "images": [{"id": 67, "license": 1, "file_name": "2_left4.jpg", "height": 64, "width": 27, "date_captured": "2023-06-08T19:45:40+00:00"}], "annotations": [{"id": 360, "image_id": 67, "category_id": 1, "bbox": [16, 3, 4, 6], "area": 24, "segmentation": [[19, 8.5, 20, 7.5, 20, 4.5, 18.5, 3, 17.5, 3, 16, 4.5, 16, 7.5, 17.5, 9]], "iscrowd": 0}, {"id": 361, "image_id": 67, "category_id": 6, "bbox": [6, 25, 8.089, 17.5], "area": 141.55, "segmentation": [[14, 42.5, 14, 34.5, 14.089, 31.975, 14, 29.5, 13.684, 25.7, 11.557, 25.295, 9.5, 25, 8.52, 25.902, 8, 26.5, 6, 29.5, 6, 34.5, 7, 36.5, 9, 37.5, 9, 40.5, 10, 42.5]], "iscrowd": 0}, {"id": 362, "image_id": 67, "category_id": 4, "bbox": [7, 8, 11.24, 16], "area": 179.837, "segmentation": [[12, 23.5, 14.5, 23, 16, 17.5, 17.43, 16.996, 17.329, 16.085, 18.24, 13.96, 18, 9.5, 15.5, 8, 9.735, 10.62, 8, 17.5, 7, 18.5, 7, 22.5, 8.5, 24]], "iscrowd": 0}, {"id": 363, "image_id": 67, "category_id": 2, "bbox": [17, 14, 6.57, 5.939], "area": 39.02, "segmentation": [[22, 19.5, 24, 16.5, 23.1, 14.061, 20.569, 14.162, 17.43, 16.895, 19.5, 20]], "iscrowd": 0}, {"id": 364, "image_id": 67, "category_id": 3, "bbox": [21, 38, 5, 4.5], "area": 22.5, "segmentation": [[25, 42.5, 26, 41.5, 25, 38.5, 21.5, 38, 21, 42.5]], "iscrowd": 0}, {"id": 365, "image_id": 67, "category_id": 3, "bbox": [9, 43, 5, 16.5], "area": 82.5, "segmentation": [[11, 59.5, 13, 56.5, 13, 46.5, 14, 45.5, 13.5, 43, 10, 43.5, 9, 57.5, 10, 59.5]], "iscrowd": 0}]}