{"categories": [{"id": 0, "name": "body-parts", "supercategory": "none"}, {"id": 1, "name": "Head", "supercategory": "body-parts"}, {"id": 2, "name": "Lower_Arm", "supercategory": "body-parts"}, {"id": 3, "name": "Lower_Leg", "supercategory": "body-parts"}, {"id": 4, "name": "Torso", "supercategory": "body-parts"}, {"id": 5, "name": "Upper_Arm", "supercategory": "body-parts"}, {"id": 6, "name": "Upper_Leg", "supercategory": "body-parts"}], "images": [{"id": 145, "license": 1, "file_name": "2_left3.jpg", "height": 64, "width": 27, "date_captured": "2023-06-08T19:45:40+00:00"}], "annotations": [{"id": 823, "image_id": 145, "category_id": 1, "bbox": [16, 4, 5, 5], "area": 25, "segmentation": [[20, 8.5, 21, 7.5, 21, 5.5, 19.5, 4, 17.5, 4, 16, 5.5, 16, 7.5, 17.5, 9]], "iscrowd": 0}, {"id": 824, "image_id": 145, "category_id": 4, "bbox": [5, 9, 15, 18.5], "area": 277.5, "segmentation": [[12, 27.5, 14.291, 27.016, 15.506, 25.194, 16.62, 23.676, 17.734, 22.056, 18.645, 19.02, 20, 10.5, 18.5, 9, 9.33, 9.608, 7.71, 12.847, 6, 16.5, 5, 17.5, 5, 27.5]], "iscrowd": 0}, {"id": 825, "image_id": 145, "category_id": 6, "bbox": [3, 28, 16, 15], "area": 240, "segmentation": [[19, 42.5, 17.632, 37.643, 16.114, 35.821, 14.595, 34.1, 13.076, 31.469, 12.5, 29, 11.5, 28, 5.5, 28, 3, 31.5, 3, 34.5, 5, 36.5, 5, 37.5, 8.5, 40, 10.5, 40, 14.5, 42, 17.5, 42, 18.5, 43]], "iscrowd": 0}, {"id": 826, "image_id": 145, "category_id": 3, "bbox": [5, 52, 4, 8], "area": 32, "segmentation": [[9, 59.5, 9, 52.5, 6.5, 52, 5, 53.5, 5, 55.5, 6, 56.5, 6, 58.5, 7.5, 60]], "iscrowd": 0}, {"id": 827, "image_id": 145, "category_id": 3, "bbox": [9, 41, 10, 10.5], "area": 105, "segmentation": [[10, 51.5, 13.5, 50, 19, 44.5, 18.5, 41, 15.5, 44, 14.5, 44, 11.5, 48, 10.5, 48, 9, 49.5, 9, 51.5]], "iscrowd": 0}, {"id": 828, "image_id": 145, "category_id": 5, "bbox": [18, 15, 4, 6], "area": 24, "segmentation": [[21, 20.5, 22, 19.5, 22, 16.5, 20.5, 15, 18, 19.5, 19.5, 21]], "iscrowd": 0}]}