{"categories": [{"id": 0, "name": "body-parts", "supercategory": "none"}, {"id": 1, "name": "Head", "supercategory": "body-parts"}, {"id": 2, "name": "Lower_Arm", "supercategory": "body-parts"}, {"id": 3, "name": "Lower_Leg", "supercategory": "body-parts"}, {"id": 4, "name": "Torso", "supercategory": "body-parts"}, {"id": 5, "name": "Upper_Arm", "supercategory": "body-parts"}, {"id": 6, "name": "Upper_Leg", "supercategory": "body-parts"}], "images": [{"id": 1001, "license": 1, "file_name": "2_prone5.jpg", "height": 64, "width": 27, "date_captured": "2023-06-08T19:45:40+00:00"}], "annotations": [{"id": 5649, "image_id": 1001, "category_id": 1, "bbox": [11, 3, 7.544, 6], "area": 45.263, "segmentation": [[18, 8.5, 19, 7.5, 19, 5.5, 17.5, 3, 13.5, 3, 12.5, 4, 11.557, 4.244, 11.456, 5.56, 11.5, 7, 12.671, 8.191, 14.5, 9]], "iscrowd": 0}, {"id": 5650, "image_id": 1001, "category_id": 6, "bbox": [22, 37, 5, 6.5], "area": 32.5, "segmentation": [[27, 43.5, 27, 37.5, 22.5, 37, 22, 43.5]], "iscrowd": 0}, {"id": 5651, "image_id": 1001, "category_id": 5, "bbox": [3, 9, 7.644, 7.288], "area": 55.705, "segmentation": [[6.292, 16.288, 7.912, 12.34, 11, 10.5, 9.5, 9, 8.5, 9, 4, 14.5, 3.356, 15.276]], "iscrowd": 0}, {"id": 5652, "image_id": 1001, "category_id": 4, "bbox": [7, 9, 12.1, 20.202], "area": 244.444, "segmentation": [[18, 28.5, 18, 23.5, 19, 21.5, 18, 20.5, 18, 13.5, 17, 12.5, 17, 9.5, 14.5, 9, 12.064, 8.798, 11.5, 10, 11.051, 10.114, 9.735, 10.822, 8.824, 12.543, 6.9, 13.96, 8, 15.5, 8, 27.5, 16.5, 28, 17.5, 29]], "iscrowd": 0}, {"id": 5653, "image_id": 1001, "category_id": 6, "bbox": [7, 28, 11, 17.5], "area": 192.5, "segmentation": [[15, 45.5, 18, 43.5, 18, 30.5, 14.5, 28, 8.5, 28, 7, 30.5, 7, 37.5, 8, 38.5, 8, 42.5, 9, 43.5, 9, 45.5]], "iscrowd": 0}, {"id": 5654, "image_id": 1001, "category_id": 3, "bbox": [9, 46, 5.879, 12], "area": 70.547, "segmentation": [[12.874, 55.253, 13.987, 48.472, 14.5, 46, 10.5, 47, 8.621, 52.014, 9, 53.5, 10, 57.5, 11.5, 58, 12.266, 56.872, 12.469, 56.164]], "iscrowd": 0}, {"id": 5655, "image_id": 1001, "category_id": 2, "bbox": [2, 16, 5, 14], "area": 70, "segmentation": [[6, 29.5, 7, 28.5, 5.482, 27.319, 5.179, 18.109, 4.5, 16, 2, 18.5, 2, 27.5, 3.5, 28, 4.5, 30]], "iscrowd": 0}]}