{"categories": [{"id": 0, "name": "body-parts", "supercategory": "none"}, {"id": 1, "name": "Head", "supercategory": "body-parts"}, {"id": 2, "name": "Lower_Arm", "supercategory": "body-parts"}, {"id": 3, "name": "Lower_Leg", "supercategory": "body-parts"}, {"id": 4, "name": "Torso", "supercategory": "body-parts"}, {"id": 5, "name": "Upper_Arm", "supercategory": "body-parts"}, {"id": 6, "name": "Upper_Leg", "supercategory": "body-parts"}], "images": [{"id": 1435, "license": 1, "file_name": "2_prone1.jpg", "height": 64, "width": 27, "date_captured": "2023-06-08T19:45:40+00:00"}], "annotations": [{"id": 8111, "image_id": 1435, "category_id": 1, "bbox": [9, 3, 11, 7], "area": 77, "segmentation": [[13, 9.5, 19.5, 9, 20, 3.5, 10.5, 3, 9, 4.5, 9, 7.5, 11.5, 10]], "iscrowd": 0}, {"id": 8112, "image_id": 1435, "category_id": 4, "bbox": [6, 10, 16, 20], "area": 320, "segmentation": [[20, 29.5, 21, 28.5, 20, 27.5, 21, 26.5, 21, 20.5, 20, 19.5, 20, 15.5, 22, 13.5, 22, 12.5, 20.5, 11, 19.5, 12, 16.5, 12, 15.5, 13, 11.5, 13, 8.5, 10, 7, 11.5, 7, 13.5, 6, 14.5, 9, 16.5, 9, 27.5, 11.5, 30]], "iscrowd": 0}, {"id": 8113, "image_id": 1435, "category_id": 5, "bbox": [19, 11, 6, 12], "area": 72, "segmentation": [[25, 22.5, 25, 18.5, 24, 17.5, 24, 15.5, 22, 11.5, 20.5, 11, 19, 12.5, 22, 18.5, 22, 21.5, 23.5, 23]], "iscrowd": 0}, {"id": 8114, "image_id": 1435, "category_id": 5, "bbox": [5, 10, 6, 10], "area": 60, "segmentation": [[8, 19.5, 7, 17.5, 8.5, 17, 9, 14.5, 11, 13.5, 8.5, 10, 7, 10.5, 7, 12.5, 5, 15.5, 5, 18.5, 6.5, 20]], "iscrowd": 0}, {"id": 8115, "image_id": 1435, "category_id": 2, "bbox": [4, 19, 4, 14.5], "area": 58, "segmentation": [[8, 33.5, 8, 29.5, 7, 28.5, 7, 24.5, 6, 23.5, 7, 22.5, 7, 20.5, 5.5, 19, 4, 20.5, 4, 27.5, 5, 28.5, 5, 31.5, 6, 33.5]], "iscrowd": 0}, {"id": 8116, "image_id": 1435, "category_id": 2, "bbox": [22, 24, 4, 11.5], "area": 46, "segmentation": [[24, 35.5, 25, 34.5, 25, 29.5, 26, 28.5, 25.5, 24, 23.5, 24, 22, 26.5, 22, 35.5]], "iscrowd": 0}, {"id": 8117, "image_id": 1435, "category_id": 6, "bbox": [9, 30, 12, 21], "area": 252, "segmentation": [[20, 50.5, 21, 48.5, 21, 46.5, 20, 45.5, 20, 43.5, 21, 42.5, 21, 30.5, 10.5, 30, 10, 34.5, 9, 35.5, 9, 41.5, 10, 42.5, 10, 46.5, 9, 48.5, 10.5, 50, 13, 49.5, 13, 47.5, 15, 43.5, 15, 41.5, 14, 40.5, 15.5, 40, 16, 48.5, 18.5, 51]], "iscrowd": 0}]}