{"categories": [{"id": 0, "name": "body-parts", "supercategory": "none"}, {"id": 1, "name": "Head", "supercategory": "body-parts"}, {"id": 2, "name": "Lower_Arm", "supercategory": "body-parts"}, {"id": 3, "name": "Lower_Leg", "supercategory": "body-parts"}, {"id": 4, "name": "Torso", "supercategory": "body-parts"}, {"id": 5, "name": "Upper_Arm", "supercategory": "body-parts"}, {"id": 6, "name": "Upper_Leg", "supercategory": "body-parts"}], "images": [{"id": 625, "license": 1, "file_name": "2_prone4.jpg", "height": 64, "width": 27, "date_captured": "2023-06-08T19:45:40+00:00"}], "annotations": [{"id": 3509, "image_id": 625, "category_id": 1, "bbox": [9, 2, 10.2, 7.4], "area": 75.48, "segmentation": [[18.7, 5.1, 16.6, 8.2, 14.2, 9.3, 10.9, 9.3, 9.6, 7.4, 8.5, 5.6, 9, 3.5, 11, 2.5, 13.6, 1.9, 16, 3.2, 18.1, 4, 18.7, 4.8]], "iscrowd": 0}, {"id": 3510, "image_id": 625, "category_id": 2, "bbox": [1, 3, 4.1, 12.1], "area": 49.61, "segmentation": [[5, 4.9, 3.3, 8.3, 3.1, 10.8, 3.5, 13.7, 2.6, 15.3, 1.8, 14.3, 0.9, 11, 1, 8.7, 1.8, 6.8, 2.3, 5.1, 3.9, 3.2]], "iscrowd": 0}, {"id": 3511, "image_id": 625, "category_id": 2, "bbox": [21, 2, 6, 10.4], "area": 62.4, "segmentation": [[25.1, 10.5, 24.4, 5.7, 22.3, 3.9, 21, 2.8, 22.1, 1.7, 23.8, 2.3, 26.2, 4.3, 26.5, 5.7, 27, 8, 26.8, 10.9, 26.3, 12.1]], "iscrowd": 0}, {"id": 3512, "image_id": 625, "category_id": 4, "bbox": [8, 12, 14.2, 24.7], "area": 350.74, "segmentation": [[13.9, 12.9, 11.3, 13.4, 8.4, 16.6, 8.6, 19.3, 8.7, 22.1, 9.3, 25.4, 9.5, 29.2, 9.5, 30.4, 10, 32.4, 11.1, 35.4, 15.1, 36.8, 18.7, 36.3, 20.6, 36, 21.6, 34.3, 22.2, 27.8, 22.4, 26, 22.6, 22.1, 21.9, 17.2, 21.2, 15.8, 19.8, 13.6, 18, 12.3, 15.2, 12.1]], "iscrowd": 0}, {"id": 3513, "image_id": 625, "category_id": 6, "bbox": [14, 35, 7.2, 17.6], "area": 126.72, "segmentation": [[21.2, 35.3, 16.1, 37.2, 14.3, 38.4, 14.1, 43.1, 14.7, 46.1, 15.1, 48.1, 15.1, 51.3, 17.2, 52.9, 19.3, 52.9, 20.2, 50.9, 19.8, 47.6, 19.7, 45.3, 20.7, 41.9, 21.3, 37.7, 21.3, 36.1]], "iscrowd": 0}, {"id": 3514, "image_id": 625, "category_id": 6, "bbox": [1, 37, 7.6, 7.9], "area": 60.04, "segmentation": [[8.9, 38.6, 7.2, 40.8, 5.4, 43.4, 3.4, 44.5, 2.4, 45.2, 1.4, 44.2, 1.3, 43.1, 4.6, 40.2, 6.8, 37.3]], "iscrowd": 0}, {"id": 3515, "image_id": 625, "category_id": 3, "bbox": [3, 44, 5.4, 4.9], "area": 26.46, "segmentation": [[7.9, 48.6, 4.8, 46.5, 3.4, 45.2, 5.3, 43.7, 7.3, 43.9, 8.8, 46.8]], "iscrowd": 0}]}