{"categories": [{"id": 0, "name": "body-parts", "supercategory": "none"}, {"id": 1, "name": "Head", "supercategory": "body-parts"}, {"id": 2, "name": "Lower_Arm", "supercategory": "body-parts"}, {"id": 3, "name": "Lower_Leg", "supercategory": "body-parts"}, {"id": 4, "name": "Torso", "supercategory": "body-parts"}, {"id": 5, "name": "Upper_Arm", "supercategory": "body-parts"}, {"id": 6, "name": "Upper_Leg", "supercategory": "body-parts"}], "images": [{"id": 1575, "license": 1, "file_name": "2_prone3.jpg", "height": 64, "width": 27, "date_captured": "2023-06-08T19:45:40+00:00"}], "annotations": [{"id": 8906, "image_id": 1575, "category_id": 4, "bbox": [8, 12, 12.735, 18.321], "area": 233.314, "segmentation": [[10.026, 12.658, 8.961, 16.403, 8.54, 20.194, 8.225, 23.984, 8.225, 26.617, 9.382, 28.933, 13.066, 30.091, 18.539, 30.513, 19.486, 29.354, 20.854, 24.3, 20.959, 19.562, 20.538, 15.982, 18.223, 13.876, 16.329, 13.244, 12.224, 12.507, 10.645, 12.191]], "iscrowd": 0}, {"id": 8907, "image_id": 1575, "category_id": 6, "bbox": [9, 30, 12.314, 16.005], "area": 197.076, "segmentation": [[9.698, 30.302, 8.751, 34.303, 8.856, 37.567, 9.172, 39.463, 9.382, 41.463, 9.488, 42.621, 9.488, 44.727, 9.488, 45.148, 12.224, 45.78, 13.382, 45.254, 14.224, 42.832, 16.118, 45.148, 17.171, 45.991, 20.328, 44.622, 21.065, 42.2, 20.854, 37.988, 20.328, 33.356, 17.907, 30.618, 15.592, 29.986, 10.645, 29.986]], "iscrowd": 0}, {"id": 8908, "image_id": 1575, "category_id": 3, "bbox": [10, 46, 3.645, 8.845], "area": 32.236, "segmentation": [[10.158, 47, 10.54, 50.729, 11.277, 53.993, 12.224, 54.625, 12.224, 51.677, 12.961, 48.728, 13.803, 45.78, 11.487, 46.623, 10.645, 47.044]], "iscrowd": 0}, {"id": 8909, "image_id": 1575, "category_id": 3, "bbox": [16, 46, 2.933, 5.686], "area": 16.678, "segmentation": [[16.342, 46.211, 16.96, 49.992, 17.697, 51.571, 18.854, 50.518, 19.275, 47.36, 19.275, 46.201, 17.276, 45.885]], "iscrowd": 0}, {"id": 8910, "image_id": 1575, "category_id": 2, "bbox": [0, 4, 5.894, 3.159], "area": 18.617, "segmentation": [[3.594, 4.189, 0.331, 4.716, 1.068, 5.874, 3.699, 7.032, 6.014, 5.663, 6.225, 3.873]], "iscrowd": 0}, {"id": 8911, "image_id": 1575, "category_id": 2, "bbox": [23, 4, 4.342, 3.369], "area": 14.63, "segmentation": [[22.658, 4.5, 23.906, 6.506, 26.011, 6.927, 27, 5.979, 27, 4.4, 27, 3.557, 24.011, 3.557]], "iscrowd": 0}, {"id": 8912, "image_id": 1575, "category_id": 1, "bbox": [11, 4, 6.736, 3.264], "area": 21.986, "segmentation": [[11.277, 5.663, 11.171, 6.716, 13.276, 7.348, 16.539, 7.243, 17.907, 5.453, 15.908, 4.084, 13.171, 4.084, 11.171, 5.032]], "iscrowd": 0}]}