{"categories": [{"id": 0, "name": "body-parts", "supercategory": "none"}, {"id": 1, "name": "Head", "supercategory": "body-parts"}, {"id": 2, "name": "Lower_Arm", "supercategory": "body-parts"}, {"id": 3, "name": "Lower_Leg", "supercategory": "body-parts"}, {"id": 4, "name": "Torso", "supercategory": "body-parts"}, {"id": 5, "name": "Upper_Arm", "supercategory": "body-parts"}, {"id": 6, "name": "Upper_Leg", "supercategory": "body-parts"}], "images": [{"id": 223, "license": 1, "file_name": "2_prone2.jpg", "height": 64, "width": 27, "date_captured": "2023-06-08T19:45:40+00:00"}], "annotations": [{"id": 1259, "image_id": 223, "category_id": 1, "bbox": [10, 2, 10.5, 5.9], "area": 61.95, "segmentation": [[20, 4.9, 17.1, 7.8, 13.9, 8, 10.7, 7.3, 9.5, 6, 10.4, 4, 13.4, 2.4, 14.7, 2.1, 16.8, 2.6]], "iscrowd": 0}, {"id": 1260, "image_id": 223, "category_id": 4, "bbox": [8, 11, 12.8, 19.5], "area": 249.6, "segmentation": [[20.6, 11.4, 20.6, 16.8, 20.9, 21.8, 20.7, 26.8, 20.7, 28.9, 18.6, 30.3, 14.2, 30.4, 11.7, 30, 9, 28, 8.1, 23.1, 8.1, 20.6, 8.3, 17.7, 8.5, 15.4, 9, 12.8, 10, 11.1, 14.1, 11.3, 15.7, 11.3, 18.3, 10.9, 20.4, 11]], "iscrowd": 0}, {"id": 1261, "image_id": 223, "category_id": 6, "bbox": [9, 30, 12.2, 13.2], "area": 161.04, "segmentation": [[19.7, 30.4, 13.2, 30.3, 9.2, 30.5, 9.1, 37.5, 9, 40.5, 8.9, 43.3, 18.6, 43.1, 20.9, 42.6, 21, 38.7, 21.1, 35.7, 21, 31.7, 20.3, 30.1]], "iscrowd": 0}, {"id": 1262, "image_id": 223, "category_id": 3, "bbox": [9, 44, 10.7, 11], "area": 117.7, "segmentation": [[9.3, 44, 18.2, 43.7, 19.5, 45, 20, 49.4, 19.1, 52.8, 16.6, 53.8, 14.9, 54.7, 13.6, 53.9, 11, 51.8, 9.9, 50.5, 9.3, 48.7, 9.3, 45.5, 9.4, 45.2]], "iscrowd": 0}, {"id": 1263, "image_id": 223, "category_id": 5, "bbox": [4, 10, 4.9, 13.4], "area": 65.66, "segmentation": [[6.2, 10.4, 4.3, 14.6, 4.2, 18.8, 3.9, 22.2, 4.6, 23.2, 5.8, 23.8, 6.5, 23.8, 7, 20.9, 7, 18.8, 7.7, 16.1, 8.4, 13.2, 8.8, 11]], "iscrowd": 0}, {"id": 1264, "image_id": 223, "category_id": 5, "bbox": [21, 12, 5.1, 13.3], "area": 67.83, "segmentation": [[22.8, 11.9, 25.3, 16.5, 26.1, 19.5, 25.9, 23.1, 25.2, 25.2, 23.6, 25, 22.8, 23.7, 22.3, 21.1, 21.9, 18.5, 21.6, 17.2, 21.1, 14.2, 21, 13.2]], "iscrowd": 0}, {"id": 1265, "image_id": 223, "category_id": 2, "bbox": [4, 23, 3.1, 10.5], "area": 32.55, "segmentation": [[6.4, 33.8, 4.1, 29, 3.5, 25.9, 3.5, 25.5, 3.8, 23.3, 6, 24, 6.3, 27.1, 6.6, 30.7, 6.6, 32.1]], "iscrowd": 0}, {"id": 1266, "image_id": 223, "category_id": 2, "bbox": [22, 25, 3.2, 9.4], "area": 30.08, "segmentation": [[23.1, 34.3, 21.9, 32.2, 22.4, 29.1, 22.9, 26.5, 24.6, 25, 25.1, 26.5, 24.9, 28.8, 24.1, 32.1, 23.4, 34.4]], "iscrowd": 0}]}