{"categories": [{"id": 0, "name": "body-parts", "supercategory": "none"}, {"id": 1, "name": "Head", "supercategory": "body-parts"}, {"id": 2, "name": "Lower_Arm", "supercategory": "body-parts"}, {"id": 3, "name": "Lower_Leg", "supercategory": "body-parts"}, {"id": 4, "name": "Torso", "supercategory": "body-parts"}, {"id": 5, "name": "Upper_Arm", "supercategory": "body-parts"}, {"id": 6, "name": "Upper_Leg", "supercategory": "body-parts"}], "images": [{"id": 29, "license": 1, "file_name": "2_right6.jpg", "height": 64, "width": 27, "date_captured": "2023-06-08T19:45:40+00:00"}], "annotations": [{"id": 149, "image_id": 29, "category_id": 3, "bbox": [10, 42, 5.8, 21], "area": 121.8, "segmentation": [[10.6, 42.4, 15.1, 42.9, 16, 49.2, 16.2, 60.8, 12.9, 63.4, 10.4, 62.6, 12.1, 59.7, 11.8, 53.6, 11.1, 49.3, 11.1, 46.4]], "iscrowd": 0}, {"id": 150, "image_id": 29, "category_id": 6, "bbox": [11, 25, 13.3, 17.6], "area": 234.08, "segmentation": [[16, 40.5, 18.6, 36.5, 22.8, 33.1, 24, 30.1, 24, 26.7, 23.7, 24.6, 11.9, 25.4, 10.9, 30.4, 11.1, 34.5, 11.7, 36.8, 11.1, 40.4, 10.7, 41.9, 15.4, 42.2]], "iscrowd": 0}, {"id": 151, "image_id": 29, "category_id": 4, "bbox": [12, 6, 11.4, 19], "area": 216.6, "segmentation": [[23.7, 24.4, 22.7, 15.8, 22.7, 11.7, 22, 8.3, 17.4, 6.2, 17.1, 11.3, 13.7, 12.8, 13.4, 17.3, 13.3, 21.2, 12.3, 25.2]], "iscrowd": 0}, {"id": 152, "image_id": 29, "category_id": 5, "bbox": [5, 6, 12.2, 15.3], "area": 186.66, "segmentation": [[12.1, 6.3, 15.9, 6.2, 17, 7.1, 17.1, 11.2, 14.3, 12.6, 11.8, 15.3, 9.5, 19.3, 7.1, 21.5, 4.9, 18.8, 7.2, 16.7, 9.3, 13.5, 10.4, 8.1]], "iscrowd": 0}]}