{"categories": [{"id": 0, "name": "body-parts", "supercategory": "none"}, {"id": 1, "name": "Head", "supercategory": "body-parts"}, {"id": 2, "name": "Lower_Arm", "supercategory": "body-parts"}, {"id": 3, "name": "Lower_Leg", "supercategory": "body-parts"}, {"id": 4, "name": "Torso", "supercategory": "body-parts"}, {"id": 5, "name": "Upper_Arm", "supercategory": "body-parts"}, {"id": 6, "name": "Upper_Leg", "supercategory": "body-parts"}], "images": [{"id": 1377, "license": 1, "file_name": "2_right2.jpg", "height": 64, "width": 27, "date_captured": "2023-06-08T19:45:40+00:00"}], "annotations": [{"id": 7771, "image_id": 1377, "category_id": 1, "bbox": [9, 0, 4.736, 6.19], "area": 29.316, "segmentation": [[9.382, 5.874, 8.54, 3.557, 8.961, 0, 11.487, 0, 13.276, 1.241, 13.066, 3.873, 12.224, 5.032, 10.33, 6.19]], "iscrowd": 0}, {"id": 7772, "image_id": 1377, "category_id": 4, "bbox": [11, 6, 10.84, 17.058], "area": 184.91, "segmentation": [[11.474, 7.132, 11.277, 10.086, 12.224, 15.245, 11.592, 17.877, 11.908, 21.563, 15.066, 23.037, 20.433, 21.984, 21.801, 19.036, 22.117, 12.297, 21.801, 8.296, 19.591, 6.4, 15.908, 5.979, 14.539, 5.979, 12.855, 6.084, 12.224, 6.4]], "iscrowd": 0}, {"id": 7773, "image_id": 1377, "category_id": 6, "bbox": [3, 21, 18.523, 15.541], "area": 287.863, "segmentation": [[21.605, 21.079, 21.801, 25.037, 21.907, 28.512, 19.591, 32.618, 14.539, 33.356, 10.224, 33.461, 9.382, 34.935, 7.172, 36.514, 3.383, 36.62, 4.12, 35.777, 10.014, 30.407, 10.856, 26.511, 12.434, 21.563, 17.171, 22.405, 20.012, 21.352]], "iscrowd": 0}, {"id": 7774, "image_id": 1377, "category_id": 3, "bbox": [3, 37, 17.155, 13.162], "area": 225.789, "segmentation": [[4.12, 37.357, 11.803, 40.305, 16.855, 43.569, 18.539, 46.517, 20.012, 49.781, 20.117, 44.095, 18.118, 42.095, 11.698, 38.304, 10.014, 36.62, 9.593, 36.62, 5.804, 37.146, 5.067, 37.146, 2.962, 37.251]], "iscrowd": 0}, {"id": 7775, "image_id": 1377, "category_id": 2, "bbox": [6, 6, 5.683, 14.215], "area": 80.786, "segmentation": [[11.382, 13.455, 9.593, 18.404, 7.277, 20.089, 5.804, 20.194, 8.014, 13.455, 9.698, 5.979, 11.382, 9.559, 11.487, 12.086]], "iscrowd": 0}]}