{"categories": [{"id": 0, "name": "body-parts", "supercategory": "none"}, {"id": 1, "name": "Head", "supercategory": "body-parts"}, {"id": 2, "name": "Lower_Arm", "supercategory": "body-parts"}, {"id": 3, "name": "Lower_Leg", "supercategory": "body-parts"}, {"id": 4, "name": "Torso", "supercategory": "body-parts"}, {"id": 5, "name": "Upper_Arm", "supercategory": "body-parts"}, {"id": 6, "name": "Upper_Leg", "supercategory": "body-parts"}], "images": [{"id": 1728, "license": 1, "file_name": "2_right3.jpg", "height": 64, "width": 27, "date_captured": "2023-06-08T19:45:40+00:00"}], "annotations": [{"id": 9768, "image_id": 1728, "category_id": 1, "bbox": [12, 0, 4, 3], "area": 12, "segmentation": [[16, 2.5, 15.5, 0, 12.671, 0, 12, 1.5, 13.5, 3]], "iscrowd": 0}, {"id": 9769, "image_id": 1728, "category_id": 4, "bbox": [11, 5, 12.1, 16.902], "area": 204.507, "segmentation": [[23.1, 21.348, 23, 15.5, 22, 14.5, 22, 7.5, 20.5, 6, 19.354, 4.649, 15.405, 4.547, 13.5, 5, 11, 8.5, 11.152, 11.834, 12.671, 13.353, 13.279, 15.276, 13.481, 17.198, 14.089, 18.109, 14.392, 19.425, 14.494, 21.449]], "iscrowd": 0}, {"id": 9770, "image_id": 1728, "category_id": 5, "bbox": [8, 10, 5.569, 7.186], "area": 40.016, "segmentation": [[10.646, 16.186, 13.076, 13.15, 11.051, 9.911, 7.507, 15.883, 9.127, 17.097]], "iscrowd": 0}, {"id": 9771, "image_id": 1728, "category_id": 2, "bbox": [4, 25, 2, 2.5], "area": 5, "segmentation": [[6, 27.5, 6, 25.5, 4.5, 25, 4, 27.5]], "iscrowd": 0}, {"id": 9772, "image_id": 1728, "category_id": 2, "bbox": [6, 17, 4, 4.5], "area": 18, "segmentation": [[8, 21.5, 8, 20.5, 10, 18.5, 9.5, 17, 7.5, 17, 6, 19.5, 6, 21.5]], "iscrowd": 0}, {"id": 9773, "image_id": 1728, "category_id": 6, "bbox": [13, 21, 11.329, 19.578], "area": 221.794, "segmentation": [[16.62, 40.578, 22.5, 33, 23, 30.5, 24, 29.5, 24, 27.5, 23, 26.5, 23, 21.5, 21.075, 21.652, 19.5, 21, 15.5, 21, 14, 22.5, 14, 25.5, 13.38, 26.51, 13.177, 28.129, 12.874, 29.141, 12.874, 29.951, 12.671, 40.274]], "iscrowd": 0}, {"id": 9774, "image_id": 1728, "category_id": 3, "bbox": [12, 41, 6.633, 22.653], "area": 150.252, "segmentation": [[18, 59.5, 18.037, 56.973, 18, 55.5, 18, 51.5, 19, 50.5, 19, 48.5, 18, 47.5, 18, 44.5, 16, 42.5, 16, 41.5, 14.5, 41, 13, 42.5, 13, 45.5, 12.975, 47.46, 14.19, 58.492, 12.367, 63.653, 16.822, 60.921, 17.734, 60.313]], "iscrowd": 0}]}