{"categories": [{"id": 0, "name": "body-parts", "supercategory": "none"}, {"id": 1, "name": "Head", "supercategory": "body-parts"}, {"id": 2, "name": "Lower_Arm", "supercategory": "body-parts"}, {"id": 3, "name": "Lower_Leg", "supercategory": "body-parts"}, {"id": 4, "name": "Torso", "supercategory": "body-parts"}, {"id": 5, "name": "Upper_Arm", "supercategory": "body-parts"}, {"id": 6, "name": "Upper_Leg", "supercategory": "body-parts"}], "images": [{"id": 707, "license": 1, "file_name": "2_right7.jpg", "height": 64, "width": 27, "date_captured": "2023-06-08T19:45:40+00:00"}], "annotations": [{"id": 3976, "image_id": 707, "category_id": 3, "bbox": [11, 48, 5, 15.5], "area": 77.5, "segmentation": [[13, 63.5, 14.5, 63, 16, 60.5, 16, 49.5, 14.5, 48, 11, 48.5, 11, 51.5, 13, 54.5, 13, 61.5, 11, 63.5]], "iscrowd": 0}, {"id": 3977, "image_id": 707, "category_id": 6, "bbox": [10, 26, 12, 22], "area": 264, "segmentation": [[14, 47.5, 15, 46.5, 14, 44.5, 14, 41.5, 17, 38.5, 17, 36.5, 21, 32.5, 22, 30.5, 20.5, 26, 17.5, 26, 15.5, 28, 13.5, 28, 11, 31.5, 10, 45.5, 11.5, 48]], "iscrowd": 0}, {"id": 3978, "image_id": 707, "category_id": 4, "bbox": [13, 6, 8, 21], "area": 168, "segmentation": [[20, 26.5, 21, 24.5, 21, 19.5, 20, 18.5, 21, 16.5, 21, 9.5, 18.5, 7, 14.5, 6, 13, 7.5, 13, 19.5, 15, 21.5, 14, 23.5, 15, 24.5, 15.5, 27]], "iscrowd": 0}, {"id": 3979, "image_id": 707, "category_id": 5, "bbox": [8, 6, 6, 11], "area": 66, "segmentation": [[12, 16.5, 13, 15.5, 13, 12.5, 12, 11.5, 14, 7.5, 13.5, 6, 11.5, 6, 10, 7.5, 9, 9.5, 9, 14.5, 8, 15.5, 9.5, 17]], "iscrowd": 0}, {"id": 3980, "image_id": 707, "category_id": 2, "bbox": [5, 17, 4, 4.5], "area": 18, "segmentation": [[7, 21.5, 9, 19.5, 8.5, 17, 6.5, 17, 5, 19.5, 5, 21.5]], "iscrowd": 0}]}