{"categories": [{"id": 0, "name": "body-parts", "supercategory": "none"}, {"id": 1, "name": "Head", "supercategory": "body-parts"}, {"id": 2, "name": "Lower_Arm", "supercategory": "body-parts"}, {"id": 3, "name": "Lower_Leg", "supercategory": "body-parts"}, {"id": 4, "name": "Torso", "supercategory": "body-parts"}, {"id": 5, "name": "Upper_Arm", "supercategory": "body-parts"}, {"id": 6, "name": "Upper_Leg", "supercategory": "body-parts"}], "images": [{"id": 930, "license": 1, "file_name": "2_supine6.jpg", "height": 64, "width": 27, "date_captured": "2023-06-08T19:45:40+00:00"}], "annotations": [{"id": 5234, "image_id": 930, "category_id": 3, "bbox": [13, 48, 5, 15.5], "area": 77.5, "segmentation": [[17, 63.5, 16, 59.5, 17, 58.5, 18, 51.5, 17, 49.5, 15.5, 48, 14.5, 48, 14, 51.5, 13, 52.5, 13, 54.5, 15, 57.5, 15, 61.5, 14, 63.5]], "iscrowd": 0}, {"id": 5235, "image_id": 930, "category_id": 3, "bbox": [6, 48, 4, 15.5], "area": 62, "segmentation": [[10, 63.5, 9, 61.5, 9, 54.5, 10, 53.5, 10, 49.5, 8.5, 48, 7.5, 48, 6, 50.5, 6, 55.5, 7, 56.5, 7, 62.5, 6, 63.5]], "iscrowd": 0}, {"id": 5236, "image_id": 930, "category_id": 6, "bbox": [6, 26, 12, 18.5], "area": 222, "segmentation": [[15, 44.5, 17, 42.5, 17, 37.5, 18, 36.5, 18, 29.5, 14.5, 26, 13.5, 27, 6.5, 27, 6, 36.5, 7, 37.5, 7, 42.5, 8.5, 44, 9.5, 44, 10, 38.5, 12.5, 38, 13, 42.5, 14, 44.5]], "iscrowd": 0}, {"id": 5237, "image_id": 930, "category_id": 4, "bbox": [7, 10, 12, 16.5], "area": 198, "segmentation": [[10, 26.5, 12.5, 25, 13.5, 26, 15.5, 26, 17, 24.5, 17, 22.5, 18, 21.5, 18, 15.5, 19, 14.5, 19, 12.5, 17.5, 10, 16.5, 10, 14.5, 12, 7, 12.5, 7, 16.5, 8, 17.5, 8, 26.5]], "iscrowd": 0}, {"id": 5238, "image_id": 930, "category_id": 1, "bbox": [7, 1, 13, 7], "area": 91, "segmentation": [[14, 7.5, 17.5, 7, 20, 5.5, 17.5, 2, 15.5, 1, 8.5, 1, 7, 2.5, 7.5, 7, 10.5, 7, 11.5, 8]], "iscrowd": 0}, {"id": 5239, "image_id": 930, "category_id": 5, "bbox": [18, 11, 6, 11], "area": 66, "segmentation": [[24, 21.5, 24, 17.5, 23, 16.5, 23, 14.5, 19.5, 11, 18.5, 11, 18, 13.5, 19, 14.5, 19, 19.5, 21.5, 22]], "iscrowd": 0}, {"id": 5240, "image_id": 930, "category_id": 5, "bbox": [2, 10, 5, 11.5], "area": 57.5, "segmentation": [[5, 21.5, 6, 20.5, 6, 12.5, 7, 11.5, 6.5, 10, 3, 13.5, 4, 15.5, 2, 17.5, 2, 21.5]], "iscrowd": 0}]}