{"categories": [{"id": 0, "name": "body-parts", "supercategory": "none"}, {"id": 1, "name": "Head", "supercategory": "body-parts"}, {"id": 2, "name": "Lower_Arm", "supercategory": "body-parts"}, {"id": 3, "name": "Lower_Leg", "supercategory": "body-parts"}, {"id": 4, "name": "Torso", "supercategory": "body-parts"}, {"id": 5, "name": "Upper_Arm", "supercategory": "body-parts"}, {"id": 6, "name": "Upper_Leg", "supercategory": "body-parts"}], "images": [{"id": 1366, "license": 1, "file_name": "2_supine1.jpg", "height": 64, "width": 27, "date_captured": "2023-06-08T19:45:40+00:00"}], "annotations": [{"id": 7718, "image_id": 1366, "category_id": 1, "bbox": [10, 2, 8.847, 5.388], "area": 47.666, "segmentation": [[17.632, 6.875, 18.847, 3.839, 16.417, 1.612, 12.266, 1.916, 10, 4.5, 10, 5.5, 12.5, 7]], "iscrowd": 0}, {"id": 7719, "image_id": 1366, "category_id": 1, "bbox": [8, 12, 14, 12], "area": 168, "segmentation": [[19, 23.5, 20, 22.5, 21, 16.5, 22, 15.5, 21, 12.5, 20.5, 12, 18.5, 13, 17.5, 12, 12.5, 12, 11.5, 13, 9.5, 13, 8, 15.5, 10, 17.5, 10, 21.5, 11.5, 23, 13.5, 23, 14.5, 24]], "iscrowd": 0}]}