{"categories": [{"id": 0, "name": "body-parts", "supercategory": "none"}, {"id": 1, "name": "Head", "supercategory": "body-parts"}, {"id": 2, "name": "Lower_Arm", "supercategory": "body-parts"}, {"id": 3, "name": "Lower_Leg", "supercategory": "body-parts"}, {"id": 4, "name": "Torso", "supercategory": "body-parts"}, {"id": 5, "name": "Upper_Arm", "supercategory": "body-parts"}, {"id": 6, "name": "Upper_Leg", "supercategory": "body-parts"}], "images": [{"id": 289, "license": 1, "file_name": "2_supine3.jpg", "height": 64, "width": 27, "date_captured": "2023-06-08T19:45:40+00:00"}], "annotations": [{"id": 1633, "image_id": 289, "category_id": 1, "bbox": [11, 1, 6.104, 6.528], "area": 39.85, "segmentation": [[13.184, 6.605, 11.066, 5.453, 10.54, 3.663, 10.645, 2.189, 12.224, 0.714, 15.171, 0.504, 15.802, 1.136, 16.644, 3.452, 16.013, 5.558, 14.224, 7.032, 12.961, 6.506]], "iscrowd": 0}, {"id": 1634, "image_id": 289, "category_id": 4, "bbox": [8, 8, 13.892, 17.795], "area": 247.21, "segmentation": [[7.804, 8.506, 21.486, 8.19, 21.696, 13.35, 19.275, 24.406, 8.54, 25.985, 8.33, 15.666]], "iscrowd": 0}, {"id": 1635, "image_id": 289, "category_id": 6, "bbox": [8, 25, 12.945, 19.901], "area": 257.616, "segmentation": [[8.842, 26.079, 7.698, 31.987, 7.593, 34.935, 8.961, 44.517, 11.698, 42.2, 13.803, 37.883, 15.802, 44.517, 17.802, 42.305, 20.538, 35.356, 19.486, 24.616]], "iscrowd": 0}, {"id": 1636, "image_id": 289, "category_id": 3, "bbox": [8, 49, 3.157, 9.81], "area": 30.975, "segmentation": [[8.447, 49.237, 7.593, 59.047, 9.909, 57.047, 10.751, 49.36]], "iscrowd": 0}, {"id": 1637, "image_id": 289, "category_id": 3, "bbox": [15, 49, 3.263, 11.582], "area": 37.788, "segmentation": [[15.276, 49.992, 14.539, 60.205, 17.802, 54.835, 17.697, 50.94, 16.75, 48.623]], "iscrowd": 0}]}