{"categories": [{"id": 0, "name": "body-parts", "supercategory": "none"}, {"id": 1, "name": "Head", "supercategory": "body-parts"}, {"id": 2, "name": "Lower_Arm", "supercategory": "body-parts"}, {"id": 3, "name": "Lower_Leg", "supercategory": "body-parts"}, {"id": 4, "name": "Torso", "supercategory": "body-parts"}, {"id": 5, "name": "Upper_Arm", "supercategory": "body-parts"}, {"id": 6, "name": "Upper_Leg", "supercategory": "body-parts"}], "images": [{"id": 17, "license": 1, "file_name": "2_supine4.jpg", "height": 64, "width": 27, "date_captured": "2023-06-08T19:45:40+00:00"}], "annotations": [{"id": 91, "image_id": 17, "category_id": 1, "bbox": [11, 1, 5.788, 6.212], "area": 35.96, "segmentation": [[15.276, 6.716, 13.066, 5.874, 11.382, 3.452, 11.487, 1.662, 13.171, 0.609, 16.118, 0.504, 17.171, 1.767, 17.171, 3.873, 16.223, 5.979]], "iscrowd": 0}, {"id": 92, "image_id": 17, "category_id": 4, "bbox": [8, 9, 13.261, 15.748], "area": 208.832, "segmentation": [[13.447, 8.974, 10.751, 9.875, 8.856, 12.507, 8.54, 15.982, 8.54, 18.404, 8.435, 21.036, 8.751, 23.142, 10.856, 23.879, 17.697, 24.721, 19.907, 24.3, 20.433, 21.773, 21.591, 16.403, 21.696, 14.613, 20.749, 10.928, 19.17, 10.086, 16.223, 9.454, 15.066, 9.454, 14.434, 9.138]], "iscrowd": 0}, {"id": 93, "image_id": 17, "category_id": 6, "bbox": [8, 24, 12.945, 17.937], "area": 232.197, "segmentation": [[9.895, 23.842, 8.119, 27.986, 7.804, 30.197, 9.067, 33.25, 12.013, 34.514, 14.118, 35.146, 14.855, 37.251, 14.539, 41.253, 16.539, 41.779, 18.644, 36.725, 20.749, 33.356, 20.117, 26.722, 19.696, 25.564, 16.434, 25.564, 13.382, 25.459, 11.171, 24.932]], "iscrowd": 0}, {"id": 94, "image_id": 17, "category_id": 3, "bbox": [6, 43, 4.736, 9.687], "area": 45.879, "segmentation": [[7.804, 43.253, 6.856, 47.57, 6.33, 50.097, 6.962, 52.308, 8.751, 51.045, 10.435, 47.675, 11.066, 44.095, 10.856, 42.621, 8.33, 42.727, 7.698, 43.253, 7.698, 44.095, 7.698, 44.306, 8.751, 43.674]], "iscrowd": 0}, {"id": 95, "image_id": 17, "category_id": 3, "bbox": [13, 45, 3.263, 11.372], "area": 37.101, "segmentation": [[13.908, 45.359, 13.066, 51.361, 12.54, 54.309, 13.066, 56.731, 15.066, 53.256, 15.276, 51.15, 15.802, 48.939, 13.908, 45.57]], "iscrowd": 0}, {"id": 96, "image_id": 17, "category_id": 5, "bbox": [21, 11, 4.105, 8.95], "area": 36.736, "segmentation": [[22.222, 13.455, 23.801, 18.299, 25.38, 19.457, 25.38, 15.982, 24.432, 11.665, 23.801, 11.244, 21.801, 10.507, 21.275, 11.139, 21.486, 13.244]], "iscrowd": 0}, {"id": 97, "image_id": 17, "category_id": 5, "bbox": [1, 8, 11.472, 7.897], "area": 90.593, "segmentation": [[8.447, 13.447, 2.436, 16.193, 0.542, 15.245, 10.751, 8.296, 12.013, 9.138]], "iscrowd": 0}]}