{"categories": [{"id": 0, "name": "body-parts", "supercategory": "none"}, {"id": 1, "name": "Head", "supercategory": "body-parts"}, {"id": 2, "name": "Lower_Arm", "supercategory": "body-parts"}, {"id": 3, "name": "Lower_Leg", "supercategory": "body-parts"}, {"id": 4, "name": "Torso", "supercategory": "body-parts"}, {"id": 5, "name": "Upper_Arm", "supercategory": "body-parts"}, {"id": 6, "name": "Upper_Leg", "supercategory": "body-parts"}], "images": [{"id": 729, "license": 1, "file_name": "2_supine7.jpg", "height": 64, "width": 27, "date_captured": "2023-06-08T19:45:40+00:00"}], "annotations": [{"id": 4117, "image_id": 729, "category_id": 1, "bbox": [8, 1, 14, 7], "area": 98, "segmentation": [[20, 7.5, 22, 6.5, 22, 3.5, 20.5, 2, 18.949, 1.208, 16.5, 1, 12.5, 1, 10.5, 2, 8, 5.5, 11.5, 8]], "iscrowd": 0}, {"id": 4118, "image_id": 729, "category_id": 4, "bbox": [9, 10, 13, 19.5], "area": 253.5, "segmentation": [[11, 29.5, 13.5, 28, 15.5, 29, 16.5, 28, 19.5, 28, 20.5, 29, 21, 28.5, 22, 12.5, 19.5, 10, 12.5, 10, 9, 13.5, 9, 19.5, 10, 20.5, 10, 29.5]], "iscrowd": 0}, {"id": 4119, "image_id": 729, "category_id": 6, "bbox": [8, 27, 13.683, 11], "area": 150.509, "segmentation": [[14, 37.5, 20.5, 37, 22, 35.5, 22, 29.5, 20.5, 28, 17.5, 27, 16.5, 28, 12.5, 28, 8.317, 30.052, 8.621, 35.618, 10.14, 36.833, 11.456, 37.339, 13.5, 38]], "iscrowd": 0}]}